{"type":"FeatureCollection","features":[{"type":"Feature","properties":{"h3":"88608b0b6dfffff","score":95.6,"z":3.63,"type":"hot"},"geometry":{"type":"Polygon","coordinates":[[[72.88761838919083,19.072787410932698],[72.88762363805058,19.077534043908624],[72.88357712369086,19.079677847338928],[72.87952566494847,19.077075157912436],[72.87952055054647,19.0723287842901],[72.88356676043693,19.070184840741273],[72.88761838919083,19.072787410932698],[72.88761838919083,19.072787410932698]]]}},{"type":"Feature","properties":{"h3":"88608b0b65fffff","score":92.6,"z":3.27,"type":"hot"},"geometry":{"type":"Polygon","coordinates":[[[72.88357712369086,19.079677847338928],[72.88358230557536,19.08442417856951],[72.8795358942608,19.086567561018803],[72.87548460556732,19.083964752413586],[72.87547955813166,19.07921868053722],[72.87952566494847,19.077075157912436],[72.88357712369086,19.079677847338928],[72.88357712369086,19.079677847338928]]]}},{"type":"Feature","properties":{"h3":"88608b0b67fffff","score":85.1,"z":2.37,"type":"hot"},"geometry":{"type":"Polygon","coordinates":[[[72.87547955813166,19.07921868053722],[72.87548460556732,19.083964752413586],[72.87143860186278,19.086107854047505],[72.86738785525495,19.083505024030494],[72.86738294223682,19.07875921156688],[72.87142864141681,19.076615969708133],[72.87547955813166,19.07921868053722],[72.87547955813166,19.07921868053722]]]}},{"type":"Feature","properties":{"h3":"88608b0b63fffff","score":86,"z":2.48,"type":"hot"},"geometry":{"type":"Polygon","coordinates":[[[72.87142366144131,19.071869855497926],[72.87142864141681,19.076615969708133],[72.86738294223682,19.07875921156688],[72.86333256761202,19.0761564794332],[72.86332772203171,19.07141062469364],[72.86737311668884,19.069267242617745],[72.87142366144131,19.071869855497926],[72.87142366144131,19.071869855497926]]]}},{"type":"Feature","properties":{"h3":"88608b56bbfffff","score":84,"z":2.24,"type":"hot"},"geometry":{"type":"Polygon","coordinates":[[[72.89571717721783,19.07324573528834],[72.89572256056667,19.07799262755927],[72.89167563875793,19.080136711834502],[72.88762363805058,19.077534043908624],[72.88761838919083,19.072787410932698],[72.89166500655715,19.070643186588246],[72.89571717721783,19.07324573528834],[72.89571717721783,19.07324573528834]]]}},{"type":"Feature","properties":{"h3":"88608b56b3fffff","score":96.8,"z":3.78,"type":"hot"},"geometry":{"type":"Polygon","coordinates":[[[72.89167563875793,19.080136711834502],[72.89168095512254,19.084883302360783],[72.88763413629188,19.087026965664894],[72.88358230557536,19.08442417856951],[72.88357712369086,19.079677847338928],[72.88762363805058,19.077534043908624],[72.89167563875793,19.080136711834502],[72.89167563875793,19.080136711834502]]]}},{"type":"Feature","properties":{"h3":"88608b54d9fffff","score":83.5,"z":2.18,"type":"hot"},"geometry":{"type":"Polygon","coordinates":[[[72.88763413629188,19.087026965664894],[72.88763938567342,19.091773254323247],[72.88359266985944,19.09391649658937],[72.87954100917116,19.09131359038086],[72.8795358942608,19.086567561018803],[72.88358230557536,19.08442417856951],[72.88763413629188,19.087026965664894],[72.88763413629188,19.087026965664894]]]}},{"type":"Feature","properties":{"h3":"88608b0b29fffff","score":99,"z":4.04,"type":"hot"},"geometry":{"type":"Polygon","coordinates":[[[72.86738294223682,19.07875921156688],[72.86738785525495,19.083505024030494],[72.8633422592542,19.085647844888562],[72.85929205479447,19.083044993557774],[72.85928727616255,19.078299440565395],[72.86333256761202,19.0761564794332],[72.86738294223682,19.07875921156688],[72.86738294223682,19.07875921156688]]]}},{"type":"Feature","properties":{"h3":"88608b0b05fffff","score":86.9,"z":2.59,"type":"hot"},"geometry":{"type":"Polygon","coordinates":[[[72.86332772203171,19.07141062469364],[72.86333256761202,19.0761564794332],[72.85928727616255,19.078299440565395],[72.85523744369019,19.075696687225058],[72.85523273247377,19.07095109201462],[72.85927771937365,19.068807990616005],[72.86332772203171,19.07141062469364],[72.86332772203171,19.07141062469364]]]}},{"type":"Feature","properties":{"h3":"88608b0b0dfffff","score":83.4,"z":2.17,"type":"hot"},"geometry":{"type":"Polygon","coordinates":[[[72.86736820415899,19.064521086254157],[72.86737311668884,19.069267242617745],[72.86332772203171,19.07141062469364],[72.85927771937365,19.068807990616005],[72.85927294121664,19.06406209378093],[72.86331803135266,19.06191857149562],[72.86736820415899,19.064521086254157],[72.86736820415899,19.064521086254157]]]}},{"type":"Feature","properties":{"h3":"88608b0b47fffff","score":90.8,"z":3.06,"type":"hot"},"geometry":{"type":"Polygon","coordinates":[[[72.87140872250473,19.057630825437037],[72.87141370198528,19.062377283301387],[72.86736820415899,19.064521086254157],[72.86331803135266,19.06191857149562],[72.86331318625389,19.057172373159112],[72.86735837958747,19.05502843005394],[72.87140872250473,19.057630825437037],[72.87140872250473,19.057630825437037]]]}},{"type":"Feature","properties":{"h3":"88608b5693fffff","score":96,"z":3.68,"type":"hot"},"geometry":{"type":"Polygon","coordinates":[[[72.88760264365497,19.058546824345765],[72.88760789199303,19.06329380109026],[72.88356157906748,19.065438165496193],[72.87951032225085,19.062835693212065],[72.87950520835717,19.058088975878356],[72.88355121684357,19.055944471418616],[72.88760264365497,19.058546824345765],[72.88760264365497,19.058546824345765]]]}},{"type":"Feature","properties":{"h3":"88608b5691fffff","score":83.2,"z":2.14,"type":"hot"},"geometry":{"type":"Polygon","coordinates":[[[72.89570102824162,19.059004370701963],[72.89570641105531,19.06375160679867],[72.89165969072099,19.065896251990274],[72.88760789199303,19.06329380109026],[72.88760264365497,19.058546824345765],[72.89164905957703,19.056402039149702],[72.89570102824162,19.059004370701963],[72.89570102824162,19.059004370701963]]]}},{"type":"Feature","properties":{"h3":"88608b54ddfffff","score":88.4,"z":2.77,"type":"hot"},"geometry":{"type":"Polygon","coordinates":[[[72.89169158838028,19.094376138914633],[72.8916969052734,19.09912238482028],[72.88764988495835,19.101265486895617],[72.88359785225906,19.098662483256675],[72.88359266985944,19.09391649658937],[72.88763938567342,19.091773254323247],[72.89169158838028,19.094376138914633],[72.89169158838028,19.094376138914633]]]}},{"type":"Feature","properties":{"h3":"88608b0b25fffff","score":87,"z":2.6,"type":"hot"},"geometry":{"type":"Polygon","coordinates":[[[72.86739768177951,19.09299630463103],[72.867402595286,19.097741772646057],[72.86335679792161,19.099884032098007],[72.85930639164006,19.097280963874276],[72.8593016125332,19.092535755273136],[72.86334710531612,19.090393355482487],[72.86739768177951,19.09299630463103],[72.86739768177951,19.09299630463103]]]}},{"type":"Feature","properties":{"h3":"88608b0b2bfffff","score":86.3,"z":2.52,"type":"hot"},"geometry":{"type":"Polygon","coordinates":[[[72.85928727616255,19.078299440565395],[72.85929205479447,19.083044993557774],[72.85524686659124,19.085187533679502],[72.85119720434193,19.082584661132884],[72.85119256006494,19.07783936767019],[72.85523744369019,19.075696687225058],[72.85928727616255,19.078299440565395],[72.85928727616255,19.078299440565395]]]}},{"type":"Feature","properties":{"h3":"88608b0b09fffff","score":94.1,"z":3.45,"type":"hot"},"geometry":{"type":"Polygon","coordinates":[[[72.86331318625389,19.057172373159112],[72.86331803135266,19.06191857149562],[72.85927294121664,19.06406209378093],[72.85522331050909,19.061459557932046],[72.85521859976086,19.056713619181885],[72.85926338537745,19.05456995669492],[72.86331318625389,19.057172373159112],[72.86331318625389,19.057172373159112]]]}},{"type":"Feature","properties":{"h3":"88608b0b43fffff","score":91.7,"z":3.16,"type":"hot"},"geometry":{"type":"Polygon","coordinates":[[[72.86735346754583,19.0502819303393],[72.86735837958747,19.05502843005394],[72.86331318625389,19.057172373159112],[72.85926338537745,19.05456995669492],[72.85925860769524,19.049823716565957],[72.86330349653784,19.04767963331614],[72.86735346754583,19.0502819303393],[72.86735346754583,19.0502819303393]]]}},{"type":"Feature","properties":{"h3":"88608b0b4dfffff","score":86.4,"z":2.53,"type":"hot"},"geometry":{"type":"Polygon","coordinates":[[[72.88354603598911,19.051197452708152],[72.88355121684357,19.055944471418616],[72.87950520835717,19.058088975878356],[72.8754543234616,19.05548660167427],[72.87544927702918,19.050739842432435],[72.87949498107811,19.048595197926673],[72.88354603598911,19.051197452708152],[72.88354603598911,19.051197452708152]]]}},{"type":"Feature","properties":{"h3":"88608b569bfffff","score":93.3,"z":3.36,"type":"hot"},"geometry":{"type":"Polygon","coordinates":[[[72.89164374426925,19.051654761029134],[72.89164905957703,19.056402039149702],[72.88760264365497,19.058546824345765],[72.88355121684357,19.055944471418616],[72.88354603598911,19.051197452708152],[72.88759214750053,19.049052527515347],[72.89164374426925,19.051654761029134],[72.89164374426925,19.051654761029134]]]}},{"type":"Feature","properties":{"h3":"88608b5687fffff","score":94.6,"z":3.51,"type":"hot"},"geometry":{"type":"Polygon","coordinates":[[[72.9119176007928,19.074161476589047],[72.91192325321359,19.078908887274075],[72.90787551678899,19.081053533357473],[72.90382243233996,19.078450908726893],[72.90381691447081,19.073703757219597],[72.90786434650688,19.071558971165725],[72.9119176007928,19.074161476589047],[72.9119176007928,19.074161476589047]]]}},{"type":"Feature","properties":{"h3":"88608b56bdfffff","score":90.3,"z":3,"type":"hot"},"geometry":{"type":"Polygon","coordinates":[[[72.90787551678899,19.081053533357473],[72.90788110220768,19.08580064229922],[72.90383346862687,19.08794486743137],[72.89978055405226,19.085342123649845],[72.89977510317625,19.080595273886512],[72.90382243233996,19.078450908726893],[72.90787551678899,19.081053533357473],[72.90787551678899,19.081053533357473]]]}},{"type":"Feature","properties":{"h3":"88608b54c3fffff","score":84.9,"z":2.35,"type":"hot"},"geometry":{"type":"Polygon","coordinates":[[[72.89574947998676,19.101725366734772],[72.89575486440604,19.106471569707207],[72.89170753958828,19.1086145315842],[72.88765513486176,19.106011430687698],[72.88764988495835,19.101265486895617],[72.8916969052734,19.09912238482028],[72.89574947998676,19.101725366734772],[72.89574947998676,19.101725366734772]]]}},{"type":"Feature","properties":{"h3":"88608b54d5fffff","score":97.2,"z":3.82,"type":"hot"},"geometry":{"type":"Polygon","coordinates":[[[72.88764988495835,19.101265486895617],[72.88765513486176,19.106011430687698],[72.8836082175735,19.10815411160135],[72.87955635491919,19.10555098897119],[72.87955123950036,19.10080530441802],[72.88359785225906,19.098662483256675],[72.88764988495835,19.101265486895617],[72.88764988495835,19.101265486895617]]]}},{"type":"Feature","properties":{"h3":"88608b5499fffff","score":91.2,"z":3.1,"type":"hot"},"geometry":{"type":"Polygon","coordinates":[[[72.8714535437693,19.100344819439577],[72.87145852473489,19.105090244695315],[72.86741242278734,19.10723236380094],[72.86336164446523,19.10462919799776],[72.86335679792161,19.099884032098007],[72.867402595286,19.097741772646057],[72.8714535437693,19.100344819439577],[72.8714535437693,19.100344819439577]]]}},{"type":"Feature","properties":{"h3":"88608b549bfffff","score":94.4,"z":3.49,"type":"hot"},"geometry":{"type":"Polygon","coordinates":[[[72.86335679792161,19.099884032098007],[72.86336164446523,19.10462919799776],[72.85931595032878,19.106771036258777],[72.85526571426644,19.10416784901625],[72.85526100211348,19.09942294253091],[72.85930639164006,19.097280963874276],[72.86335679792161,19.099884032098007],[72.86335679792161,19.099884032098007]]]}},{"type":"Feature","properties":{"h3":"88608b0b3dfffff","score":85.4,"z":2.41,"type":"hot"},"geometry":{"type":"Polygon","coordinates":[[[72.85119256006494,19.07783936767019],[72.85119720434193,19.082584661132884],[72.84715242402987,19.08472692055784],[72.84310330405329,19.082124026893386],[72.84309879409989,19.07737899301879],[72.84714326980735,19.0752365932212],[72.85119256006494,19.07783936767019],[72.85119256006494,19.07783936767019]]]}},{"type":"Feature","properties":{"h3":"88608b56d7fffff","score":91.3,"z":3.12,"type":"hot"},"geometry":{"type":"Polygon","coordinates":[[[72.90784200816346,19.052568471258077],[72.90784759247174,19.0573162680229],[72.90380036196034,19.05946161480966],[72.89974785150534,19.05685930473021],[72.89974240171294,19.052111767258204],[72.90378932786749,19.04996628057341],[72.90784200816346,19.052568471258077],[72.90784200816346,19.052568471258077]]]}},{"type":"Feature","properties":{"h3":"88608b568bfffff","score":90.1,"z":2.97,"type":"hot"},"geometry":{"type":"Polygon","coordinates":[[[72.91190064465435,19.059918556531574],[72.91190629651322,19.06466631115676],[72.90785876164342,19.06681151803778],[72.90380587928101,19.06420911019995],[72.90380036196034,19.05946161480966],[72.90784759247174,19.0573162680229],[72.91190064465435,19.059918556531574],[72.91190064465435,19.059918556531574]]]}},{"type":"Feature","properties":{"h3":"88608b56abfffff","score":85.6,"z":2.43,"type":"hot"},"geometry":{"type":"Polygon","coordinates":[[[72.91597687943914,19.081511490109918],[72.9159825994318,19.08625885817142],[72.9119345586171,19.08840336427674],[72.90788110220768,19.08580064229922],[72.90787551678899,19.081053533357473],[72.91192325321359,19.078908887274075],[72.91597687943914,19.081511490109918],[72.91597687943914,19.081511490109918]]]}},{"type":"Feature","properties":{"h3":"88608b54c9fffff","score":86.9,"z":2.59,"type":"hot"},"geometry":{"type":"Polygon","coordinates":[[[72.90789227360038,19.09529451556944],[72.90789785957443,19.10004127977594],[72.90385002442878,19.102184943797837],[72.89979690776416,19.0995819837059],[72.89979145634621,19.09483547862051],[72.90383898704462,19.092691674506565],[72.90789227360038,19.09529451556944],[72.90789227360038,19.09529451556944]]]}},{"type":"Feature","properties":{"h3":"88608b5491fffff","score":83.4,"z":2.17,"type":"hot"},"geometry":{"type":"Polygon","coordinates":[[[72.86741242278734,19.10723236380094],[72.86741733678222,19.111977486818954],[72.86337133803417,19.11411918467675],[72.85932072991066,19.11151589992036],[72.85931595032878,19.106771036258777],[72.86336164446523,19.10462919799776],[72.86741242278734,19.10723236380094],[72.86741242278734,19.10723236380094]]]}},{"type":"Feature","properties":{"h3":"88608b0b31fffff","score":96.1,"z":3.69,"type":"hot"},"geometry":{"type":"Polygon","coordinates":[[[72.84309879409989,19.07737899301879],[72.84310330405329,19.082124026893386],[72.83905893172593,19.08426600566113],[72.83501035408419,19.081663090976804],[72.83500597842306,19.07691831674867],[72.83905004611923,19.074776197559054],[72.84309879409989,19.07737899301879],[72.84309879409989,19.07737899301879]]]}},{"type":"Feature","properties":{"h3":"88608b0b1dfffff","score":92.9,"z":3.31,"type":"hot"},"geometry":{"type":"Polygon","coordinates":[[[72.84712496318151,19.0562545636427],[72.84712953961058,19.061000242748083],[72.843085265136,19.063143203816836],[72.83903671881282,19.060540626081],[72.83903227667163,19.055795206678795],[72.84307624657355,19.053652105309865],[72.84712496318151,19.0562545636427],[72.84712496318151,19.0562545636427]]]}},{"type":"Feature","properties":{"h3":"88608b19b7fffff","score":91.9,"z":3.19,"type":"hot"},"geometry":{"type":"Polygon","coordinates":[[[72.86733873239709,19.03604174546948],[72.86734364395063,19.04078858798603],[72.86329865192056,19.042933091931697],[72.85924905280561,19.04033089344116],[72.85924427559814,19.035584310567355],[72.86328896316736,19.033439666541977],[72.86733873239709,19.03604174546948],[72.86733873239709,19.03604174546948]]]}},{"type":"Feature","properties":{"h3":"88608b19a3fffff","score":82.1,"z":2.01,"type":"hot"},"geometry":{"type":"Polygon","coordinates":[[[72.8835304944555,19.036955710622433],[72.88353567479508,19.041703072249003],[72.87948986769268,19.043848137430754],[72.87543918466585,19.041245980967716],[72.87543413873493,19.03649887886687],[72.87947964143,19.034353673703972],[72.8835304944555,19.036955710622433],[72.8835304944555,19.036955710622433]]]}},{"type":"Feature","properties":{"h3":"88608b19a1fffff","score":87.2,"z":2.62,"type":"hot"},"geometry":{"type":"Polygon","coordinates":[[[72.89162779940241,19.037412240599036],[72.89163311418193,19.042159861692745],[72.88758689968411,19.04430520755152],[72.88353567479508,19.041703072249003],[72.8835304944555,19.036955710622433],[72.88757640457283,19.03481022483185],[72.89162779940241,19.037412240599036],[72.89162779940241,19.037412240599036]]]}},{"type":"Feature","properties":{"h3":"88608b56d5fffff","score":88.6,"z":2.79,"type":"hot"},"geometry":{"type":"Polygon","coordinates":[[[72.91594256346383,19.053024872891577],[72.91594828231923,19.05777292889052],[72.91190064465435,19.059918556531574],[72.90784759247174,19.0573162680229],[72.90784200816346,19.052568471258077],[72.91188934149851,19.0504227037684],[72.91594256346383,19.053024872891577],[72.91594256346383,19.053024872891577]]]}},{"type":"Feature","properties":{"h3":"88608b56e3fffff","score":83.7,"z":2.2,"type":"hot"},"geometry":{"type":"Polygon","coordinates":[[[72.92812182001538,19.075076007092992],[72.92812774163316,19.079823935957315],[72.92407919096954,19.081969144006386],[72.92002502303042,19.079366563063356],[72.92001923602677,19.074618893259302],[72.92406748235595,19.0724735453386],[72.92812182001538,19.075076007092992],[72.92812182001538,19.075076007092992]]]}},{"type":"Feature","properties":{"h3":"88608b56a7fffff","score":84.4,"z":2.29,"type":"hot"},"geometry":{"type":"Polygon","coordinates":[[[72.9159940399858,19.095753249623833],[72.9159997605472,19.10050027289274],[72.91195151812748,19.10264421794718],[72.90789785957443,19.10004127977594],[72.90789227360038,19.09529451556944],[72.91194021159988,19.093150430472374],[72.9159940399858,19.095753249623833],[72.9159940399858,19.095753249623833]]]}},{"type":"Feature","properties":{"h3":"88608b54cdfffff","score":93.2,"z":3.34,"type":"hot"},"geometry":{"type":"Polygon","coordinates":[[[72.91195151812748,19.10264421794718],[72.91195717167234,19.10739093910442],[72.90790903207788,19.10953446302674],[72.90385554339522,19.106931405891988],[72.90385002442878,19.102184943797837],[72.90789785957443,19.10004127977594],[72.91195151812748,19.10264421794718],[72.91195151812748,19.10264421794718]]]}},{"type":"Feature","properties":{"h3":"88608b5481fffff","score":83.3,"z":2.16,"type":"hot"},"geometry":{"type":"Polygon","coordinates":[[[72.88766563519052,19.11550297297895],[72.88767088561585,19.120248571356264],[72.88362376683321,19.12239069072938],[72.87957170219275,19.119787352037907],[72.87956658626538,19.115042012842064],[72.8836134004883,19.112899753156793],[72.88766563519052,19.11550297297895],[72.88766563519052,19.11550297297895]]]}},{"type":"Feature","properties":{"h3":"88608b0941fffff","score":92.3,"z":3.24,"type":"hot"},"geometry":{"type":"Polygon","coordinates":[[[72.84716615650092,19.098961550875934],[72.84717073429455,19.103706197888464],[72.84312585606126,19.105847474579146],[72.83907670470538,19.103244244752062],[72.83907226123974,19.098499857270756],[72.84311683480985,19.096358440085936],[72.84716615650092,19.098961550875934],[72.84716615650092,19.098961550875934]]]}},{"type":"Feature","properties":{"h3":"88608b0b11fffff","score":87.1,"z":2.61,"type":"hot"},"geometry":{"type":"Polygon","coordinates":[[[72.83903227667163,19.055795206678795],[72.83903671881282,19.060540626081],[72.83499285230923,19.06268330660071],[72.83094484827144,19.060080708068213],[72.8309405403868,19.05533554842755],[72.83498410229119,19.053192727558464],[72.83903227667163,19.055795206678795],[72.83903227667163,19.055795206678795]]]}},{"type":"Feature","properties":{"h3":"88608b0b19fffff","score":84.5,"z":2.3,"type":"hot"},"geometry":{"type":"Polygon","coordinates":[[[72.84307173751637,19.048906384527623],[72.84307624657355,19.053652105309865],[72.83903227667163,19.055795206678795],[72.83498410229119,19.053192727558464],[72.83497972749953,19.048447266537146],[72.8390233928306,19.046304024875884],[72.84307173751637,19.048906384527623],[72.84307173751637,19.048906384527623]]]}},{"type":"Feature","properties":{"h3":"88608b19b3fffff","score":86.3,"z":2.52,"type":"hot"},"geometry":{"type":"Polygon","coordinates":[[[72.86328411903149,19.02869278265879],[72.86328896316736,19.033439666541977],[72.85924427559814,19.035584310567355],[72.85519504835996,19.03298221078207],[72.8551903385478,19.02823558659943],[72.85923472165791,19.026090802502154],[72.86328411903149,19.02869278265879],[72.86328411903149,19.02869278265879]]]}},{"type":"Feature","properties":{"h3":"88608b19b1fffff","score":84.3,"z":2.28,"type":"hot"},"geometry":{"type":"Polygon","coordinates":[[[72.87137884908516,19.029149677369745],[72.87138382757608,19.03389682089497],[72.86733873239709,19.03604174546948],[72.86328896316736,19.033439666541977],[72.86328411903149,19.02869278265879],[72.86732890977807,19.02654771806169],[72.87137884908516,19.029149677369745],[72.87137884908516,19.029149677369745]]]}},{"type":"Feature","properties":{"h3":"88608b19abfffff","score":92.6,"z":3.27,"type":"hot"},"geometry":{"type":"Polygon","coordinates":[[[72.88757115727795,19.030062562198157],[72.88757640457283,19.03481022483185],[72.8835304944555,19.036955710622433],[72.87947964143,19.034353673703972],[72.87947452855273,19.029606270595245],[72.88352013429119,19.027460644880613],[72.88757115727795,19.030062562198157],[72.88757115727795,19.030062562198157]]]}},{"type":"Feature","properties":{"h3":"88608b19a9fffff","score":82.1,"z":2.01,"type":"hot"},"geometry":{"type":"Polygon","coordinates":[[[72.89566873510437,19.030518552041443],[72.8956741168481,19.035266474141512],[72.89162779940241,19.037412240599036],[72.88757640457283,19.03481022483185],[72.88757115727795,19.030062562198157],[72.89161717037162,19.02791665586591],[72.89566873510437,19.030518552041443],[72.89566873510437,19.030518552041443]]]}},{"type":"Feature","properties":{"h3":"88608b19e5fffff","score":93.4,"z":3.37,"type":"hot"},"geometry":{"type":"Polygon","coordinates":[[[72.91186673743394,19.03142962590091],[72.91187238816921,19.036178066757685],[72.90782525634884,19.038324394666862],[72.90377277809917,19.0357224214958],[72.90376726187529,19.030974239988048],[72.90781408939749,19.028827772302908],[72.91186673743394,19.03142962590091],[72.91186673743394,19.03142962590091]]]}},{"type":"Feature","properties":{"h3":"88608b56e1fffff","score":90.3,"z":3,"type":"hot"},"geometry":{"type":"Polygon","coordinates":[[[72.93622535260121,19.075532817952666],[72.93623140886433,19.080281005818485],[72.93218245122274,19.08242649490945],[72.92812774163316,19.079823935957315],[72.92812182001538,19.075076007092992],[72.93217047334966,19.072930378179844],[72.93622535260121,19.075532817952666],[72.93622535260121,19.075532817952666]]]}},{"type":"Feature","properties":{"h3":"88608b56e7fffff","score":85.6,"z":2.43,"type":"hot"},"geometry":{"type":"Polygon","coordinates":[[[72.93218245122274,19.08242649490945],[72.93218844045704,19.08717438103423],[72.92813958545747,19.08931944920409],[72.9240850455674,19.086716771128916],[72.92407919096954,19.081969144006386],[72.92812774163316,19.079823935957315],[72.93218245122274,19.08242649490945],[72.93218245122274,19.08242649490945]]]}},{"type":"Feature","properties":{"h3":"88608b54e9fffff","score":85.2,"z":2.38,"type":"hot"},"geometry":{"type":"Polygon","coordinates":[[[72.91196847932422,19.11688403595365],[72.91197413343123,19.121630411523746],[72.90792579222175,19.123773374083136],[72.90387210139198,19.121170101237002],[72.90386658187681,19.116423984672505],[72.90791461860734,19.114280881949124],[72.91196847932422,19.11688403595365],[72.91196847932422,19.11688403595365]]]}},{"type":"Feature","properties":{"h3":"88608b54e1fffff","score":88.3,"z":2.76,"type":"hot"},"geometry":{"type":"Polygon","coordinates":[[[72.90792579222175,19.123773374083136],[72.90793137930669,19.128519447172856],[72.90388314097117,19.130661988409685],[72.89982962006601,19.128058596778207],[72.89982416756398,19.123312782694693],[72.90387210139198,19.121170101237002],[72.90792579222175,19.123773374083136],[72.90792579222175,19.123773374083136]]]}},{"type":"Feature","properties":{"h3":"88608b5485fffff","score":91.7,"z":3.16,"type":"hot"},"geometry":{"type":"Polygon","coordinates":[[[72.89172349238217,19.1228518881975],[72.89172881033261,19.127597443216203],[72.88768138698856,19.129739422269697],[72.8836289502633,19.127135986624694],[72.88362376683321,19.12239069072938],[72.88767088561585,19.120248571356264],[72.89172349238217,19.1228518881975],[72.89172349238217,19.1228518881975]]]}},{"type":"Feature","properties":{"h3":"88608b5487fffff","score":86.2,"z":2.5,"type":"hot"},"geometry":{"type":"Polygon","coordinates":[[[72.88362376683321,19.12239069072938],[72.8836289502633,19.127135986624694],[72.87958193455611,19.129277684645967],[72.87553004001488,19.126674227141514],[72.8755249910738,19.121929190428162],[72.87957170219275,19.119787352037907],[72.88362376683321,19.12239069072938],[72.88362376683321,19.12239069072938]]]}},{"type":"Feature","properties":{"h3":"88608b54bbfffff","score":93.8,"z":3.42,"type":"hot"},"geometry":{"type":"Polygon","coordinates":[[[72.86742716526045,19.121467387431647],[72.86743207974384,19.126212164904526],[72.86338587959204,19.12835330098039],[72.85933506960649,19.12574980005157],[72.85933028954949,19.12100528187762],[72.86337618505952,19.11886400533416],[72.86742716526045,19.121467387431647],[72.86742716526045,19.121467387431647]]]}},{"type":"Feature","properties":{"h3":"88608b0947fffff","score":84,"z":2.24,"type":"hot"},"geometry":{"type":"Polygon","coordinates":[[[72.84312585606126,19.105847474579146],[72.84313036691114,19.110591819352518],[72.83908559207823,19.112732674766523],[72.83503661109485,19.110129325958788],[72.83503223456401,19.105385240717077],[72.83907670470538,19.103244244752062],[72.84312585606126,19.105847474579146],[72.84312585606126,19.105847474579146]]]}},{"type":"Feature","properties":{"h3":"88608b0943fffff","score":86.2,"z":2.5,"type":"hot"},"geometry":{"type":"Polygon","coordinates":[[[72.83907226123974,19.098499857270756],[72.83907670470538,19.103244244752062],[72.83503223456401,19.105385240717077],[72.83098362565455,19.10278198974476],[72.83097931648555,19.09803786185299],[72.83502348193721,19.095896725344637],[72.83907226123974,19.098499857270756],[72.83907226123974,19.098499857270756]]]}},{"type":"Feature","properties":{"h3":"88608b0865fffff","score":84.9,"z":2.35,"type":"hot"},"geometry":{"type":"Polygon","coordinates":[[[72.82691411318997,19.07645733899733],[72.82691835459018,19.081201853520636],[72.82287479851247,19.08334327109271],[72.81882730572656,19.080740314662425],[72.81882319855592,19.075996059902188],[72.82286644994947,19.07385450180983],[72.82691411318997,19.07645733899733],[72.82691411318997,19.07645733899733]]]}},{"type":"Feature","properties":{"h3":"88608b0a2dfffff","score":91.4,"z":3.13,"type":"hot"},"geometry":{"type":"Polygon","coordinates":[[[72.8430582112408,19.03466853679758],[72.84306271984998,19.03941460021047],[72.83901895113075,19.041558262597132],[72.83497097835085,19.038956001799026],[72.83496660399383,19.034210198204175],[72.83901006817237,19.03206639559008],[72.8430582112408,19.03466853679758],[72.8430582112408,19.03466853679758]]]}},{"type":"Feature","properties":{"h3":"88608b0a67fffff","score":82.9,"z":2.11,"type":"hot"},"geometry":{"type":"Polygon","coordinates":[[[72.84709750779001,19.027778089328727],[72.84710208330971,19.03252445375239],[72.8430582112408,19.03466853679758],[72.83901006817237,19.03206639559008],[72.8390056269138,19.027320290983774],[72.84304919447037,19.025176067768253],[72.84709750779001,19.027778089328727],[72.84709750779001,19.027778089328727]]]}},{"type":"Feature","properties":{"h3":"88608b56c1fffff","score":92,"z":3.2,"type":"hot"},"geometry":{"type":"Polygon","coordinates":[[[72.93214651998532,19.05393676851037],[72.93215250802872,19.05868534280135],[72.92810405633963,19.06083153226885],[72.92404992089067,19.058229287195758],[72.9240440674569,19.053480972021422],[72.92809221487028,19.051334642804104],[72.93214651998532,19.05393676851037],[72.93214651998532,19.05393676851037]]]}},{"type":"Feature","properties":{"h3":"88608b5453fffff","score":88.9,"z":2.83,"type":"hot"},"geometry":{"type":"Polygon","coordinates":[[[72.93220041952118,19.096669808498696],[72.9322064093511,19.101417349716286],[72.92815735266615,19.10356185695414],[72.92410261052521,19.100958962918742],[72.9240967553452,19.09621168064611],[72.92814550766407,19.09406703346447],[72.93220041952118,19.096669808498696],[72.93220041952118,19.096669808498696]]]}},{"type":"Feature","properties":{"h3":"88608b54edfffff","score":84.4,"z":2.29,"type":"hot"},"geometry":{"type":"Polygon","coordinates":[[[72.91602836619836,19.124233662225013],[72.9160340878975,19.128979994262288],[72.91198544220751,19.131122816650194],[72.90793137930669,19.128519447172856],[72.90792579222175,19.123773374083136],[72.91197413343123,19.121630411523746],[72.91602836619836,19.124233662225013],[72.91602836619836,19.124233662225013]]]}},{"type":"Feature","properties":{"h3":"88608b0963fffff","score":90.3,"z":3,"type":"hot"},"geometry":{"type":"Polygon","coordinates":[[[72.84313938905917,19.120080163648453],[72.84314390035736,19.124824163049265],[72.83909892424167,19.126964456504847],[72.83504974155731,19.124360891175645],[72.83504536459151,19.119617151248924],[72.83909003598549,19.11747671717794],[72.84313938905917,19.120080163648453],[72.84313938905917,19.120080163648453]]]}},{"type":"Feature","properties":{"h3":"88608b095bfffff","score":82.1,"z":2.01,"type":"hot"},"geometry":{"type":"Polygon","coordinates":[[[72.82287479851247,19.08334327109271],[72.82287897300132,19.088087483743703],[72.81883552047587,19.0902284802002],[72.81478819818189,19.087625404583537],[72.81478415791359,19.08288145169609],[72.81882730572656,19.080740314662425],[72.82287479851247,19.08334327109271],[72.82287479851247,19.08334327109271]]]}},{"type":"Feature","properties":{"h3":"88608b0867fffff","score":88.3,"z":2.76,"type":"hot"},"geometry":{"type":"Polygon","coordinates":[[[72.81882319855592,19.075996059902188],[72.81882730572656,19.080740314662425],[72.81478415791359,19.08288145169609],[72.81073720764847,19.08027847453968],[72.81073323467608,19.075534479600826],[72.81477607777842,19.073393201997686],[72.81882319855592,19.075996059902188],[72.81882319855592,19.075996059902188]]]}},{"type":"Feature","properties":{"h3":"88608b0845fffff","score":91.5,"z":3.14,"type":"hot"},"geometry":{"type":"Polygon","coordinates":[[[72.82284975448238,19.05487558902622],[72.82285392814178,19.059620488847038],[72.81881087786016,19.06176260838713],[72.81476395857908,19.059159968554823],[72.81475991911351,19.054415328612155],[72.81880266474299,19.052273068624302],[72.82284975448238,19.05487558902622],[72.82284975448238,19.05487558902622]]]}},{"type":"Feature","properties":{"h3":"88608b0a6bfffff","score":83.7,"z":2.2,"type":"hot"},"geometry":{"type":"Polygon","coordinates":[[[72.84708378214007,19.0135383122649],[72.84708835720521,19.01828501852392],[72.8430446863091,19.02042966227385],[72.83899674483789,19.017827739870725],[72.83899230402055,19.013081293486064],[72.84303567043446,19.01093650963086],[72.84708378214007,19.0135383122649],[72.84708378214007,19.0135383122649]]]}},{"type":"Feature","properties":{"h3":"88608b1997fffff","score":82.5,"z":2.06,"type":"hot"},"geometry":{"type":"Polygon","coordinates":[[[72.86326958758646,19.014451446988566],[72.86327443124104,19.019198672821023],[72.85922994492513,19.02134387743285],[72.85518091939147,19.01874199621967],[72.85517621004728,19.013995030144734],[72.8592203919342,19.011849685526077],[72.86326958758646,19.014451446988566],[72.86326958758646,19.014451446988566]]]}},{"type":"Feature","properties":{"h3":"88608b1981fffff","score":82.7,"z":2.08,"type":"hot"},"geometry":{"type":"Polygon","coordinates":[[[72.8875554164363,19.015818889934625],[72.8875606632097,19.02056689468845],[72.88351495446642,19.022712940887534],[72.8794643033063,19.020111122192393],[72.87945919093714,19.015363377020478],[72.88350459533167,19.013217190962422],[72.8875554164363,19.015818889934625],[72.8875554164363,19.015818889934625]]]}},{"type":"Feature","properties":{"h3":"88608b1931fffff","score":82.4,"z":2.05,"type":"hot"},"geometry":{"type":"Polygon","coordinates":[[[72.92806853428606,19.03233949107709],[72.92807445413783,19.037088450455755],[72.92402650831944,19.039235339973345],[72.91997294690117,19.036633409790046],[72.91996716162325,19.031884709642924],[72.92401480319755,19.02973768044815],[72.92806853428606,19.03233949107709],[72.92806853428606,19.03233949107709]]]}},{"type":"Feature","properties":{"h3":"88608b563bfffff","score":85.1,"z":2.37,"type":"hot"},"geometry":{"type":"Polygon","coordinates":[[[72.95243526293358,19.07644553020046],[72.95244158858115,19.08119423589282],[72.94839181726712,19.083340287185422],[72.94433602456628,19.080737772509487],[72.94432983362655,19.075989325700952],[72.94837930068768,19.073843134685077],[72.95243526293358,19.07644553020046],[72.95243526293358,19.07644553020046]]]}},{"type":"Feature","properties":{"h3":"88608b5457fffff","score":84.5,"z":2.3,"type":"hot"},"geometry":{"type":"Polygon","coordinates":[[[72.93626169319126,19.10402022153649],[72.93626775065898,19.10876771953066],[72.9322183896065,19.110912086817198],[72.92816327546167,19.10830909606141],[72.92815735266615,19.10356185695414],[72.9322064093511,19.101417349716286],[72.93626169319126,19.10402022153649],[72.93626169319126,19.10402022153649]]]}},{"type":"Feature","properties":{"h3":"88608b0957fffff","score":89.4,"z":2.89,"type":"hot"},"geometry":{"type":"Polygon","coordinates":[[[72.82288732239387,19.09757556476037],[72.82289149729756,19.102319433004258],[72.81884784362019,19.10445986763698],[72.81480031978964,19.101856574668233],[72.81479627911989,19.09711296613047],[72.8188396280546,19.094972390855997],[72.82288732239387,19.09757556476037],[72.82288732239387,19.09757556476037]]]}},{"type":"Feature","properties":{"h3":"88608b0a23fffff","score":82.3,"z":2.04,"type":"hot"},"geometry":{"type":"Polygon","coordinates":[[[72.82687594690861,19.033751558654625],[72.82688018704481,19.03849710237305],[72.82283723433332,19.04064020391739],[72.81879034608713,19.03803790206978],[72.81878624014044,19.03329261828606],[72.82282888825827,19.031149376415904],[72.82687594690861,19.033751558654625],[72.82687594690861,19.033751558654625]]]}},{"type":"Feature","properties":{"h3":"88608b0a47fffff","score":83.6,"z":2.19,"type":"hot"},"geometry":{"type":"Polygon","coordinates":[[[72.84303116272106,19.00618976260435],[72.84303567043446,19.01093650963086],[72.83899230402055,19.013081293486064],[72.83494473438147,19.01047947041276],[72.83494036089353,19.005732983318275],[72.83898342282703,19.00358805936575],[72.84303116272106,19.00618976260435],[72.84303116272106,19.00618976260435]]]}},{"type":"Feature","properties":{"h3":"88608b1991fffff","score":88.4,"z":2.77,"type":"hot"},"geometry":{"type":"Polygon","coordinates":[[[72.86730926649207,19.007558295457336],[72.86731417706957,19.012305821929328],[72.86326958758646,19.014451446988566],[72.8592203919342,19.011849685526077],[72.859215615676,19.007102418810778],[72.86325990075858,19.004956653801923],[72.86730926649207,19.007558295457336],[72.86730926649207,19.007558295457336]]]}},{"type":"Feature","properties":{"h3":"88608b1989fffff","score":88.5,"z":2.78,"type":"hot"},"geometry":{"type":"Polygon","coordinates":[[[72.89159591442267,19.0089241179275],[72.89160122814586,19.013672423318354],[72.8875554164363,19.015818889934625],[72.88350459533167,19.013217190962422],[72.88349941602165,19.00846914515261],[72.88754492341093,19.006322538734583],[72.89159591442267,19.0089241179275],[72.89159591442267,19.0089241179275]]]}},{"type":"Feature","properties":{"h3":"88608b19c5fffff","score":86.2,"z":2.5,"type":"hot"},"geometry":{"type":"Polygon","coordinates":[[[72.90779175771466,19.009833158647382],[72.9077973403579,19.0145819830244],[72.9037507143002,19.01672901087454],[72.8996988098735,19.014127354051343],[72.89969336170591,19.009378789138072],[72.90373968349715,19.00723162158484],[72.90779175771466,19.009833158647382],[72.90779175771466,19.009833158647382]]]}},{"type":"Feature","properties":{"h3":"88608b1913fffff","score":83.8,"z":2.22,"type":"hot"},"geometry":{"type":"Polygon","coordinates":[[[72.915891102292,19.010287226318578],[72.91589681944215,19.015036310100644],[72.91184978635148,19.017183618626376],[72.9077973403579,19.0145819830244],[72.90779175771466,19.009833158647382],[72.91183848656586,19.007685710467896],[72.915891102292,19.010287226318578],[72.915891102292,19.010287226318578]]]}},{"type":"Feature","properties":{"h3":"88608b193dfffff","score":88.9,"z":2.83,"type":"hot"},"geometry":{"type":"Polygon","coordinates":[[[72.93617085526488,19.032793970066308],[72.93617690972178,19.037543188617747],[72.93212855704586,19.039690358998303],[72.92807445413783,19.037088450455755],[72.92806853428606,19.03233949107709],[72.93211658274498,19.030192181068767],[72.93617085526488,19.032793970066308],[72.93617085526488,19.032793970066308]]]}},{"type":"Feature","properties":{"h3":"88608b5639fffff","score":83,"z":2.12,"type":"hot"},"geometry":{"type":"Polygon","coordinates":[[[72.96054164036428,19.0769014313138],[72.96054810075087,19.081650395831108],[72.9564979227426,19.083796728283456],[72.95244158858115,19.08119423589282],[72.95243526293358,19.07644553020046],[72.95648513671625,19.074299058074345],[72.96054164036428,19.0769014313138],[72.96054164036428,19.0769014313138]]]}},{"type":"Feature","properties":{"h3":"88608b5403fffff","score":83.2,"z":2.14,"type":"hot"},"geometry":{"type":"Polygon","coordinates":[[[72.93627986619686,19.118262369881542],[72.93628592426703,19.12300952211629],[72.93223636147893,19.12515332821797],[72.9281810450262,19.12255012210117],[72.9281751216417,19.1178032286959],[72.93222438003207,19.115659282578502],[72.93627986619686,19.118262369881542],[72.93627986619686,19.118262369881542]]]}},{"type":"Feature","properties":{"h3":"88608b5439fffff","score":86.4,"z":2.53,"type":"hot"},"geometry":{"type":"Polygon","coordinates":[[[72.93223636147893,19.12515332821797],[72.93224235250028,19.129900177974186],[72.92819289238435,19.132043562782954],[72.9241377456812,19.129440237908675],[72.92413188933659,19.124693646982568],[72.9281810450262,19.12255012210117],[72.93223636147893,19.12515332821797],[72.93223636147893,19.12515332821797]]]}},{"type":"Feature","properties":{"h3":"88608b55d1fffff","score":88.7,"z":2.8,"type":"hot"},"geometry":{"type":"Polygon","coordinates":[[[72.91200240677766,19.145360558391573],[72.91200806200926,19.150106241142183],[72.90795931750945,19.15224808041211],[72.90390522232506,19.149644377224515],[72.90389970171213,19.144898953364372],[72.90794814167272,19.142756973801912],[72.91200240677766,19.145360558391573],[72.91200240677766,19.145360558391573]]]}},{"type":"Feature","properties":{"h3":"88608b54a7fffff","score":89.5,"z":2.9,"type":"hot"},"geometry":{"type":"Polygon","coordinates":[[[72.88769714035276,19.143974833123387],[72.88770239182222,19.148719739026724],[72.88365486999064,19.150860734755714],[72.87960240131746,19.148256965022647],[72.87959728437278,19.14351231818558],[72.88364450158431,19.14137118201591],[72.88769714035276,19.143974833123387],[72.88769714035276,19.143974833123387]]]}},{"type":"Feature","properties":{"h3":"88608b464bfffff","score":82.1,"z":2.01,"type":"hot"},"geometry":{"type":"Polygon","coordinates":[[[72.87149837840153,19.14304950022021],[72.87150336085276,19.14779388793247],[72.86745665460353,19.149934321499515],[72.86340527058456,19.147330507894242],[72.86340042259548,19.14258637936523],[72.86744682417104,19.14044580525884],[72.87149837840153,19.14304950022021],[72.87149837840153,19.14304950022021]]]}},{"type":"Feature","properties":{"h3":"88608b465dfffff","score":85.3,"z":2.4,"type":"hot"},"geometry":{"type":"Polygon","coordinates":[[[72.86340042259548,19.14258637936523],[72.86340527058456,19.147330507894242],[72.85935897226727,19.149470660439977],[72.85530813066913,19.146866825045983],[72.85530341711086,19.14212295575868],[72.85934941072776,19.13998266262428],[72.86340042259548,19.14258637936523],[72.86340042259548,19.14258637936523]]]}},{"type":"Feature","properties":{"h3":"88608b4653fffff","score":82.9,"z":2.11,"type":"hot"},"geometry":{"type":"Polygon","coordinates":[[[72.8472073621038,19.141659229538526],[72.8472119412626,19.1464028395257],[72.84316645909036,19.148542430148282],[72.83911670252084,19.14593855147146],[72.83911225773018,19.14119520084278],[72.84315743514873,19.139055469532998],[72.8472073621038,19.141659229538526],[72.8472073621038,19.141659229538526]]]}},{"type":"Feature","properties":{"h3":"88608b082bfffff","score":82.9,"z":2.11,"type":"hot"},"geometry":{"type":"Polygon","coordinates":[[[72.80264422170535,19.0750725982307],[72.80264806051086,19.079816333289955],[72.79860572950689,19.08195690936579],[72.79455986446851,19.079353891050776],[72.7945561597985,19.074610415929254],[72.79859818603919,19.072469699185696],[72.80264422170535,19.0750725982307],[72.80264422170535,19.0750725982307]]]}},{"type":"Feature","properties":{"h3":"88608b0a35fffff","score":86.5,"z":2.54,"type":"hot"},"geometry":{"type":"Polygon","coordinates":[[[72.81878624014044,19.03329261828606],[72.81879034608713,19.03803790206978],[72.81474780151939,19.04018072325211],[72.81070145563287,19.037578401026373],[72.81069748384435,19.032833377235637],[72.81473972379202,19.030690415678333],[72.81878624014044,19.03329261828606],[72.81878624014044,19.03329261828606]]]}},{"type":"Feature","properties":{"h3":"88608b191dfffff","score":86.8,"z":2.58,"type":"hot"},"geometry":{"type":"Polygon","coordinates":[[[72.93209263652399,19.011194455599],[72.93209862278168,19.01594405801487],[72.92805077590768,19.018091928009174],[72.92399724696918,19.015490335143102],[72.92399139528086,19.010740992014735],[72.92803893796948,19.008592982465494],[72.93209263652399,19.011194455599],[72.93209263652399,19.011194455599]]]}},{"type":"Feature","properties":{"h3":"88608b5619fffff","score":89,"z":2.84,"type":"hot"},"geometry":{"type":"Polygon","coordinates":[[[72.95645956720651,19.05530234075985],[72.9564659592661,19.060051692047765],[72.95241628724901,19.062198724549148],[72.94836052737425,19.05959654536461],[72.94835427001796,19.05484745301683],[72.95240363784092,19.052700280913996],[72.95645956720651,19.05530234075985],[72.95645956720651,19.05530234075985]]]}},{"type":"Feature","properties":{"h3":"88608b544bfffff","score":87.6,"z":2.67,"type":"hot"},"geometry":{"type":"Polygon","coordinates":[[[72.95651710337168,19.09804237166265],[72.95652349733864,19.10279068936228],[72.95247321996452,19.10493604017083],[72.9484168529157,19.102333213075674],[72.94841059369232,19.09758515414451],[72.952460566782,19.095439663540578],[72.95651710337168,19.09804237166265],[72.95651710337168,19.09804237166265]]]}},{"type":"Feature","properties":{"h3":"88608b4619fffff","score":82.7,"z":2.08,"type":"hot"},"geometry":{"type":"Polygon","coordinates":[[[72.84316645909036,19.148542430148282],[72.84317097128543,19.15328573716133],[72.83912559254398,19.155424906138148],[72.83507600639743,19.152820908846465],[72.83507162856151,19.14807786119222],[72.83911670252084,19.14593855147146],[72.84316645909036,19.148542430148282],[72.84316645909036,19.148542430148282]]]}},{"type":"Feature","properties":{"h3":"88608b093dfffff","score":83.7,"z":2.2,"type":"hot"},"geometry":{"type":"Polygon","coordinates":[[[72.82291237389039,19.126037049144998],[72.82291654962387,19.130780226931535],[72.8188724935826,19.132919537354116],[72.81482456661874,19.130315810761374],[72.81482052514592,19.12557289256589],[72.81886427638413,19.123433441372715],[72.82291237389039,19.126037049144998],[72.82291237389039,19.126037049144998]]]}},{"type":"Feature","properties":{"h3":"88608b0939fffff","score":82.1,"z":2.01,"type":"hot"},"geometry":{"type":"Polygon","coordinates":[[[72.81886016798903,19.118690220569157],[72.81886427638413,19.123433441372715],[72.81482052514592,19.12557289256589],[72.81077297032161,19.122969263719185],[72.81076899616482,19.118226302564587],[72.81481244260186,19.116086710608382],[72.81886016798903,19.118690220569157],[72.81886016798903,19.118690220569157]]]}},{"type":"Feature","properties":{"h3":"88608b080bfffff","score":86.4,"z":2.53,"type":"hot"},"geometry":{"type":"Polygon","coordinates":[[[72.79858310060241,19.0534939052951],[72.7985868717743,19.05823802530679],[72.79454504652443,19.060379303674157],[72.79049975484169,19.057776602625673],[72.79049611776958,19.053032742666762],[72.7945376382883,19.050891323704228],[72.79858310060241,19.0534939052951],[72.79858310060241,19.0534939052951]]]}},{"type":"Feature","properties":{"h3":"88608b0a03fffff","score":85.5,"z":2.42,"type":"hot"},"geometry":{"type":"Polygon","coordinates":[[[72.82281219776631,19.012166353779275],[72.82281637018205,19.01691228024012],[72.81877392311613,19.01905608299207],[72.81472760820392,19.0164540995367],[72.81472356994199,19.011708433125225],[72.81876571244628,19.009564490120436],[72.82281219776631,19.012166353779275],[72.82281219776631,19.012166353779275]]]}},{"type":"Feature","properties":{"h3":"88608b1929fffff","score":82.8,"z":2.1,"type":"hot"},"geometry":{"type":"Polygon","coordinates":[[[72.95237834154025,19.03370202016176],[72.95238466530103,19.038451756882214],[72.94833549919339,19.040599489106082],[72.94428031349543,19.037997624138946],[72.94427412440223,19.033248146473547],[72.94832298634722,19.0311002747208],[72.95237834154025,19.03370202016176],[72.95237834154025,19.03370202016176]]]}},{"type":"Feature","properties":{"h3":"88608b5605fffff","score":84.1,"z":2.25,"type":"hot"},"geometry":{"type":"Polygon","coordinates":[[[72.97675723896349,19.07781232283239],[72.97676396892182,19.08256180482276],[72.97271297780934,19.084708699712376],[72.96865556091723,19.082106252186886],[72.96864896576038,19.077357028903556],[72.97269965270196,19.075209994439213],[72.97675723896349,19.07781232283239],[72.97675723896349,19.07781232283239]]]}},{"type":"Feature","properties":{"h3":"88608b55c9fffff","score":82.9,"z":2.11,"type":"hot"},"geometry":{"type":"Polygon","coordinates":[[[72.93631621763052,19.146743551444278],[72.93632227690584,19.151490010514138],[72.93227231058626,19.153632693682123],[72.92821658945716,19.151029057925008],[72.92821066489437,19.14628285756949],[72.93226032675595,19.14414003425727],[72.93631621763052,19.146743551444278],[72.93631621763052,19.146743551444278]]]}},{"type":"Feature","properties":{"h3":"88608b09cdfffff","score":82.8,"z":2.1,"type":"hot"},"geometry":{"type":"Polygon","coordinates":[[[72.79861704564522,19.09618686480963],[72.79862081794116,19.10092995376047],[72.79457838965887,19.103069546692783],[72.79053249391019,19.10046619146414],[72.79052885575408,19.095723362394025],[72.79457097921465,19.09358362867252],[72.79861704564522,19.09618686480963],[72.79861704564522,19.09618686480963]]]}},{"type":"Feature","properties":{"h3":"88608b0859fffff","score":82.9,"z":2.11,"type":"hot"},"geometry":{"type":"Polygon","coordinates":[[[72.8026096781752,19.032373835640506],[72.80261351583688,19.037118599380015],[72.79857178783595,19.039260859956745],[72.7945265268539,19.036658497267887],[72.79452282328768,19.031913993637797],[72.79856424661585,19.02977159258784],[72.8026096781752,19.032373835640506],[72.8026096781752,19.032373835640506]]]}},{"type":"Feature","properties":{"h3":"88608b19d9fffff","score":86.3,"z":2.52,"type":"hot"},"geometry":{"type":"Polygon","coordinates":[[[72.88752393944559,18.987328471276566],[72.88752918517626,18.992077158620443],[72.88348387912093,18.99422432506759],[72.87943363163124,18.991622943900087],[72.87942852027801,18.986874516251746],[72.88347352204484,18.98472721007599],[72.88752393944559,18.987328471276566],[72.88752393944559,18.987328471276566]]]}},{"type":"Feature","properties":{"h3":"88608b1823fffff","score":86,"z":2.48,"type":"hot"},"geometry":{"type":"Polygon","coordinates":[[[72.91181588924077,18.988688528411323],[72.9118215382913,18.993437994489984],[72.90777501089458,18.995586002519794],[72.90372313866297,18.99298468405216],[72.90371762408364,18.988235477493067],[72.90776384727253,18.98608732988265],[72.91181588924077,18.988688528411323],[72.91181588924077,18.988688528411323]]]}},{"type":"Feature","properties":{"h3":"88608b55ebfffff","score":82.2,"z":2.02,"type":"hot"},"geometry":{"type":"Polygon","coordinates":[[[72.93229028782167,19.167870814455288],[72.93229628063084,19.172616622905693],[72.9282462152176,19.174758322661994],[72.92419046151977,19.172154354233477],[72.92418460342763,19.16740880444021],[72.9282343643241,19.165266964418866],[72.93229028782167,19.167870814455288],[72.93229028782167,19.167870814455288]]]}},{"type":"Feature","properties":{"h3":"88608b5597fffff","score":82.6,"z":2.07,"type":"hot"},"geometry":{"type":"Polygon","coordinates":[[[72.89177136028155,19.16555772525409],[72.89177667981849,19.170302239831894],[72.88772865178045,19.172442532945617],[72.8836756088652,19.16983845199427],[72.88367042388879,19.16509419636684],[72.88771814727495,19.16295376274097],[72.89177136028155,19.16555772525409],[72.89177136028155,19.16555772525409]]]}},{"type":"Feature","properties":{"h3":"88608b460dfffff","score":82.9,"z":2.11,"type":"hot"},"geometry":{"type":"Polygon","coordinates":[[[72.86747140147388,19.16416622865059],[72.86747631742317,19.16890996620171],[72.86342951293986,19.171049415807616],[72.85937809724741,19.168445268523172],[72.85937331576473,19.163701790097925],[72.86341981551573,19.161562199831835],[72.86747140147388,19.16416622865059],[72.86747140147388,19.16416622865059]]]}},{"type":"Feature","properties":{"h3":"883da11463fffff","score":86.6,"z":2.55,"type":"hot"},"geometry":{"type":"Polygon","coordinates":[[[77.20263579717158,28.617865973571746],[77.20302353726414,28.613112288691493],[77.20813176546943,28.611106729065977],[77.21285265042462,28.613854492841043],[77.21246561754843,28.61860819326145],[77.20735699249178,28.62061411439976],[77.20263579717158,28.617865973571746],[77.20263579717158,28.617865973571746]]]}},{"type":"Feature","properties":{"h3":"883da11461fffff","score":92.9,"z":3.31,"type":"hot"},"geometry":{"type":"Polygon","coordinates":[[[77.19280598281044,28.61712303477116],[77.19319443009569,28.61236936560954],[77.19830300879711,28.610364173259786],[77.20302353726414,28.613112288691493],[77.20263579717158,28.617865973571746],[77.19752682141034,28.61987152733479],[77.19280598281044,28.61712303477116],[77.19280598281044,28.61712303477116]]]}},{"type":"Feature","properties":{"h3":"883da11429fffff","score":85,"z":2.36,"type":"hot"},"geometry":{"type":"Polygon","coordinates":[[[77.20813176546943,28.611106729065977],[77.2085190683412,28.606353415490723],[77.21362654910013,28.60434785020859],[77.21834712362755,28.607095236986527],[77.2179605278327,28.61184856601061],[77.21285265042462,28.613854492841043],[77.20813176546943,28.611106729065977],[77.20813176546943,28.611106729065977]]]}},{"type":"Feature","properties":{"h3":"883da11405fffff","score":99,"z":4.04,"type":"hot"},"geometry":{"type":"Polygon","coordinates":[[[77.21246561754843,28.61860819326145],[77.21285265042462,28.613854492841043],[77.2179605278327,28.61184856601061],[77.22268176899857,28.61459597802147],[77.22229544336234,28.619349693803517],[77.21718716931142,28.6213559822462],[77.21246561754843,28.61860819326145],[77.21246561754843,28.61860819326145]]]}},{"type":"Feature","properties":{"h3":"883da1140dfffff","score":83.5,"z":2.18,"type":"hot"},"geometry":{"type":"Polygon","coordinates":[[[77.2069695223619,28.625368186066407],[77.20735699249178,28.62061411439976],[77.21246561754843,28.61860819326145],[77.21718716931142,28.6213559822462],[77.21680040656105,28.626110069365815],[77.21169138465928,28.62811635208086],[77.2069695223619,28.625368186066407],[77.2069695223619,28.625368186066407]]]}},{"type":"Feature","properties":{"h3":"883da11469fffff","score":89.8,"z":2.94,"type":"hot"},"geometry":{"type":"Polygon","coordinates":[[[77.18730777182793,28.623882261313245],[77.1876966566458,28.619128221088133],[77.19280598281044,28.61712303477116],[77.19752682141034,28.61987152733479],[77.19713864392457,28.62462558336994],[77.1920289204978,28.626631131064574],[77.18730777182793,28.623882261313245],[77.18730777182793,28.623882261313245]]]}},{"type":"Feature","properties":{"h3":"883da1146dfffff","score":88,"z":2.72,"type":"hot"},"geometry":{"type":"Polygon","coordinates":[[[77.18297617504363,28.616379376896628],[77.18336532949778,28.611625723632137],[77.18847425839421,28.60962089862889],[77.19319443009569,28.61236936560954],[77.19280598281044,28.61712303477116],[77.1876966566458,28.619128221088133],[77.18297617504363,28.616379376896628],[77.18297617504363,28.616379376896628]]]}},{"type":"Feature","properties":{"h3":"883da11465fffff","score":82.5,"z":2.06,"type":"hot"},"geometry":{"type":"Polygon","coordinates":[[[77.18847425839421,28.60962089862889],[77.18886297534881,28.604867616486654],[77.1939711569843,28.602862785486213],[77.19869101872217,28.60561087531182],[77.19830300879711,28.610364173259786],[77.19319443009569,28.61236936560954],[77.18847425839421,28.60962089862889],[77.18847425839421,28.60962089862889]]]}},{"type":"Feature","properties":{"h3":"883da11409fffff","score":83.5,"z":2.18,"type":"hot"},"geometry":{"type":"Polygon","coordinates":[[[77.21130418462232,28.632870810387917],[77.21169138465928,28.62811635208086],[77.21680040656105,28.626110069365815],[77.22152262525576,28.62885788335033],[77.22113613276147,28.633612357023132],[77.2160267140209,28.63561900137882],[77.21130418462232,28.632870810387917],[77.21130418462232,28.632870810387917]]]}},{"type":"Feature","properties":{"h3":"883da11551fffff","score":96.3,"z":3.72,"type":"hot"},"geometry":{"type":"Polygon","coordinates":[[[77.18964024147901,28.595361810606608],[77.19002879067867,28.59060928696057],[77.19513582829279,28.58860481148973],[77.19985471356816,28.591352498377116],[77.19946687109567,28.5961050378246],[77.19435943661169,28.598109874616377],[77.18964024147901,28.595361810606608],[77.18964024147901,28.595361810606608]]]}},{"type":"Feature","properties":{"h3":"883da11425fffff","score":97.2,"z":3.82,"type":"hot"},"geometry":{"type":"Polygon","coordinates":[[[77.20929350691057,28.596847546753132],[77.20968064263216,28.592094991682572],[77.214786979601,28.590089782469413],[77.21950657729272,28.592836766840122],[77.2191201483456,28.59758933735541],[77.21401341492341,28.59959490808837],[77.20929350691057,28.596847546753132],[77.20929350691057,28.596847546753132]]]}},{"type":"Feature","properties":{"h3":"883da11439fffff","score":95.2,"z":3.58,"type":"hot"},"geometry":{"type":"Polygon","coordinates":[[[77.23212527403463,28.620090475161373],[77.23251089240748,28.61533674419617],[77.23761806731817,28.61333008316875],[77.2423400200728,28.61607679132873],[77.24195510898666,28.62083053729859],[77.2368475378504,28.622837560136958],[77.23212527403463,28.620090475161373],[77.23212527403463,28.620090475161373]]]}},{"type":"Feature","properties":{"h3":"883da11455fffff","score":89.4,"z":2.89,"type":"hot"},"geometry":{"type":"Polygon","coordinates":[[[77.21563978420717,28.64037384618022],[77.2160267140209,28.63561900137882],[77.22113613276147,28.633612357023132],[77.2258590185119,28.636360195797426],[77.22547279640402,28.64111505587731],[77.220362980831,28.643122061937554],[77.21563978420717,28.64037384618022],[77.21563978420717,28.64037384618022]]]}},{"type":"Feature","properties":{"h3":"883da11443fffff","score":89.4,"z":2.89,"type":"hot"},"geometry":{"type":"Polygon","coordinates":[[[77.20580677726389,28.639631916513604],[77.20619441475996,28.634877087169347],[77.21130418462232,28.632870810387917],[77.2160267140209,28.63561900137882],[77.21563978420717,28.64037384618022],[77.21052961730359,28.642380484566708],[77.20580677726389,28.639631916513604],[77.20580677726389,28.639631916513604]]]}},{"type":"Feature","properties":{"h3":"883da1144dfffff","score":92.2,"z":3.22,"type":"hot"},"geometry":{"type":"Polygon","coordinates":[[[77.186140781455,28.63814589741873],[77.18652983424457,28.633391099524555],[77.19164030544641,28.631385558104395],[77.19636212130816,28.63413445320564],[77.19597377615344,28.638889266914173],[77.19086290749311,28.640895169740247],[77.186140781455,28.63814589741873],[77.186140781455,28.63814589741873]]]}},{"type":"Feature","properties":{"h3":"883da11715fffff","score":89,"z":2.84,"type":"hot"},"geometry":{"type":"Polygon","coordinates":[[[77.16764604897199,28.622393459267332],[77.16803634838229,28.61763945119787],[77.17314637444983,28.615634999985193],[77.1778664987769,28.618384195696777],[77.17747690665081,28.623138219933324],[77.17236648290438,28.62514303232434],[77.16764604897199,28.622393459267332],[77.16764604897199,28.622393459267332]]]}},{"type":"Feature","properties":{"h3":"883da11739fffff","score":87.6,"z":2.67,"type":"hot"},"geometry":{"type":"Polygon","coordinates":[[[77.16331658160767,28.614889904074133],[77.16370715032764,28.61013628313935],[77.16881677871044,28.608132193041083],[77.17353623604892,28.61088136279632],[77.17314637444983,28.615634999985193],[77.16803634838229,28.61763945119787],[77.16331658160767,28.614889904074133],[77.16331658160767,28.614889904074133]]]}},{"type":"Feature","properties":{"h3":"883da115c9fffff","score":88.7,"z":2.8,"type":"hot"},"geometry":{"type":"Polygon","coordinates":[[[77.22894679482269,28.598330409594734],[77.22933251697187,28.59357782381311],[77.23443815209251,28.5915718811409],[77.23915846109166,28.594318162565006],[77.23877344576374,28.599070763434618],[77.23366741460659,28.60107706782526],[77.22894679482269,28.598330409594734],[77.22894679482269,28.598330409594734]]]}},{"type":"Feature","properties":{"h3":"883da1141dfffff","score":82.4,"z":2.05,"type":"hot"},"geometry":{"type":"Polygon","coordinates":[[[77.2309680858294,28.634353183938487],[77.23135387075756,28.629598695078506],[77.23646218992945,28.627591677626903],[77.24118512058573,28.630338787228965],[77.24080004324706,28.63509329109754],[77.23569132765385,28.637100670388605],[77.2309680858294,28.634353183938487],[77.2309680858294,28.634353183938487]]]}},{"type":"Feature","properties":{"h3":"883da1145dfffff","score":85.3,"z":2.4,"type":"hot"},"geometry":{"type":"Polygon","coordinates":[[[77.21014224999784,28.647135700346396],[77.21052961730359,28.642380484566708],[77.21563978420717,28.64037384618022],[77.220362980831,28.643122061937554],[77.21997632137084,28.6478772930871],[77.21486575743236,28.649884293142588],[77.21014224999784,28.647135700346396],[77.21014224999784,28.647135700346396]]]}},{"type":"Feature","properties":{"h3":"883da11449fffff","score":87.4,"z":2.65,"type":"hot"},"geometry":{"type":"Polygon","coordinates":[[[77.19047412456716,28.645650354244196],[77.19086290749311,28.640895169740247],[77.19597377615344,28.638889266914173],[77.20069625933121,28.641638187155355],[77.20030818420348,28.646393387386507],[77.19519691809077,28.648399651682414],[77.19047412456716,28.645650354244196],[77.19047412456716,28.645650354244196]]]}},{"type":"Feature","properties":{"h3":"883da11625fffff","score":82.9,"z":2.11,"type":"hot"},"geometry":{"type":"Polygon","coordinates":[[[77.17080602608621,28.644162127560207],[77.17119622453689,28.639406975046604],[77.1763077937478,28.637401808064304],[77.1810295623686,28.640151432358298],[77.18064007166826,28.644906600956396],[77.17552810458777,28.64691212920915],[77.17080602608621,28.644162127560207],[77.17080602608621,28.644162127560207]]]}},{"type":"Feature","properties":{"h3":"883da11719fffff","score":87.7,"z":2.68,"type":"hot"},"geometry":{"type":"Polygon","coordinates":[[[77.16647481361105,28.63665699888805],[77.16686528159848,28.631902233158428],[77.17197645293388,28.62989742738263],[77.17669755414832,28.632647026163095],[77.1763077937478,28.637401808064304],[77.17119622453689,28.639406975046604],[77.16647481361105,28.63665699888805],[77.16647481361105,28.63665699888805]]]}},{"type":"Feature","properties":{"h3":"883da11735fffff","score":86.8,"z":2.58,"type":"hot"},"geometry":{"type":"Polygon","coordinates":[[[77.1644881191783,28.60062979945643],[77.16487851933317,28.595876936800156],[77.16998700315271,28.59387320145036],[77.17470548429661,28.596621967703843],[77.17431579096025,28.60137484660972],[77.16920690965243,28.603378943045648],[77.1644881191783,28.60062979945643],[77.1644881191783,28.60062979945643]]]}},{"type":"Feature","properties":{"h3":"883da1154bfffff","score":87.1,"z":2.61,"type":"hot"},"geometry":{"type":"Polygon","coordinates":[[[77.16998700315271,28.59387320145036],[77.17037696573513,28.589120709942318],[77.1754847027911,28.587116968496442],[77.18020287454168,28.589865357469925],[77.17981361863865,28.59461786513614],[77.17470548429661,28.596621967703843],[77.16998700315271,28.59387320145036],[77.16998700315271,28.59387320145036]]]}},{"type":"Feature","properties":{"h3":"883da115c1fffff","score":87.5,"z":2.66,"type":"hot"},"geometry":{"type":"Polygon","coordinates":[[[77.23443815209251,28.5915718811409],[77.23482343767722,28.586819667205212],[77.2399283255882,28.58481371966365],[77.24464832374024,28.587559624337192],[77.24426374483723,28.59231185326973],[77.23915846109166,28.594318162565006],[77.23443815209251,28.5915718811409],[77.23443815209251,28.5915718811409]]]}},{"type":"Feature","properties":{"h3":"883da115cbfffff","score":82.6,"z":2.07,"type":"hot"},"geometry":{"type":"Polygon","coordinates":[[[77.23877344576374,28.599070763434618],[77.23915846109166,28.594318162565006],[77.24426374483723,28.59231185326973],[77.2489844090741,28.59505778305953],[77.24860010059064,28.599810398838724],[77.24349442101705,28.601817069951668],[77.23877344576374,28.599070763434618],[77.23877344576374,28.599070763434618]]]}},{"type":"Feature","properties":{"h3":"883da114edfffff","score":84.9,"z":2.35,"type":"hot"},"geometry":{"type":"Polygon","coordinates":[[[77.25178494763978,28.621569880178892],[77.25216915141604,28.616816119382875],[77.2572756226258,28.614808724442824],[77.26199828585862,28.617554728322524],[77.2616147894153,28.622308503766202],[77.2565079223975,28.62431626071567],[77.25178494763978,28.621569880178892],[77.25178494763978,28.621569880178892]]]}},{"type":"Feature","properties":{"h3":"883da11419fffff","score":92.3,"z":3.24,"type":"hot"},"geometry":{"type":"Polygon","coordinates":[[[77.23530581327527,28.64185554556836],[77.23569132765385,28.637100670388605],[77.24080004324706,28.63509329109754],[77.24552364086769,28.637840425116025],[77.24513883424169,28.642595315217026],[77.2400297222337,28.64460305641145],[77.23530581327527,28.64185554556836],[77.23530581327527,28.64185554556836]]]}},{"type":"Feature","properties":{"h3":"883da11753fffff","score":82.9,"z":2.11,"type":"hot"},"geometry":{"type":"Polygon","coordinates":[[[77.16097198840039,28.64341693409285],[77.16136289457731,28.638661797842424],[77.16647481361105,28.63665699888805],[77.17119622453689,28.639406975046604],[77.17080602608621,28.644162127560207],[77.16569370897437,28.64616728768523],[77.16097198840039,28.64341693409285],[77.16097198840039,28.64341693409285]]]}},{"type":"Feature","properties":{"h3":"883da11701fffff","score":82.8,"z":2.1,"type":"hot"},"geometry":{"type":"Polygon","coordinates":[[[77.14798435842474,28.620901780226596],[77.1483760723309,28.616147805026916],[77.15348679709578,28.61414408920083],[77.15820620604073,28.616893987628757],[77.15781519937038,28.621647979352595],[77.15270407651013,28.623652056157482],[77.14798435842474,28.620901780226596],[77.14798435842474,28.620901780226596]]]}},{"type":"Feature","properties":{"h3":"883da11705fffff","score":82.4,"z":2.05,"type":"hot"},"geometry":{"type":"Polygon","coordinates":[[[77.14365702149283,28.61339755540284],[77.1440490043819,28.60864396751171],[77.14915933104577,28.606640612600458],[77.15387807291248,28.60939048469863],[77.15348679709578,28.61414408920083],[77.1483760723309,28.616147805026916],[77.14365702149283,28.61339755540284],[77.14365702149283,28.61339755540284]]]}},{"type":"Feature","properties":{"h3":"883da11501fffff","score":91.9,"z":3.19,"type":"hot"},"geometry":{"type":"Polygon","coordinates":[[[77.18647655018525,28.57360559916796],[77.18686520108355,28.568854222004422],[77.1919706985037,28.566850463504416],[77.19668794169661,28.56959772097261],[77.19629999706042,28.574349114020315],[77.19119410296028,28.576353233748787],[77.18647655018525,28.57360559916796],[77.18647655018525,28.57360559916796]]]}},{"type":"Feature","properties":{"h3":"883da11515fffff","score":86.8,"z":2.58,"type":"hot"},"geometry":{"type":"Polygon","coordinates":[[[77.20612345031599,28.575091911404098],[77.20651068866634,28.570340502650467],[77.21161548608846,28.56833601114603],[77.21633344141533,28.571082567001092],[77.21594690937445,28.57583399128243],[77.21084171568836,28.57783884421413],[77.20612345031599,28.575091911404098],[77.20612345031599,28.575091911404098]]]}},{"type":"Feature","properties":{"h3":"883da11517fffff","score":84.3,"z":2.28,"type":"hot"},"geometry":{"type":"Polygon","coordinates":[[[77.21594690937445,28.57583399128243],[77.21633344141533,28.571082567001092],[77.22143788838774,28.569077709100505],[77.22615619936622,28.571823913987767],[77.22577037365822,28.576575353618555],[77.22066553063003,28.578580573045734],[77.21594690937445,28.57583399128243],[77.21594690937445,28.57583399128243]]]}},{"type":"Feature","properties":{"h3":"883da115ebfffff","score":86,"z":2.48,"type":"hot"},"geometry":{"type":"Polygon","coordinates":[[[77.23559384258984,28.57731599837592],[77.23597896194154,28.572564543573932],[77.24108270711334,28.570558953093485],[77.24580172856393,28.573304455723154],[77.2454173155917,28.578055925518097],[77.24031317478061,28.580061877723548],[77.23559384258984,28.57731599837592],[77.23559384258984,28.57731599837592]]]}},{"type":"Feature","properties":{"h3":"883da114e5fffff","score":86.2,"z":2.5,"type":"hot"},"geometry":{"type":"Polygon","coordinates":[[[77.2572756226258,28.614808724442824],[77.25765938987946,28.61005533540796],[77.26276511318159,28.608047935663098],[77.26748746482731,28.61079356294158],[77.26710440476673,28.615546966533],[77.26199828585862,28.617554728322524],[77.2572756226258,28.614808724442824],[77.2572756226258,28.614808724442824]]]}},{"type":"Feature","properties":{"h3":"883da116e7fffff","score":85.2,"z":2.38,"type":"hot"},"geometry":{"type":"Polygon","coordinates":[[[77.22865220945259,28.66288541881896],[77.22903832781427,28.658129415411953],[77.23414893703301,28.656121685750875],[77.23887382469441,28.658869597633704],[77.23848841452838,28.66362561605722],[77.23337740849648,28.665633707614553],[77.22865220945259,28.66288541881896],[77.22865220945259,28.66288541881896]]]}},{"type":"Feature","properties":{"h3":"883da11633fffff","score":90.6,"z":3.03,"type":"hot"},"geometry":{"type":"Polygon","coordinates":[[[77.20897981335084,28.661402861893745],[77.20936734803348,28.656646889056],[77.2144786604473,28.65463989521146],[77.21920283540075,28.657388512540578],[77.21881600886682,28.662144500752323],[77.21370429922183,28.664151856294108],[77.20897981335084,28.661402861893745],[77.20897981335084,28.661402861893745]]]}},{"type":"Feature","properties":{"h3":"883da1163dfffff","score":88.6,"z":2.79,"type":"hot"},"geometry":{"type":"Polygon","coordinates":[[[77.18930743984733,28.659917421947323],[77.18969639075631,28.655161480393833],[77.19480840515874,28.65315522265001],[77.19953186629212,28.655904544994822],[77.19914362348442,28.66066050227982],[77.19403121143309,28.66266712152165],[77.18930743984733,28.659917421947323],[77.18930743984733,28.659917421947323]]]}},{"type":"Feature","properties":{"h3":"883da11721fffff","score":86.3,"z":2.52,"type":"hot"},"geometry":{"type":"Polygon","coordinates":[[[77.14483280096599,28.599137549906803],[77.14522461468525,28.594384720284904],[77.15033379655634,28.592381719582274],[77.15505156260335,28.59513118764799],[77.15466045565412,28.59988403387628],[77.14955087587875,28.601887395465578],[77.14483280096599,28.599137549906803],[77.14483280096599,28.599137549906803]]]}},{"type":"Feature","properties":{"h3":"883da1156bfffff","score":89.7,"z":2.92,"type":"hot"},"geometry":{"type":"Polygon","coordinates":[[[77.16682967788621,28.572116417205933],[77.16721974123709,28.567365072345435],[77.17232593745288,28.5653620471321],[77.17704246740458,28.568110005782955],[77.176653110268,28.57286136688409],[77.17154651695641,28.574864753126864],[77.16682967788621,28.572116417205933],[77.16682967788621,28.572116417205933]]]}},{"type":"Feature","properties":{"h3":"883da1153bfffff","score":84.1,"z":2.25,"type":"hot"},"geometry":{"type":"Polygon","coordinates":[[[77.21161548608846,28.56833601114603],[77.21200228783323,28.563584974322616],[77.21710633874349,28.561580477884625],[77.2218239839623,28.564326656840553],[77.22143788838774,28.569077709100505],[77.21633344141533,28.571082567001092],[77.21161548608846,28.56833601114603],[77.21161548608846,28.56833601114603]]]}},{"type":"Feature","properties":{"h3":"883da115e1fffff","score":85.5,"z":2.42,"type":"hot"},"geometry":{"type":"Polygon","coordinates":[[[77.23126029558847,28.569818689761817],[77.23164568496944,28.56506762224353],[77.23674903449539,28.563062393424108],[77.24146739027744,28.565807870495057],[77.24108270711334,28.570558953093485],[77.23597896194154,28.572564543573932],[77.23126029558847,28.569818689761817],[77.23126029558847,28.569818689761817]]]}},{"type":"Feature","properties":{"h3":"883da115d5fffff","score":87.3,"z":2.64,"type":"hot"},"geometry":{"type":"Polygon","coordinates":[[[77.25408934114402,28.593051107212233],[77.25447321334224,28.58829886346119],[77.2595773980185,28.586292183085046],[77.2642981059054,28.58903738454108],[77.26391494043504,28.59378964293232],[77.25881036034122,28.595796685260478],[77.25408934114402,28.593051107212233],[77.25408934114402,28.593051107212233]]]}},{"type":"Feature","properties":{"h3":"883da115d1fffff","score":82.3,"z":2.04,"type":"hot"},"geometry":{"type":"Polygon","coordinates":[[[77.25842675872529,28.6005493157709],[77.25881036034122,28.595796685260478],[77.26391494043504,28.59378964293232],[77.26863631431503,28.59653486913182],[77.26825341958961,28.601287514195107],[77.263148444085,28.60329491853918],[77.25842675872529,28.6005493157709],[77.25842675872529,28.6005493157709]]]}},{"type":"Feature","properties":{"h3":"883da114cdfffff","score":88.7,"z":2.8,"type":"hot"},"geometry":{"type":"Polygon","coordinates":[[[77.25497185872403,28.643334364787115],[77.25535595757425,28.638579459943486],[77.26046396881549,28.636571346001812],[77.26518827719453,28.639317774834982],[77.2648048861431,28.64407269424261],[77.25969647890511,28.64608117028621],[77.25497185872403,28.643334364787115],[77.25497185872403,28.643334364787115]]]}},{"type":"Feature","properties":{"h3":"883da116a9fffff","score":82.3,"z":2.04,"type":"hot"},"geometry":{"type":"Polygon","coordinates":[[[77.23848841452838,28.66362561605722],[77.23887382469441,28.658869597633704],[77.24398408186333,28.65686150017112],[77.24870932546148,28.659609059169536],[77.24832462351436,28.664365092430792],[77.24321396974139,28.666373551889034],[77.23848841452838,28.66362561605722],[77.23848841452838,28.66362561605722]]]}},{"type":"Feature","properties":{"h3":"883da11663fffff","score":87.6,"z":2.67,"type":"hot"},"geometry":{"type":"Polygon","coordinates":[[[77.1641308247147,28.665190893340945],[77.16452163018322,28.66043461353463],[77.16963509358031,28.658429099274542],[77.17435814976895,28.661179503591338],[77.17396805249332,28.665935799578264],[77.16885419082708,28.66794167510096],[77.1641308247147,28.665190893340945],[77.1641308247147,28.665190893340945]]]}},{"type":"Feature","properties":{"h3":"883da1175dfffff","score":87,"z":2.6,"type":"hot"},"geometry":{"type":"Polygon","coordinates":[[[77.14130393903498,28.64192438709456],[77.1416962605915,28.637169283906395],[77.1468088783657,28.635165221219584],[77.15152957306908,28.63791590078317],[77.15113795919018,28.642671020591784],[77.14602494292113,28.644675444249497],[77.14130393903498,28.64192438709456],[77.14130393903498,28.64192438709456]]]}},{"type":"Feature","properties":{"h3":"883da114a9fffff","score":85.6,"z":2.43,"type":"hot"},"geometry":{"type":"Polygon","coordinates":[[[77.27693318912779,28.61628448954406],[77.27731554197244,28.611531071574547],[77.28242056018699,28.60952293854294],[77.28714362073647,28.612267861271203],[77.28676197513049,28.61702129344032],[77.28165656172771,28.619029788714712],[77.27693318912779,28.61628448954406],[77.27693318912779,28.61628448954406]]]}},{"type":"Feature","properties":{"h3":"883da1166dfffff","score":86.8,"z":2.58,"type":"hot"},"geometry":{"type":"Polygon","coordinates":[[[77.14445639462213,28.66369891833358],[77.14484861640351,28.658942671424835],[77.1499627791879,28.656937894172813],[77.1546851188681,28.65968900279996],[77.154293605231,28.664445266246883],[77.14917904376026,28.666450404561655],[77.14445639462213,28.66369891833358],[77.14445639462213,28.66369891833358]]]}},{"type":"Feature","properties":{"h3":"883da11769fffff","score":83.3,"z":2.16,"type":"hot"},"geometry":{"type":"Polygon","coordinates":[[[77.11849189331208,28.618658867958434],[77.11888572877884,28.6139049434023],[77.12399749932825,28.61190233118393],[77.12871583312125,28.61465328287579],[77.12832270481677,28.619407224491635],[77.12321053554784,28.621410197389025],[77.11849189331208,28.618658867958434],[77.11849189331208,28.618658867958434]]]}},{"type":"Feature","properties":{"h3":"883da11091fffff","score":82.3,"z":2.04,"type":"hot"},"geometry":{"type":"Polygon","coordinates":[[[77.14168328484774,28.577378334379503],[77.14207519816631,28.572626651302475],[77.14718283803904,28.570624365816464],[77.15189896229748,28.57337340264613],[77.15150775528367,28.57812510241171],[77.14639971769756,28.58012774869218],[77.14168328484774,28.577378334379503],[77.14168328484774,28.577378334379503]]]}},{"type":"Feature","properties":{"h3":"883da1025bfffff","score":85.1,"z":2.37,"type":"hot"},"geometry":{"type":"Polygon","coordinates":[[[77.16367439668261,28.55036465198973],[77.16406456058739,28.545614454741724],[77.16916921685643,28.54361214585275],[77.17388410611726,28.546359673307936],[77.17349464796213,28.55110988687896],[77.16838959478748,28.553112556704882],[77.16367439668261,28.55036465198973],[77.16367439668261,28.55036465198973]]]}},{"type":"Feature","properties":{"h3":"883da11537fffff","score":85.7,"z":2.44,"type":"hot"},"geometry":{"type":"Polygon","coordinates":[[[77.21277572447195,28.55408366032577],[77.21316235938987,28.549333383243773],[77.21826526803099,28.547329243511385],[77.2229819376121,28.550075019460248],[77.22259600856253,28.554825311974696],[77.21749270405469,28.556829813140958],[77.21277572447195,28.55408366032577],[77.21277572447195,28.55408366032577]]]}},{"type":"Feature","properties":{"h3":"883da102dbfffff","score":82.9,"z":2.11,"type":"hot"},"geometry":{"type":"Polygon","coordinates":[[[77.23241629748442,28.555566246865],[77.23280152064227,28.550815939096196],[77.23790372813086,28.548811067520816],[77.24262110790352,28.55155614211514],[77.24223659066064,28.556306464960166],[77.23713398772135,28.558311698167767],[77.23241629748442,28.555566246865],[77.23241629748442,28.555566246865]]]}},{"type":"Feature","properties":{"h3":"883da11489fffff","score":82.2,"z":2.02,"type":"hot"},"geometry":{"type":"Polygon","coordinates":[[[77.28012790483444,28.638046521447748],[77.28051015158422,28.633291959330673],[77.28561670866353,28.63128310628382],[77.29034141436073,28.634028453051773],[77.28995987531529,28.638783029284507],[77.28485292285967,28.640792244666773],[77.28012790483444,28.638046521447748],[77.28012790483444,28.638046521447748]]]}},{"type":"Feature","properties":{"h3":"883da116bdfffff","score":84.6,"z":2.31,"type":"hot"},"geometry":{"type":"Polygon","coordinates":[[[77.2581608358308,28.66510384790359],[77.25854482953582,28.660347799983345],[77.26365438170089,28.658338967131684],[77.2683803363378,28.661085820039155],[77.26799705089786,28.665841882439647],[77.26288710254721,28.667851077485587],[77.2581608358308,28.66510384790359],[77.2581608358308,28.66510384790359]]]}},{"type":"Feature","properties":{"h3":"883da116c7fffff","score":86.4,"z":2.53,"type":"hot"},"geometry":{"type":"Polygon","coordinates":[[[77.23183368449246,28.684660777862376],[77.23221969888976,28.679903632100753],[77.23733185090407,28.677895184730403],[77.24205838551502,28.680643521166473],[77.24167307978016,28.685400681861143],[77.23656053076307,28.687409491219885],[77.23183368449246,28.684660777862376],[77.23183368449246,28.684660777862376]]]}},{"type":"Feature","properties":{"h3":"883da11613fffff","score":85.7,"z":2.44,"type":"hot"},"geometry":{"type":"Polygon","coordinates":[[[77.21215490741318,28.683178804947346],[77.2125423390651,28.67842168958844],[77.21765519492554,28.676413978774146],[77.2223810165464,28.679163021562612],[77.22199429351001,28.683920152212316],[77.21688104022836,28.685928224815928],[77.21215490741318,28.683178804947346],[77.21215490741318,28.683178804947346]]]}},{"type":"Feature","properties":{"h3":"883da11749fffff","score":85.1,"z":2.37,"type":"hot"},"geometry":{"type":"Polygon","coordinates":[[[77.1216359282072,28.640428960262792],[77.12202966504532,28.635673890851493],[77.12714298035256,28.633670564713913],[77.13186295772383,28.63642194724987],[77.1314699285142,28.641177033638918],[77.12635621429558,28.64318072054741],[77.1216359282072,28.640428960262792],[77.1216359282072,28.640428960262792]]]}},{"type":"Feature","properties":{"h3":"883da115a7fffff","score":84,"z":2.24,"type":"hot"},"geometry":{"type":"Polygon","coordinates":[[[77.25754220395505,28.550290025345856],[77.2579255795881,28.54554006025418],[77.26302633826508,28.543534453311352],[77.26774411613324,28.54627844962799],[77.26736144632181,28.55102842934876],[77.26226029281193,28.553034398156914],[77.25754220395505,28.550290025345856],[77.25754220395505,28.550290025345856]]]}},{"type":"Feature","properties":{"h3":"883da11657fffff","score":84.6,"z":2.31,"type":"hot"},"geometry":{"type":"Polygon","coordinates":[[[77.1869725575832,28.688458367062854],[77.18736184478405,28.68370091265611],[77.19247615219773,28.681693945718983],[77.19720157044392,28.684444071667688],[77.19681299195103,28.689201541814587],[77.19169828649503,28.69120887030582],[77.1869725575832,28.688458367062854],[77.1869725575832,28.688458367062854]]]}},{"type":"Feature","properties":{"h3":"883da11643fffff","score":85.3,"z":2.4,"type":"hot"},"geometry":{"type":"Polygon","coordinates":[[[77.16729171028635,28.68696985233245],[77.16768241483112,28.682212429942737],[77.17279742348883,28.680206200471517],[77.17752212605299,28.68295703206875],[77.17713213016815,28.68771447055644],[77.17201672305013,28.689721061382084],[77.16729171028635,28.68696985233245],[77.16729171028635,28.68696985233245]]]}},{"type":"Feature","properties":{"h3":"883da1108bfffff","score":82.2,"z":2.02,"type":"hot"},"geometry":{"type":"Polygon","coordinates":[[[77.1220343733337,28.575882645762686],[77.12242769918842,28.571130996597525],[77.1275360352639,28.569129445300533],[77.13225144360409,28.571879182606953],[77.13185882400518,28.576630848817178],[77.12675008980105,28.578632760709013],[77.1220343733337,28.575882645762686],[77.1220343733337,28.575882645762686]]]}},{"type":"Feature","properties":{"h3":"883da110b7fffff","score":82.5,"z":2.06,"type":"hot"},"geometry":{"type":"Polygon","coordinates":[[[77.14403391957983,28.548872032639853],[77.14442549491146,28.544121868572166],[77.14953084812902,28.542120292513204],[77.15424502332652,28.544868519817264],[77.1538541536962,28.549618700564153],[77.14874840315795,28.551620637360887],[77.14403391957983,28.548872032639853],[77.14403391957983,28.548872032639853]]]}},{"type":"Feature","properties":{"h3":"883da115bbfffff","score":83.2,"z":2.14,"type":"hot"},"geometry":{"type":"Polygon","coordinates":[[[77.28037238490695,28.57351283239972],[77.2807542429734,28.56876169126283],[77.2858558337859,28.566754632732245],[77.29057596112725,28.56949835321559],[77.29019480939216,28.574249508541595],[77.28509282397579,28.576256929228254],[77.28037238490695,28.57351283239972],[77.28037238490695,28.57351283239972]]]}},{"type":"Feature","properties":{"h3":"883da10213fffff","score":82.8,"z":2.1,"type":"hot"},"geometry":{"type":"Polygon","coordinates":[[[77.18997239722154,28.530852321191322],[77.19036054553784,28.526103223837023],[77.19546261604411,28.524100533752033],[77.20017693431826,28.52684657991185],[77.19978949135903,28.531595693137504],[77.19468702475966,28.533598744365083],[77.18997239722154,28.530852321191322],[77.18997239722154,28.530852321191322]]]}},{"type":"Feature","properties":{"h3":"883da1074bfffff","score":82.7,"z":2.08,"type":"hot"},"geometry":{"type":"Polygon","coordinates":[[[77.27718069088927,28.551766116697305],[77.27756265485634,28.54701612252552],[77.28266270979816,28.545009784647355],[77.28738119518067,28.547753078911033],[77.28699993708065,28.552503087355763],[77.28189948772248,28.554509787296983],[77.27718069088927,28.551766116697305],[77.27718069088927,28.551766116697305]]]}},{"type":"Feature","properties":{"h3":"8860145b49fffff","score":95.9,"z":3.67,"type":"hot"},"geometry":{"type":"Polygon","coordinates":[[[77.5986543637454,12.968494107860598],[77.59873833601672,12.97348208599509],[77.5945677552265,12.975990359170657],[77.59031347130016,12.973510728047168],[77.5902296433348,12.96852298360896],[77.5943999549956,12.966014636595762],[77.5986543637454,12.968494107860598],[77.5986543637454,12.968494107860598]]]}},{"type":"Feature","properties":{"h3":"88618925a7fffff","score":88.2,"z":2.74,"type":"hot"},"geometry":{"type":"Polygon","coordinates":[[[77.60707988031015,12.968464958431575],[77.6071639969107,12.973453170178233],[77.60299309022386,12.975961697070932],[77.59873833601672,12.97348208599509],[77.5986543637454,12.968494107860598],[77.60282500135774,12.965985507187543],[77.60707988031015,12.968464958431575],[77.60707988031015,12.968464958431575]]]}},{"type":"Feature","properties":{"h3":"8860145b4dfffff","score":99,"z":4.04,"type":"hot"},"geometry":{"type":"Polygon","coordinates":[[[77.60299309022386,12.975961697070932],[77.60307713885723,12.980949741108525],[77.59890628895279,12.983457940425609],[77.59465165953496,12.98097816956136],[77.5945677552265,12.975990359170657],[77.59873833601672,12.97348208599509],[77.60299309022386,12.975961697070932],[77.60299309022386,12.975961697070932]]]}},{"type":"Feature","properties":{"h3":"8860145b41fffff","score":89.9,"z":2.95,"type":"hot"},"geometry":{"type":"Polygon","coordinates":[[[77.5945677552265,12.975990359170657],[77.59465165953496,12.98097816956136],[77.59048113560961,12.983486115099781],[77.58622697655075,12.981006324161068],[77.58614321654396,12.976018747501355],[77.59031347130016,12.973510728047168],[77.5945677552265,12.975990359170657],[77.5945677552265,12.975990359170657]]]}},{"type":"Feature","properties":{"h3":"88618925a3fffff","score":86.2,"z":2.5,"type":"hot"},"geometry":{"type":"Polygon","coordinates":[[[77.60274096112477,12.960997361492353],[77.60282500135774,12.965985507187543],[77.5986543637454,12.968494107860598],[77.5943999549956,12.966014636595762],[77.59431605907282,12.961026724562126],[77.59848642759545,12.95851805012956],[77.60274096112477,12.960997361492353],[77.60274096112477,12.960997361492353]]]}},{"type":"Feature","properties":{"h3":"8861892e9bfffff","score":83.6,"z":2.19,"type":"hot"},"geometry":{"type":"Polygon","coordinates":[[[77.61141922128446,12.975932761126582],[77.61150341426608,12.980921038726931],[77.60733223851993,12.983429491818415],[77.60307713885723,12.980949741108525],[77.60299309022386,12.975961697070932],[77.6071639969107,12.973453170178233],[77.61141922128446,12.975932761126582],[77.61141922128446,12.975932761126582]]]}},{"type":"Feature","properties":{"h3":"8860145b45fffff","score":83.4,"z":2.17,"type":"hot"},"geometry":{"type":"Polygon","coordinates":[[[77.59890628895279,12.983457940425609],[77.59899026961779,12.988445816571016],[77.59481947653852,12.990953688172835],[77.59056497195394,12.988473757563618],[77.59048113560961,12.983486115099781],[77.59465165953496,12.98097816956136],[77.59890628895279,12.983457940425609],[77.59890628895279,12.983457940425609]]]}},{"type":"Feature","properties":{"h3":"8860145b43fffff","score":88.3,"z":2.76,"type":"hot"},"geometry":{"type":"Polygon","coordinates":[[[77.58614321654396,12.976018747501355],[77.58622697655075,12.981006324161068],[77.58205677874183,12.983514015916594],[77.57780309015591,12.981034204983278],[77.57771947442751,12.976046862138613],[77.58188940301245,12.973539096410049],[77.58614321654396,12.976018747501355],[77.58614321654396,12.976018747501355]]]}},{"type":"Feature","properties":{"h3":"8860145b5dfffff","score":93.1,"z":3.33,"type":"hot"},"geometry":{"type":"Polygon","coordinates":[[[77.58180571932974,12.968551585752207],[77.58188940301245,12.973539096410049],[77.57771947442751,12.976046862138613],[77.57346613140477,12.97356719115929],[77.57338259198146,12.968579914365861],[77.57755225132728,12.966072074685144],[77.58180571932974,12.968551585752207],[77.58180571932974,12.968551585752207]]]}},{"type":"Feature","properties":{"h3":"88618925b1fffff","score":82.3,"z":2.04,"type":"hot"},"geometry":{"type":"Polygon","coordinates":[[[77.58997817619436,12.953559547550128],[77.59006199578202,12.958547393285151],[77.58589195326586,12.96105581411514],[77.5816383603276,12.958576463003755],[77.5815546850079,12.95358885106371],[77.58572445836427,12.951080356437863],[77.58997817619436,12.953559547550128],[77.58997817619436,12.953559547550128]]]}},{"type":"Feature","properties":{"h3":"88618925bdfffff","score":97.5,"z":3.86,"type":"hot"},"geometry":{"type":"Polygon","coordinates":[[[77.59840246371652,12.953529970683633],[77.59848642759545,12.95851805012956],[77.59431605907282,12.961026724562126],[77.59006199578202,12.958547393285151],[77.58997817619436,12.953559547550128],[77.59414827561203,12.951050799378972],[77.59840246371652,12.953529970683633],[77.59840246371652,12.953529970683633]]]}},{"type":"Feature","properties":{"h3":"88618925abfffff","score":92.1,"z":3.21,"type":"hot"},"geometry":{"type":"Polygon","coordinates":[[[77.60682754732305,12.953500120388862],[77.60691165551647,12.95848843346157],[77.60274096112477,12.960997361492353],[77.59848642759545,12.95851805012956],[77.59840246371652,12.953529970683633],[77.60257288905821,12.951020968971518],[77.60682754732305,12.953500120388862],[77.60682754732305,12.953500120388862]]]}},{"type":"Feature","properties":{"h3":"88618925a9fffff","score":83.6,"z":2.19,"type":"hot"},"geometry":{"type":"Polygon","coordinates":[[[77.61525342676238,12.953469996590405],[77.61533767929355,12.958458543205742],[77.61116665917018,12.960967724830398],[77.60691165551647,12.95848843346157],[77.60682754732305,12.953500120388862],[77.61099829845135,12.950990865140149],[77.61525342676238,12.953469996590405],[77.61525342676238,12.953469996590405]]]}},{"type":"Feature","properties":{"h3":"8861892ed3fffff","score":93.7,"z":3.4,"type":"hot"},"geometry":{"type":"Polygon","coordinates":[[[77.62393330089562,12.968405838229618],[77.62401770622435,12.973394516948108],[77.61984614815667,12.975903551262073],[77.61559045373052,12.973423980521089],[77.61550619277749,12.9684355352464],[77.61967748188064,12.965926427266666],[77.62393330089562,12.968405838229618],[77.62393330089562,12.968405838229618]]]}},{"type":"Feature","properties":{"h3":"8861892e99fffff","score":94.2,"z":3.46,"type":"hot"},"geometry":{"type":"Polygon","coordinates":[[[77.61984614815667,12.975903551262073],[77.61993048550974,12.980892062341022],[77.61575898405941,12.983400769202605],[77.61150341426608,12.980921038726931],[77.61141922128446,12.975932761126582],[77.61559045373052,12.973423980521089],[77.61984614815667,12.975903551262073],[77.61984614815667,12.975903551262073]]]}},{"type":"Feature","properties":{"h3":"8860145b69fffff","score":93.4,"z":3.37,"type":"hot"},"geometry":{"type":"Polygon","coordinates":[[[77.60324524452541,12.990925726999059],[77.60332930156046,12.995913668701425],[77.59915823934246,12.998421466345821],[77.5949033892339,12.99594139624306],[77.59481947653852,12.990953688172835],[77.59899026961779,12.988445816571016],[77.60324524452541,12.990925726999059],[77.60324524452541,12.990925726999059]]]}},{"type":"Feature","properties":{"h3":"8860145b6bfffff","score":82.8,"z":2.1,"type":"hot"},"geometry":{"type":"Polygon","coordinates":[[[77.59481947653852,12.990953688172835],[77.5949033892339,12.99594139624306],[77.59073265302257,12.998448939990023],[77.58647827331525,12.995968849679283],[77.58639450493625,12.990981375325301],[77.59056497195394,12.988473757563618],[77.59481947653852,12.990953688172835],[77.59481947653852,12.990953688172835]]]}},{"type":"Feature","properties":{"h3":"8860145b55fffff","score":98.7,"z":4,"type":"hot"},"geometry":{"type":"Polygon","coordinates":[[[77.57771947442751,12.976046862138613],[77.57780309015591,12.981034204983278],[77.57363321860072,12.983541642951739],[77.56938000060167,12.981061812103635],[77.56929652912835,12.976074703158027],[77.57346613140477,12.97356719115929],[77.57771947442751,12.976046862138613],[77.57771947442751,12.976046862138613]]]}},{"type":"Feature","properties":{"h3":"8860145b51fffff","score":84.9,"z":2.35,"type":"hot"},"geometry":{"type":"Polygon","coordinates":[[[77.57338259198146,12.968579914365861],[77.57346613140477,12.97356719115929],[77.56929652912835,12.976074703158027],[77.56504365672824,12.973595012370554],[77.56496026154097,12.96860796952551],[77.56912959452353,12.966100383517364],[77.57338259198146,12.968579914365861],[77.57338259198146,12.968579914365861]]]}},{"type":"Feature","properties":{"h3":"8860145b59fffff","score":83.1,"z":2.13,"type":"hot"},"geometry":{"type":"Polygon","coordinates":[[[77.57746864395516,12.961084630226868],[77.57755225132728,12.966072074685144],[77.57338259198146,12.968579914365861],[77.56912959452353,12.966100383517364],[77.56904613139179,12.961113172972837],[77.57321552148336,12.95860525936085],[77.57746864395516,12.961084630226868],[77.57746864395516,12.961084630226868]]]}},{"type":"Feature","properties":{"h3":"88618925b3fffff","score":97.1,"z":3.81,"type":"hot"},"geometry":{"type":"Polygon","coordinates":[[[77.5815546850079,12.95358885106371],[77.5816383603276,12.958576463003755],[77.57746864395516,12.961084630226868],[77.57321552148336,12.95860525936085],[77.57313199040834,12.953617881299845],[77.5773014375662,12.95110964022362],[77.5815546850079,12.95358885106371],[77.5815546850079,12.95358885106371]]]}},{"type":"Feature","properties":{"h3":"88618925bbfffff","score":82.3,"z":2.04,"type":"hot"},"geometry":{"type":"Polygon","coordinates":[[[77.58564071509822,12.946092577199167],[77.58572445836427,12.951080356437863],[77.5815546850079,12.95358885106371],[77.5773014375662,12.95110964022362],[77.57721783854912,12.946122094829184],[77.58138734273054,12.943613526428376],[77.58564071509822,12.946092577199167],[77.58564071509822,12.946092577199167]]]}},{"type":"Feature","properties":{"h3":"8861892587fffff","score":93.9,"z":3.43,"type":"hot"},"geometry":{"type":"Polygon","coordinates":[[[77.60248885722437,12.946032722296472],[77.60257288905821,12.951020968971518],[77.59840246371652,12.953529970683633],[77.59414827561203,12.951050799378972],[77.59406438807372,12.946062786380041],[77.59823454435015,12.943553711007466],[77.60248885722437,12.946032722296472],[77.60248885722437,12.946032722296472]]]}},{"type":"Feature","properties":{"h3":"88618925e3fffff","score":86.1,"z":2.49,"type":"hot"},"geometry":{"type":"Polygon","coordinates":[[[77.61934018304518,12.945971774034726],[77.61942450353983,12.950960487809533],[77.61525342676238,12.953469996590405],[77.61099829845135,12.950990865140149],[77.61091412229874,12.946002384873116],[77.61508493012087,12.943492802546364],[77.61934018304518,12.945971774034726],[77.61934018304518,12.945971774034726]]]}},{"type":"Feature","properties":{"h3":"88618925e7fffff","score":98.2,"z":3.94,"type":"hot"},"geometry":{"type":"Polygon","coordinates":[[[77.62368010178278,12.953439599212965],[77.62376449867496,12.958428379286712],[77.61959315295742,12.960937814500824],[77.61533767929355,12.958458543205742],[77.61525342676238,12.953469996590405],[77.61942450353983,12.950960487809533],[77.62368010178278,12.953439599212965],[77.62368010178278,12.953439599212965]]]}},{"type":"Feature","properties":{"h3":"8861892ed7fffff","score":92.2,"z":3.22,"type":"hot"},"geometry":{"type":"Polygon","coordinates":[[[77.62827387058857,12.975874067401927],[77.62835835233632,12.98086281187522],[77.62418652531942,12.983371772502585],[77.61993048550974,12.980892062341022],[77.61984614815667,12.975903551262073],[77.62401770622435,12.973394516948108],[77.62827387058857,12.975874067401927],[77.62827387058857,12.975874067401927]]]}},{"type":"Feature","properties":{"h3":"8861892e9dfffff","score":82.8,"z":2.1,"type":"hot"},"geometry":{"type":"Polygon","coordinates":[[[77.62418652531942,12.983371772502585],[77.62427093908599,12.988360349187925],[77.62009916864668,12.990868982284796],[77.61584325343556,12.988389112458817],[77.61575898405941,12.983400769202605],[77.61993048550974,12.980892062341022],[77.62418652531942,12.983371772502585],[77.62418652531942,12.983371772502585]]]}},{"type":"Feature","properties":{"h3":"8861892e95fffff","score":88,"z":2.72,"type":"hot"},"geometry":{"type":"Polygon","coordinates":[[[77.62009916864668,12.990868982284796],[77.62018351443085,12.995857390999008],[77.61601180061193,12.998365696425642],[77.61175601004336,12.995885666978644],[77.61167180864537,12.99089749172827],[77.61584325343556,12.988389112458817],[77.62009916864668,12.990868982284796],[77.62009916864668,12.990868982284796]]]}},{"type":"Feature","properties":{"h3":"8861892ebbfffff","score":82.8,"z":2.1,"type":"hot"},"geometry":{"type":"Polygon","coordinates":[[[77.61601180061193,12.998365696425642],[77.61609607841243,13.003353936985622],[77.6119244212567,13.005861914602335],[77.60766875537473,13.003381725577752],[77.60758462195614,12.998393718516281],[77.61175601004336,12.995885666978644],[77.61601180061193,12.998365696425642],[77.61601180061193,12.998365696425642]]]}},{"type":"Feature","properties":{"h3":"8860145b6dfffff","score":87.7,"z":2.68,"type":"hot"},"geometry":{"type":"Polygon","coordinates":[[[77.60758462195614,12.998393718516281],[77.60766875537473,13.003381725577752],[77.60349742403322,13.005889449243938],[77.5992422284024,13.003409239824634],[77.59915823934246,12.998421466345821],[77.60332930156046,12.995913668701425],[77.60758462195614,12.998393718516281],[77.60758462195614,12.998393718516281]]]}},{"type":"Feature","properties":{"h3":"8860145b61fffff","score":96.2,"z":3.7,"type":"hot"},"geometry":{"type":"Polygon","coordinates":[[[77.59915823934246,12.998421466345821],[77.5992422284024,13.003409239824634],[77.59507122301261,13.005916709536104],[77.59081649774713,13.003436479802051],[77.59073265302257,12.998448939990023],[77.5949033892339,12.99594139624306],[77.59915823934246,12.998421466345821],[77.59915823934246,12.998421466345821]]]}},{"type":"Feature","properties":{"h3":"8860145b05fffff","score":93.6,"z":3.39,"type":"hot"},"geometry":{"type":"Polygon","coordinates":[[[77.58230786324793,12.998476139524666],[77.58239156366041,13.003463445585847],[77.57822121058625,13.005970407375486],[77.57396742639355,13.003490137251813],[77.57388387026988,12.998503065025524],[77.5780539540559,12.995996029085841],[77.58230786324793,12.998476139524666],[77.58230786324793,12.998476139524666]]]}},{"type":"Feature","properties":{"h3":"8860145b01fffff","score":92.7,"z":3.28,"type":"hot"},"geometry":{"type":"Polygon","coordinates":[[[77.57797032996997,12.991008788532142],[77.5780539540559,12.995996029085841],[77.57388387026988,12.998503065025524],[77.56963043170703,12.996022934538543],[77.56954695189089,12.991035927869133],[77.57371676637361,12.988528817800235],[77.57797032996997,12.991008788532142],[77.57797032996997,12.991008788532142]]]}},{"type":"Feature","properties":{"h3":"8860145a65fffff","score":88,"z":2.72,"type":"hot"},"geometry":{"type":"Polygon","coordinates":[[[77.57313199040834,12.953617881299845],[77.57321552148336,12.95860525936085],[77.56904613139179,12.961113172972837],[77.56479347950031,12.958633782431935],[77.56471009264664,12.953646638333925],[77.56887921346888,12.95113865081161],[77.57313199040834,12.953617881299845],[77.57313199040834,12.953617881299845]]]}},{"type":"Feature","properties":{"h3":"8860145a6dfffff","score":91.6,"z":3.15,"type":"hot"},"geometry":{"type":"Polygon","coordinates":[[[77.57721783854912,12.946122094829184],[77.5773014375662,12.95110964022362],[77.57313199040834,12.953617881299845],[77.56887921346888,12.95113865081161],[77.56879575867745,12.94615133934549],[77.5729649366056,12.943643024437089],[77.57721783854912,12.946122094829184],[77.57721783854912,12.946122094829184]]]}},{"type":"Feature","properties":{"h3":"88618925e1fffff","score":86.6,"z":2.55,"type":"hot"},"geometry":{"type":"Polygon","coordinates":[[[77.62776703921197,12.945940889706023],[77.62785150407187,12.950929836904393],[77.62368010178278,12.953439599212965],[77.61942450353983,12.950960487809533],[77.61934018304518,12.945971774034726],[77.62351131643399,12.943461938237563],[77.62776703921197,12.945940889706023],[77.62776703921197,12.945940889706023]]]}},{"type":"Feature","properties":{"h3":"8861892e83fffff","score":85,"z":2.36,"type":"hot"},"geometry":{"type":"Polygon","coordinates":[[[77.62852732427739,12.990840198593006],[77.62861181447097,12.995828840686835],[77.62443977505797,12.998337399998206],[77.62018351443085,12.995857390999008],[77.62009916864668,12.990868982284796],[77.62427093908599,12.988360349187925],[77.62852732427739,12.990840198593006],[77.62852732427739,12.990840198593006]]]}},{"type":"Feature","properties":{"h3":"8861892eb9fffff","score":96.2,"z":3.7,"type":"hot"},"geometry":{"type":"Polygon","coordinates":[[[77.62443977505797,12.998337399998206],[77.62452419726364,13.003325873972518],[77.62035221443126,13.005834105535547],[77.61609607841243,13.003353936985622],[77.61601180061193,12.998365696425642],[77.62018351443085,12.995857390999008],[77.62443977505797,12.998337399998206],[77.62443977505797,12.998337399998206]]]}},{"type":"Feature","properties":{"h3":"8860145b07fffff","score":88.2,"z":2.74,"type":"hot"},"geometry":{"type":"Polygon","coordinates":[[[77.57388387026988,12.998503065025524],[77.57396742639355,13.003490137251813],[77.56979739968313,13.005996845074433],[77.5655440861977,13.003516554875857],[77.56546067433952,12.998529716568422],[77.56963043170703,12.996022934538543],[77.57388387026988,12.998503065025524],[77.57388387026988,12.998503065025524]]]}},{"type":"Feature","properties":{"h3":"8860145b19fffff","score":90.4,"z":3.01,"type":"hot"},"geometry":{"type":"Polygon","coordinates":[[[77.5608743808974,12.976102270635307],[77.56095770813897,12.981089145597885],[77.55678848950258,12.983596075979817],[77.5525362130186,12.981116205541724],[77.55245302998544,12.976129564646113],[77.55662197923365,12.973622560119466],[77.5608743808974,12.976102270635307],[77.5608743808974,12.976102270635307]]]}},{"type":"Feature","properties":{"h3":"8860145a25fffff","score":90.9,"z":3.07,"type":"hot"},"geometry":{"type":"Polygon","coordinates":[[[77.55653872825911,12.968635751306756],[77.55662197923365,12.973622560119466],[77.55245302998544,12.976129564646113],[77.5482010991717,12.9736498344817],[77.54811799238658,12.96866325978527],[77.55228667223157,12.966156181134803],[77.55653872825911,12.968635751306756],[77.55653872825911,12.968635751306756]]]}},{"type":"Feature","properties":{"h3":"8861892593fffff","score":93.6,"z":3.39,"type":"hot"},"geometry":{"type":"Polygon","coordinates":[[[77.57696705820565,12.931159257978024],[77.57705064886896,12.936146903631094],[77.57288141387761,12.938655545785913],[77.56862885743394,12.936176616018484],[77.5685454109816,12.931189204308176],[77.57271437676775,12.928680488420335],[77.57696705820565,12.931159257978024],[77.57696705820565,12.931159257978024]]]}},{"type":"Feature","properties":{"h3":"8861892591fffff","score":85.1,"z":2.37,"type":"hot"},"geometry":{"type":"Polygon","coordinates":[[[77.58538950203727,12.931129038786208],[77.58547323693485,12.936116918298037],[77.58130367577259,12.93862581388367],[77.57705064886896,12.936146903631094],[77.57696705820565,12.931159257978024],[77.58113635021746,12.92865028871658],[77.58538950203727,12.931129038786208],[77.58538950203727,12.931129038786208]]]}},{"type":"Feature","properties":{"h3":"886189259dfffff","score":82.3,"z":2.04,"type":"hot"},"geometry":{"type":"Polygon","coordinates":[[[77.59381274222542,12.931098546657475],[77.59389662138055,12.936086659943978],[77.58972673418455,12.938595808956077],[77.58547323693485,12.936116918298037],[77.58538950203727,12.931129038786208],[77.58955912013764,12.928619816155535],[77.59381274222542,12.931098546657475],[77.59381274222542,12.931098546657475]]]}},{"type":"Feature","properties":{"h3":"886189258bfffff","score":96.2,"z":3.7,"type":"hot"},"geometry":{"type":"Polygon","coordinates":[[[77.60223677851891,12.931067781516605],[77.60232080195486,12.936056128493696],[77.59815058886241,12.938565530927823],[77.59389662138055,12.936086659943978],[77.59381274222542,12.931098546657475],[77.59798268627712,12.928589070662019],[77.60223677851891,12.931067781516605],[77.60223677851891,12.931067781516605]]]}},{"type":"Feature","properties":{"h3":"88618925c7fffff","score":88.4,"z":2.77,"type":"hot"},"geometry":{"type":"Polygon","coordinates":[[[77.61908723841618,12.931005431897686],[77.61917155048351,12.935994246003467],[77.61500068601029,12.93850415526832],[77.61074577840637,12.936025323871915],[77.61066161066636,12.93103674328839],[77.61483220620872,12.9285267605768],[77.61908723841618,12.931005431897686],[77.61908723841618,12.931005431897686]]]}},{"type":"Feature","properties":{"h3":"88618925c5fffff","score":90.5,"z":3.02,"type":"hot"},"geometry":{"type":"Polygon","coordinates":[[[77.62751366151662,12.930973847269364],[77.62759811793447,12.93596289481316],[77.62342692797712,12.938473057486595],[77.61917155048351,12.935994246003467],[77.61908723841618,12.931005431897686],[77.62325815949771,12.928495195834795],[77.62751366151662,12.930973847269364],[77.62751366151662,12.930973847269364]]]}},{"type":"Feature","properties":{"h3":"8861892533fffff","score":85.7,"z":2.44,"type":"hot"},"geometry":{"type":"Polygon","coordinates":[[[77.64053583755899,12.95337798341991],[77.64062052324282,12.958367230157695],[77.63644852674992,12.960877172537383],[77.63219211340876,12.958397941629135],[77.63210757213234,12.953408928181222],[77.63627929979542,12.950898912349414],[77.64053583755899,12.95337798341991],[77.64053583755899,12.95337798341991]]]}},{"type":"Feature","properties":{"h3":"8861892ecbfffff","score":85.9,"z":2.47,"type":"hot"},"geometry":{"type":"Polygon","coordinates":[[[77.64921939663427,12.96831510343549],[77.64930423522948,12.973304481979806],[77.64513170112296,12.975814277392757],[77.6408745972261,12.973334767752913],[77.64078990307624,12.968345622399555],[77.64496216838366,12.965835753492836],[77.64921939663427,12.96831510343549],[77.64921939663427,12.96831510343549]]]}},{"type":"Feature","properties":{"h3":"8861892ec3fffff","score":94.3,"z":3.48,"type":"hot"},"geometry":{"type":"Polygon","coordinates":[[[77.64513170112296,12.975814277392757],[77.64521647172975,12.980803488401959],[77.64104399399281,12.98331295654776],[77.63678701449376,12.98083328725404],[77.63670238832809,12.975844309470634],[77.6408745972261,12.973334767752913],[77.64513170112296,12.975814277392757],[77.64513170112296,12.975814277392757]]]}},{"type":"Feature","properties":{"h3":"8861892eb5fffff","score":88.4,"z":2.77,"type":"hot"},"geometry":{"type":"Polygon","coordinates":[[[77.62469305011507,13.013302718682992],[77.6247774807611,13.018291089268534],[77.62060528551419,13.02079891898117],[77.61634892866495,13.018318452068431],[77.61626464243882,13.013330314882309],[77.62043656864779,13.010822411207283],[77.62469305011507,13.013302718682992],[77.62469305011507,13.013302718682992]]]}},{"type":"Feature","properties":{"h3":"8861892cdbfffff","score":88.7,"z":2.8,"type":"hot"},"geometry":{"type":"Polygon","coordinates":[[[77.59941021491818,13.013384683588697],[77.59949421237431,13.018372353723406],[77.59532299465259,13.020879421228122],[77.59106804868347,13.018398892730254],[77.59098419557743,13.013411456247436],[77.59515514409622,13.010904314608377],[77.59941021491818,13.013384683588697],[77.59941021491818,13.013384683588697]]]}},{"type":"Feature","properties":{"h3":"8860145b21fffff","score":85.8,"z":2.46,"type":"hot"},"geometry":{"type":"Polygon","coordinates":[[[77.58255897285183,13.013437954544374],[77.58264268163106,13.018425157291256],[77.57847211628011,13.020931716636904],[77.5742181114684,13.018451147482377],[77.57413454699268,13.013464178555482],[77.57830484303095,13.010957544960949],[77.58255897285183,13.013437954544374],[77.58255897285183,13.013437954544374]]]}},{"type":"Feature","properties":{"h3":"8860145b15fffff","score":84.4,"z":2.29,"type":"hot"},"geometry":{"type":"Polygon","coordinates":[[[77.56112437094997,12.99106279341207],[77.56120770651967,12.996049566113205],[77.55703827570773,12.998556094229263],[77.55278577874465,12.996075923885687],[77.55270258739806,12.991089385236732],[77.55687174879726,12.988582782877007],[77.56112437094997,12.99106279341207],[77.56112437094997,12.99106279341207]]]}},{"type":"Feature","properties":{"h3":"8860145b1bfffff","score":88.9,"z":2.83,"type":"hot"},"geometry":{"type":"Polygon","coordinates":[[[77.55245302998544,12.976129564646113],[77.5525362130186,12.981116205541724],[77.54836732104715,12.983622882124266],[77.54411551549116,12.981142992010923],[77.54403247664307,12.976156585266155],[77.5482010991717,12.9736498344817],[77.55245302998544,12.976129564646113],[77.55245302998544,12.976129564646113]]]}},{"type":"Feature","properties":{"h3":"8860145a29fffff","score":94.7,"z":3.52,"type":"hot"},"geometry":{"type":"Polygon","coordinates":[[[77.5562889919736,12.953675122241501],[77.55637223462925,12.958662032292542],[77.5522034975106,12.961169438669595],[77.54795178712078,12.958690009018207],[77.54786868863987,12.953703333098051],[77.55203715637984,12.951195852696229],[77.5562889919736,12.953675122241501],[77.5562889919736,12.953675122241501]]]}},{"type":"Feature","properties":{"h3":"8860145a63fffff","score":85.9,"z":2.47,"type":"hot"},"geometry":{"type":"Polygon","coordinates":[[[77.56037447573412,12.946180310823463],[77.56045778632318,12.951167388277335],[77.5562889919736,12.953675122241501],[77.55203715637984,12.951195852696229],[77.55195398996977,12.946209009338578],[77.55612251498027,12.943701201427794],[77.56037447573412,12.946180310823463],[77.56037447573412,12.946180310823463]]]}},{"type":"Feature","properties":{"h3":"886189259bfffff","score":88.1,"z":2.73,"type":"hot"},"geometry":{"type":"Polygon","coordinates":[[[77.58105269162003,12.923662476244791],[77.58113635021746,12.92865028871658],[77.57696705820565,12.931159257978024],[77.57271437676775,12.928680488420335],[77.57263086238558,12.923692909856523],[77.57679988523182,12.92118386694024],[77.58105269162003,12.923662476244791],[77.58105269162003,12.923662476244791]]]}},{"type":"Feature","properties":{"h3":"88618925d7fffff","score":85.7,"z":2.44,"type":"hot"},"geometry":{"type":"Polygon","coordinates":[[[77.59789873917929,12.923600790626486],[77.59798268627712,12.928589070662019],[77.59381274222542,12.931098546657475],[77.58955912013764,12.928619816155535],[77.58947531730163,12.923631769859837],[77.59364499229738,12.921122220324035],[77.59789873917929,12.923600790626486],[77.59789873917929,12.923600790626486]]]}},{"type":"Feature","properties":{"h3":"88618925d5fffff","score":82.7,"z":2.08,"type":"hot"},"geometry":{"type":"Polygon","coordinates":[[[77.60632295700171,12.923569538469572],[77.60640704838463,12.92855805216083],[77.60223677851891,12.931067781516605],[77.59798268627712,12.928589070662019],[77.59789873917929,12.923600790626486],[77.60206874004393,12.921090987787604],[77.60632295700171,12.923569538469572],[77.60632295700171,12.923569538469572]]]}},{"type":"Feature","properties":{"h3":"88618925c1fffff","score":88.3,"z":2.76,"type":"hot"},"geometry":{"type":"Polygon","coordinates":[[[77.62317377947487,12.923506215084686],[77.62325815949771,12.928495195834795],[77.61908723841618,12.931005431897686],[77.61483220620872,12.9285267605768],[77.61474797051746,12.923538013314005],[77.61891862270787,12.92102770388258],[77.62317377947487,12.923506215084686],[77.62317377947487,12.923506215084686]]]}},{"type":"Feature","properties":{"h3":"886189253bfffff","score":87.3,"z":2.64,"type":"hot"},"geometry":{"type":"Polygon","coordinates":[[[77.64462313679826,12.945878300276767],[77.6447078904583,12.950867714069414],[77.64053583755899,12.95337798341991],[77.63627929979542,12.950898912349414],[77.63619469054706,12.945909731811762],[77.64036647465635,12.943399389087359],[77.64462313679826,12.945878300276767],[77.64462313679826,12.945878300276767]]]}},{"type":"Feature","properties":{"h3":"8861892531fffff","score":91.6,"z":3.15,"type":"hot"},"geometry":{"type":"Polygon","coordinates":[[[77.6489648978104,12.953346764853759],[77.64904972792488,12.958336244797094],[77.64487740625087,12.960846440752812],[77.64062052324282,12.958367230157695],[77.64053583755899,12.95337798341991],[77.6447078904583,12.950867714069414],[77.6489648978104,12.953346764853759],[77.6489648978104,12.953346764853759]]]}},{"type":"Feature","properties":{"h3":"8861892e8dfffff","score":88.1,"z":2.73,"type":"hot"},"geometry":{"type":"Polygon","coordinates":[[[77.64538602141837,12.99078180816209],[77.64547080050046,12.995770916762346],[77.64129811031248,12.998279983830253],[77.63704090991162,12.995800015966488],[77.63695627528539,12.990811140577302],[77.64112869660995,12.988301999838573],[77.64538602141837,12.99078180816209],[77.64538602141837,12.99078180816209]]]}},{"type":"Feature","properties":{"h3":"8861892e85fffff","score":86.2,"z":2.5,"type":"hot"},"geometry":{"type":"Polygon","coordinates":[[[77.64129811031248,12.998279983830253],[77.64138282139818,13.003268924380464],[77.6372101876256,13.005777663823352],[77.63295311167631,13.0032975364627],[77.63286854504224,12.998308829158283],[77.63704090991162,12.995800015966488],[77.64129811031248,12.998279983830253],[77.64129811031248,12.998279983830253]]]}},{"type":"Feature","properties":{"h3":"8861892cc9fffff","score":84.6,"z":2.31,"type":"hot"},"geometry":{"type":"Polygon","coordinates":[[[77.62903430767503,13.020771535492838],[77.62911881476404,13.025759970794255],[77.6249463504945,13.02826772652378],[77.62068964816433,13.02578712093275],[77.62060528551419,13.02079891898117],[77.6247774807611,13.018291089268534],[77.62903430767503,13.020771535492838],[77.62903430767503,13.020771535492838]]]}},{"type":"Feature","properties":{"h3":"8861892ccbfffff","score":89.3,"z":2.88,"type":"hot"},"geometry":{"type":"Polygon","coordinates":[[[77.62060528551419,13.02079891898117],[77.62068964816433,13.02578712093275],[77.61651750954384,13.028294622539772],[77.6122612773567,13.025813996233417],[77.61217705912219,13.020826027715898],[77.61634892866495,13.018318452068431],[77.62060528551419,13.02079891898117],[77.62060528551419,13.02079891898117]]]}},{"type":"Feature","properties":{"h3":"8861892cd1fffff","score":91.9,"z":3.19,"type":"hot"},"geometry":{"type":"Polygon","coordinates":[[[77.60374962875105,13.020852861772912],[77.60383370259319,13.02584059677221],[77.59966221568372,13.028347590121859],[77.59540692412563,13.025866922625067],[77.59532299465259,13.020879421228122],[77.59949421237431,13.018372353723406],[77.60374962875105,13.020852861772912],[77.60374962875105,13.020852861772912]]]}},{"type":"Feature","properties":{"h3":"8861892cd3fffff","score":83.2,"z":2.14,"type":"hot"},"geometry":{"type":"Polygon","coordinates":[[[77.59532299465259,13.020879421228122],[77.59540692412563,13.025866922625067],[77.59123576327796,13.028373661839918],[77.5869809422057,13.025892973867965],[77.58689715707845,13.02090570615745],[77.59106804868347,13.018398892730254],[77.59532299465259,13.020879421228122],[77.59532299465259,13.020879421228122]]]}},{"type":"Feature","properties":{"h3":"8860145b27fffff","score":92.7,"z":3.28,"type":"hot"},"geometry":{"type":"Polygon","coordinates":[[[77.57847211628011,13.020931716636904],[77.57855575708483,13.02591875057694],[77.57438524877288,13.028424981510145],[77.57013136901433,13.025944252828019],[77.5700478725088,13.020957452742465],[77.5742181114684,13.018451147482377],[77.57847211628011,13.020931716636904],[77.57847211628011,13.020931716636904]]]}},{"type":"Feature","properties":{"h3":"8860145b3bfffff","score":93.5,"z":3.38,"type":"hot"},"geometry":{"type":"Polygon","coordinates":[[[77.55703827570773,12.998556094229263],[77.5571215433238,13.003542698533874],[77.55295216975217,13.006048898410368],[77.5486997980226,13.00356856830179],[77.54861667462532,12.9985821980839],[77.55278577874465,12.996075923885687],[77.55703827570773,12.998556094229263],[77.55703827570773,12.998556094229263]]]}},{"type":"Feature","properties":{"h3":"8860145b17fffff","score":84.3,"z":2.28,"type":"hot"},"geometry":{"type":"Polygon","coordinates":[[[77.55270258739806,12.991089385236732],[77.55278577874465,12.996075923885687],[77.54861667462532,12.9985821980839],[77.5443646486326,12.996102007931883],[77.54428160148578,12.991115703419007],[77.54845043613774,12.98860935491991],[77.55270258739806,12.991089385236732],[77.55270258739806,12.991089385236732]]]}},{"type":"Feature","properties":{"h3":"8860145a05fffff","score":82.4,"z":2.05,"type":"hot"},"geometry":{"type":"Polygon","coordinates":[[[77.55195398996977,12.946209009338578],[77.55203715637984,12.951195852696229],[77.54786868863987,12.953703333098051],[77.54361732388935,12.951224044143826],[77.54353430163498,12.946237434966264],[77.54770249998126,12.943729880560666],[77.55195398996977,12.946209009338578],[77.55195398996977,12.946209009338578]]]}},{"type":"Feature","properties":{"h3":"8860145a47fffff","score":89,"z":2.84,"type":"hot"},"geometry":{"type":"Polygon","coordinates":[[[77.56012456061592,12.931218877851954],[77.5602078628806,12.936206055535504],[77.5560392806423,12.938714190815665],[77.55178766545964,12.93623522225754],[77.55170450735928,12.931248278684654],[77.55587282028306,12.928740069557065],[77.56012456061592,12.931218877851954],[77.56012456061592,12.931218877851954]]]}},{"type":"Feature","properties":{"h3":"8861892511fffff","score":91.1,"z":3.09,"type":"hot"},"geometry":{"type":"Polygon","coordinates":[[[77.64436889276138,12.930909857999453],[77.64445363794995,12.935899372166405],[77.64028179743724,12.938410041643328],[77.63602548050734,12.935931270225842],[77.63594087971573,12.930941989328318],[77.64011245146284,12.928431246576572],[77.64436889276138,12.930909857999453],[77.64436889276138,12.930909857999453]]]}},{"type":"Feature","properties":{"h3":"8861892527fffff","score":82.6,"z":2.07,"type":"hot"},"geometry":{"type":"Polygon","coordinates":[[[77.66608076742324,12.968253243032636],[77.66616589497872,12.973243087705745],[77.66199271086889,12.975753390495637],[77.65773466789793,12.973273921989216],[77.65764968483418,12.9682843103383],[77.66182260025543,12.965773934169363],[77.66608076742324,12.968253243032636],[77.66608076742324,12.968253243032636]]]}},{"type":"Feature","properties":{"h3":"8861892ee3fffff","score":88.9,"z":2.83,"type":"hot"},"geometry":{"type":"Polygon","coordinates":[[[77.64972847061632,12.998250863938468],[77.64981332617684,13.003240037650173],[77.64564036714089,13.00574903102651],[77.64138282139818,13.003268924380464],[77.64129811031248,12.998279983830253],[77.64547080050046,12.995770916762346],[77.64972847061632,12.998250863938468],[77.64972847061632,12.998250863938468]]]}},{"type":"Feature","properties":{"h3":"886014594bfffff","score":83.7,"z":2.2,"type":"hot"},"geometry":{"type":"Polygon","coordinates":[[[77.56162442601564,13.020982914550174],[77.5617077782453,13.025969480697274],[77.557537923018,13.028475203332997],[77.55328498502865,13.02599443426082],[77.55320177705151,13.021008102136085],[77.55737136281701,13.018502305058982],[77.56162442601564,13.020982914550174],[77.56162442601564,13.020982914550174]]]}},{"type":"Feature","properties":{"h3":"8860145b37fffff","score":87.2,"z":2.62,"type":"hot"},"geometry":{"type":"Polygon","coordinates":[[[77.55728808687829,13.01351580402396],[77.55737136281701,13.018502305058982],[77.55320177705151,13.021008102136085],[77.54894918483001,13.018527472596565],[77.5488660531248,13.01354120563334],[77.55303536941341,13.011035334135642],[77.55728808687829,13.01351580402396],[77.55728808687829,13.01351580402396]]]}},{"type":"Feature","properties":{"h3":"8860145841fffff","score":90.3,"z":3,"type":"hot"},"geometry":{"type":"Polygon","coordinates":[[[77.53561272112069,12.976183332571209],[77.53569561580706,12.981169505081272],[77.53152737757614,12.98367567405291],[77.52727651421654,12.981195744828588],[77.5271937636685,12.976209806637014],[77.53136173234753,12.973703563349096],[77.53561272112069,12.976183332571209],[77.53561272112069,12.976183332571209]]]}},{"type":"Feature","properties":{"h3":"886014584bfffff","score":83.4,"z":2.17,"type":"hot"},"geometry":{"type":"Polygon","coordinates":[[[77.53127891387112,12.968717457136732],[77.53136173234753,12.973703563349096],[77.5271937636685,12.976209806637014],[77.5229432460857,12.97373001800577],[77.52286057172857,12.968744146161132],[77.52702827084079,12.966237828577874],[77.53127891387112,12.968717457136732],[77.53127891387112,12.968717457136732]]]}},{"type":"Feature","properties":{"h3":"8860145a3dfffff","score":83.4,"z":2.17,"type":"hot"},"geometry":{"type":"Polygon","coordinates":[[[77.53944918289586,12.953731270979114],[77.53953213722542,12.958717712684521],[77.5353640536274,12.961224611810042],[77.53111328519338,12.95874514336712],[77.53103047499181,12.95375893596029],[77.53519828910204,12.951251962695661],[77.53944918289586,12.953731270979114],[77.53944918289586,12.953731270979114]]]}},{"type":"Feature","properties":{"h3":"8860145a09fffff","score":84.5,"z":2.3,"type":"hot"},"geometry":{"type":"Polygon","coordinates":[[[77.55170450735928,12.931248278684654],[77.55178766545964,12.93623522225754],[77.54761940980329,12.938743104093929],[77.54336826542152,12.936264116259935],[77.54328525146215,12.93127740688165],[77.54745323774935,12.92876945114062],[77.55170450735928,12.931248278684654],[77.55170450735928,12.931248278684654]]]}},{"type":"Feature","properties":{"h3":"8860145a43fffff","score":86.7,"z":2.56,"type":"hot"},"geometry":{"type":"Polygon","coordinates":[[[77.55578959426148,12.923752959061147],[77.55587282028306,12.928740069557065],[77.55170450735928,12.931248278684654],[77.54745323774935,12.92876945114062],[77.54737015587311,12.92378257480454],[77.55153819946729,12.921274291850498],[77.55578959426148,12.923752959061147],[77.55578959426148,12.923752959061147]]]}},{"type":"Feature","properties":{"h3":"88618924a1fffff","score":90.4,"z":3.01,"type":"hot"},"geometry":{"type":"Polygon","coordinates":[[[77.58080173254649,12.908698840180117],[77.58088538278467,12.913686751901249],[77.57671630292104,12.91619612170613],[77.57246384196604,12.91371765334326],[77.57238033592844,12.908729975544404],[77.57654914665102,12.906220532183939],[77.58080173254649,12.908698840180117],[77.58080173254649,12.908698840180117]]]}},{"type":"Feature","properties":{"h3":"88618925dbfffff","score":87.3,"z":2.64,"type":"hot"},"geometry":{"type":"Polygon","coordinates":[[[77.5976469146634,12.908635751813184],[77.59773085337255,12.913624131126737],[77.59356112152417,12.916134007427733],[77.58930772000387,12.913655577854112],[77.58922392554183,12.908667432294715],[77.59339338835875,12.906157482552594],[77.5976469146634,12.908635751813184],[77.5976469146634,12.908635751813184]]]}},{"type":"Feature","properties":{"h3":"88618925d9fffff","score":85.6,"z":2.43,"type":"hot"},"geometry":{"type":"Polygon","coordinates":[[[77.60607069965997,12.908603798660492],[77.6061547826395,12.913592411644068],[77.60198472500463,12.91610254118637],[77.59773085337255,12.913624131126737],[77.5976469146634,12.908635751813184],[77.60181670332169,12.906125548887024],[77.60607069965997,12.908603798660492],[77.60607069965997,12.908603798660492]]]}},{"type":"Feature","properties":{"h3":"8861892435fffff","score":90.9,"z":3.07,"type":"hot"},"geometry":{"type":"Polygon","coordinates":[[[77.62292065627224,12.90853907404168],[77.62300502786228,12.913528154112772],[77.61883431906658,12.916038790123906],[77.61457950755329,12.91356041933107],[77.61449528028011,12.908571572761636],[77.61866572020912,12.906060863481166],[77.62292065627224,12.90853907404168],[77.62292065627224,12.90853907404168]]]}},{"type":"Feature","properties":{"h3":"8861892519fffff","score":83.7,"z":2.2,"type":"hot"},"geometry":{"type":"Polygon","coordinates":[[[77.64845597647793,12.923409181203796],[77.64854078963474,12.928398861910239],[77.64436889276138,12.930909857999453],[77.64011245146284,12.928431246576572],[77.64002778270722,12.923441799104596],[77.64419941085474,12.920930729818785],[77.64845597647793,12.923409181203796],[77.64845597647793,12.923409181203796]]]}},{"type":"Feature","properties":{"h3":"886189252bfffff","score":87.7,"z":2.68,"type":"hot"},"geometry":{"type":"Polygon","coordinates":[[[77.66582540177752,12.953283506006171],[77.6659105208228,12.95827345210748],[77.66173754920028,12.960784155201544],[77.65747972720243,12.958304985472102],[77.65739475263415,12.953315272407579],[77.66156745559249,12.950804496033449],[77.66582540177752,12.953283506006171],[77.66582540177752,12.953283506006171]]]}},{"type":"Feature","properties":{"h3":"8861892e1bfffff","score":89.3,"z":2.88,"type":"hot"},"geometry":{"type":"Polygon","coordinates":[[[77.6704244073145,12.975722535525643],[77.67050961138378,12.980712445705997],[77.66633615860084,12.983222675096087],[77.66207777042752,12.98074306770336],[77.66199271086889,12.975753390495637],[77.66616589497872,12.973243087705745],[77.6704244073145,12.975722535525643],[77.6704244073145,12.975722535525643]]]}},{"type":"Feature","properties":{"h3":"8861892ea5fffff","score":90.3,"z":3,"type":"hot"},"geometry":{"type":"Polygon","coordinates":[[[77.6458947382943,13.020715943951997],[77.64597953433073,13.025704845700302],[77.64180641917639,13.028213109662252],[77.63754877690366,13.025732545742075],[77.63746412535254,13.020743877175047],[77.6416369715946,13.018235539344685],[77.6458947382943,13.020715943951997],[77.6458947382943,13.020715943951997]]]}},{"type":"Feature","properties":{"h3":"8861892c8bfffff","score":83.7,"z":2.2,"type":"hot"},"geometry":{"type":"Polygon","coordinates":[[[77.60400185868265,13.035815962553674],[77.60408594093023,13.0408035931853],[77.59991424164286,13.043310183913253],[77.59565872932593,13.040829218261155],[77.59557479146218,13.035841821216845],[77.59974622153729,13.033335156235088],[77.60400185868265,13.035815962553674],[77.60400185868265,13.035815962553674]]]}},{"type":"Feature","properties":{"h3":"8861892c93fffff","score":85.4,"z":2.41,"type":"hot"},"geometry":{"type":"Polygon","coordinates":[[[77.57872304705529,13.03589271428492],[77.57880669622129,13.040879643902406],[77.5746359756142,13.043385471858297],[77.57038187522379,13.040904444620118],[77.57029837037169,13.035917748842053],[77.5744688216019,13.033411846460544],[77.57872304705529,13.03589271428492],[77.57872304705529,13.03589271428492]]]}},{"type":"Feature","properties":{"h3":"886014595dfffff","score":86.2,"z":2.5,"type":"hot"},"geometry":{"type":"Polygon","coordinates":[[[77.55320177705151,13.021008102136085],[77.55328498502865,13.02599443426082],[77.5491154565493,13.028499902741963],[77.5448629896151,13.026019113594797],[77.54477992586713,13.021033015576297],[77.54894918483001,13.018527472596565],[77.55320177705151,13.021008102136085],[77.55320177705151,13.021008102136085]]]}},{"type":"Feature","properties":{"h3":"886014586bfffff","score":85.4,"z":2.41,"type":"hot"},"geometry":{"type":"Polygon","coordinates":[[[77.53586141346356,12.991141748034726],[77.53594431643397,12.996127818327686],[77.53177586611059,12.998633584678293],[77.52752478239907,12.99615335514905],[77.5274420235817,12.991167519159815],[77.53161020432863,12.988661678393951],[77.53586141346356,12.991141748034726],[77.53586141346356,12.991141748034726]]]}},{"type":"Feature","properties":{"h3":"8860145a31fffff","score":86.6,"z":2.55,"type":"hot"},"geometry":{"type":"Polygon","coordinates":[[[77.53103047499181,12.95375893596029],[77.53111328519338,12.95874514336712],[77.52694552856083,12.961251788860727],[77.52269523127477,12.958772301141627],[77.5226125651778,12.953786328117179],[77.52678005226808,12.951279608427308],[77.53103047499181,12.95375893596029],[77.53103047499181,12.95375893596029]]]}},{"type":"Feature","properties":{"h3":"8860145a39fffff","score":85.8,"z":2.46,"type":"hot"},"geometry":{"type":"Polygon","coordinates":[[[77.53511541098,12.94626558778205],[77.53519828910204,12.951251962695661],[77.53103047499181,12.95375893596029],[77.52678005226808,12.951279608427308],[77.526697318255,12.94629346786146],[77.53086486286249,12.9437864204787],[77.53511541098,12.94626558778205],[77.53511541098,12.94626558778205]]]}},{"type":"Feature","properties":{"h3":"88618924b7fffff","score":88.7,"z":2.8,"type":"hot"},"geometry":{"type":"Polygon","coordinates":[[[77.55553993282743,12.908791429010074],[77.55562315053382,12.913778638712374],[77.55145504967537,12.916287248739744],[77.5472040004214,12.913808722789819],[77.54712092684564,12.908821747261712],[77.55128875839902,12.906313063507167],[77.55553993282743,12.908791429010074],[77.55553993282743,12.908791429010074]]]}},{"type":"Feature","properties":{"h3":"88618924abfffff","score":82.8,"z":2.1,"type":"hot"},"geometry":{"type":"Polygon","coordinates":[[[77.57646557269152,12.901232688046463],[77.57654914665102,12.906220532183939],[77.57238033592844,12.908729975544404],[77.56812822040831,12.906251648299785],[77.5680447906304,12.901264038133737],[77.57221333219678,12.89875452123872],[77.57646557269152,12.901232688046463],[77.57646557269152,12.901232688046463]]]}},{"type":"Feature","properties":{"h3":"88618924e5fffff","score":85.5,"z":2.42,"type":"hot"},"geometry":{"type":"Polygon","coordinates":[[[77.60173269667776,12.901137003339592],[77.60181670332169,12.906125548887024],[77.5976469146634,12.908635751813184],[77.59339338835875,12.906157482552594],[77.59330952596622,12.90116917072438],[77.59747904563271,12.89865889443536],[77.60173269667776,12.901137003339592],[77.60173269667776,12.901137003339592]]]}},{"type":"Feature","properties":{"h3":"886189242dfffff","score":87.7,"z":2.68,"type":"hot"},"geometry":{"type":"Polygon","coordinates":[[[77.64820155396173,12.908439940205946],[77.64828635864158,12.913429720276278],[77.6441146741364,12.915941115955865],[77.63985845365849,12.913462804660288],[77.63977379336512,12.908473257838729],[77.64394520916892,12.905961789061731],[77.64820155396173,12.908439940205946],[77.64820155396173,12.908439940205946]]]}},{"type":"Feature","properties":{"h3":"8861892505fffff","score":83.1,"z":2.13,"type":"hot"},"geometry":{"type":"Polygon","coordinates":[[[77.66991324252436,12.94578236307583],[77.66999842955849,12.950772476127156],[77.66582540177752,12.953283506006171],[77.66156745559249,12.950804496033449],[77.66148241303956,12.945814615983943],[77.66565517219622,12.943303512903066],[77.66991324252436,12.94578236307583],[77.66991324252436,12.94578236307583]]]}},{"type":"Feature","properties":{"h3":"8861892e17fffff","score":82.4,"z":2.05,"type":"hot"},"geometry":{"type":"Polygon","coordinates":[[[77.67068002804153,12.9906921637643],[77.67076524063027,12.995681971491507],[77.66659157531416,12.998191800161353],[77.66233296611257,12.995711894600392],[77.6622478980492,12.990722319831097],[77.6664212946678,12.988212417662574],[77.67068002804153,12.9906921637643],[77.67068002804153,12.9906921637643]]]}},{"type":"Feature","properties":{"h3":"8861892eedfffff","score":88,"z":2.72,"type":"hot"},"geometry":{"type":"Polygon","coordinates":[[[77.66659157531416,12.998191800161353],[77.66667671989386,13.003181439942923],[77.66250311074502,13.005690941173057],[77.65824462575966,13.003210876196203],[77.65815962570115,12.998221469407355],[77.66233296611257,12.995711894600392],[77.66659157531416,12.998191800161353],[77.66659157531416,12.998191800161353]]]}},{"type":"Feature","properties":{"h3":"8861892c11fffff","score":82.5,"z":2.06,"type":"hot"},"geometry":{"type":"Polygon","coordinates":[[[77.64614913488245,13.035682544904729],[77.64623393939796,13.040671342210214],[77.64206061172821,13.04317920414449],[77.63780274848546,13.040698342738118],[77.63771808846998,13.035709778598912],[77.64189114720297,13.033201842697524],[77.64614913488245,13.035682544904729],[77.64614913488245,13.035682544904729]]]}},{"type":"Feature","properties":{"h3":"8861892cebfffff","score":88,"z":2.72,"type":"hot"},"geometry":{"type":"Polygon","coordinates":[[[77.62519967620005,13.043232421487607],[77.62528412373058,13.048220583262673],[77.6211115035902,13.05072760832556],[77.61685470501199,13.048246545770983],[77.61677040193081,13.043258617365309],[77.62094275298426,13.040751518142564],[77.62519967620005,13.043232421487607],[77.62519967620005,13.043232421487607]]]}},{"type":"Feature","properties":{"h3":"8861892c83fffff","score":88.4,"z":2.77,"type":"hot"},"geometry":{"type":"Polygon","coordinates":[[[77.59991424164286,13.043310183913253],[77.59999825589513,13.048297645327704],[77.59582661344515,13.050803907470451],[77.59157122600065,13.048322782528343],[77.59148735612794,13.043335554735702],[77.59565872932593,13.040829218261155],[77.59991424164286,13.043310183913253],[77.59991424164286,13.043310183913253]]]}},{"type":"Feature","properties":{"h3":"8861892c97fffff","score":83.8,"z":2.22,"type":"hot"},"geometry":{"type":"Polygon","coordinates":[[[77.5830612673679,13.043360650691989],[77.58314499288439,13.048347644778772],[77.57897400291556,13.050853398288298],[77.57471955679776,13.048372232155202],[77.5746359756142,13.043385471858297],[77.57880669622129,13.040879643902406],[77.5830612673679,13.043360650691989],[77.5830612673679,13.043360650691989]]]}},{"type":"Feature","properties":{"h3":"8860145969fffff","score":82.3,"z":2.04,"type":"hot"},"geometry":{"type":"Polygon","coordinates":[[[77.5746359756142,13.043385471858297],[77.57471955679776,13.048372232155202],[77.57054889327553,13.05087773134224],[77.56629491799204,13.048396544733846],[77.56621148111807,13.043410018310801],[77.57038187522379,13.040904444620118],[77.5746359756142,13.043385471858297],[77.5746359756142,13.043385471858297]]]}},{"type":"Feature","properties":{"h3":"886014590dfffff","score":86.5,"z":2.54,"type":"hot"},"geometry":{"type":"Polygon","coordinates":[[[77.55778778413058,13.043434290125754],[77.55787107671829,13.048420582591008],[77.55370106650079,13.050925573121656],[77.54944803322739,13.048444345802988],[77.54936488490259,13.043458287379424],[77.5535346255941,13.04095322223067],[77.55778778413058,13.043434290125754],[77.55778778413058,13.043434290125754]]]}},{"type":"Feature","properties":{"h3":"8860145863fffff","score":87.2,"z":2.62,"type":"hot"},"geometry":{"type":"Polygon","coordinates":[[[77.53177586611059,12.998633584678293],[77.53185870114037,13.003619486471214],[77.52769030830414,13.006124924398854],[77.52343935005995,13.00364453502473],[77.52335665917884,12.998658867569986],[77.52752478239907,12.99615335514905],[77.53177586611059,12.998633584678293],[77.53177586611059,12.998633584678293]]]}},{"type":"Feature","properties":{"h3":"8860145a1dfffff","score":88.8,"z":2.82,"type":"hot"},"geometry":{"type":"Polygon","coordinates":[[[77.53486679317479,12.931306262518282],[77.53494966301652,12.93629273761814],[77.5307820609345,12.938800112554377],[77.52653185849474,12.936321086407585],[77.52644913274727,12.931334845669976],[77.53061646535112,12.92882739671478],[77.53486679317479,12.931306262518282],[77.53486679317479,12.931306262518282]]]}},{"type":"Feature","properties":{"h3":"8861892509fffff","score":88.3,"z":2.76,"type":"hot"},"geometry":{"type":"Polygon","coordinates":[[[77.66965769845359,12.93081182293575],[77.66974287697205,12.93580203640473],[77.6655700616599,12.93831346605206],[77.66131233643492,12.935834755330895],[77.66122730238291,12.930844774878166],[77.6653998490952,12.92833327212808],[77.66965769845359,12.93081182293575],[77.66965769845359,12.93081182293575]]]}},{"type":"Feature","properties":{"h3":"8860145953fffff","score":86,"z":2.48,"type":"hot"},"geometry":{"type":"Polygon","coordinates":[[[77.53635887271304,13.021057654946935],[77.5364417922552,13.026043518775353],[77.53227291768263,13.028548478935795],[77.5280213931993,13.026067649878684],[77.52793861783954,13.021082020324148],[77.53210722278651,13.018576985550698],[77.53635887271304,13.021057654946935],[77.53635887271304,13.021057654946935]]]}},{"type":"Feature","properties":{"h3":"886014582dfffff","score":82.1,"z":2.01,"type":"hot"},"geometry":{"type":"Polygon","coordinates":[[[77.53202437947819,13.013591186982596],[77.53210722278651,13.018576985550698],[77.52793861783954,13.021082020324148],[77.52368743923067,13.01860133111951],[77.52360474008573,13.013615766874665],[77.52777307539209,13.011110657509047],[77.53202437947819,13.013591186982596],[77.53202437947819,13.013591186982596]]]}},{"type":"Feature","properties":{"h3":"8860145857fffff","score":85.3,"z":2.4,"type":"hot"},"geometry":{"type":"Polygon","coordinates":[[[77.51035824397468,12.976261935354218],[77.51044070631623,12.981247404657552],[77.50627344972142,12.98375281218316],[77.50202400050597,12.981272824890995],[77.50194168223254,12.976287590157305],[77.50610866911224,12.973782108143984],[77.51035824397468,12.976261935354218],[77.51035824397468,12.976261935354218]]]}},{"type":"Feature","properties":{"h3":"8860145ae5fffff","score":84.5,"z":2.3,"type":"hot"},"geometry":{"type":"Polygon","coordinates":[[[77.51419545370368,12.953813447525418],[77.51427797571944,12.958799186083748],[77.51011087342772,12.961305324301408],[77.50586151877711,12.958825798269155],[77.50577914081917,12.953840294260655],[77.50994597345982,12.951334081732439],[77.51419545370368,12.953813447525418],[77.51419545370368,12.953813447525418]]]}},{"type":"Feature","properties":{"h3":"8861892495fffff","score":83.2,"z":2.14,"type":"hot"},"geometry":{"type":"Polygon","coordinates":[[[77.55937496507038,12.886332791061669],[77.5594582423694,12.891320265369508],[77.5552902963364,12.893829602694863],[77.55103934225114,12.891351539259826],[77.55095620907238,12.88636429910554],[77.55512388586442,12.883854888230594],[77.55937496507038,12.886332791061669],[77.55937496507038,12.886332791061669]]]}},{"type":"Feature","properties":{"h3":"8861892481fffff","score":84.2,"z":2.26,"type":"hot"},"geometry":{"type":"Polygon","coordinates":[[[77.57621486751333,12.886268959032275],[77.5762984331228,12.891256901395336],[77.57212983450246,12.893766744882504],[77.56787793941012,12.891288719439663],[77.56779451796753,12.886301011062244],[77.57196284745619,12.883791094139852],[77.57621486751333,12.886268959032275],[77.57621486751333,12.886268959032275]]]}},{"type":"Feature","properties":{"h3":"88618924e9fffff","score":87.7,"z":2.68,"type":"hot"},"geometry":{"type":"Polygon","coordinates":[[[77.60148069353451,12.886171170010382],[77.60156469178432,12.891159813825924],[77.59739511531095,12.893670416521754],[77.59314180956089,12.891192448663364],[77.59305795554779,12.886204038581214],[77.59722726305384,12.883693362621848],[77.60148069353451,12.886171170010382],[77.60148069353451,12.886171170010382]]]}},{"type":"Feature","properties":{"h3":"8861892403fffff","score":84.3,"z":2.28,"type":"hot"},"geometry":{"type":"Polygon","coordinates":[[[77.62675368035691,12.886070930018898],[77.62683811145624,12.891060274529558],[77.62266755836544,12.893571636392268],[77.61841284298355,12.891093726833851],[77.6183285561906,12.886104615803987],[77.62249884047894,12.88359318084955],[77.62675368035691,12.886070930018898],[77.62675368035691,12.886070930018898]]]}},{"type":"Feature","properties":{"h3":"886189240dfffff","score":83.1,"z":2.13,"type":"hot"},"geometry":{"type":"Polygon","coordinates":[[[77.64360631310693,12.886002740711302],[77.64369103288865,12.890992551930687],[77.63951982940713,12.893504419880962],[77.63526417484195,12.891026549586758],[77.63517959941302,12.886036971679564],[77.63935053420224,12.883525030752148],[77.64360631310693,12.886002740711302],[77.64360631310693,12.886002740711302]]]}},{"type":"Feature","properties":{"h3":"8861892559fffff","score":82.1,"z":2.01,"type":"hot"},"geometry":{"type":"Polygon","coordinates":[[[77.66505945799359,12.908372485503635],[77.66514455151588,12.91336273181828],[77.66097221722652,12.915874633919856],[77.65671505801154,12.913396362687216],[77.65663010892206,12.908406349452523],[77.66080217462051,12.90589437436825],[77.66505945799359,12.908372485503635],[77.66505945799359,12.908372485503635]]]}},{"type":"Feature","properties":{"h3":"8861892565fffff","score":86.1,"z":2.49,"type":"hot"},"geometry":{"type":"Polygon","coordinates":[[[77.69112211259636,12.953186562319235],[77.69120766521141,12.958177207023978],[77.6870337197016,12.960688670790839],[77.68277449008043,12.958209562958562],[77.68268908201176,12.95321915103711],[77.68686275902361,12.950707614162388],[77.69112211259636,12.953186562319235],[77.69112211259636,12.953186562319235]]]}},{"type":"Feature","properties":{"h3":"8861892c5dfffff","score":84.9,"z":2.35,"type":"hot"},"geometry":{"type":"Polygon","coordinates":[[[77.67119134617862,13.020630494093403],[77.67127657581017,13.025620094879432],[77.66710248536322,13.028129121158127],[77.66284343403686,13.025648620344771],[77.6627583489602,13.020659252486917],[77.66693217066076,13.018150152511957],[77.67119134617862,13.020630494093403],[77.67119134617862,13.020630494093403]]]}},{"type":"Feature","properties":{"h3":"8860145807fffff","score":82.6,"z":2.07,"type":"hot"},"geometry":{"type":"Polygon","coordinates":[[[77.51493825079757,12.998683876959351],[77.51502079755339,13.00366930999217],[77.51085305922456,13.00617423993458],[77.50660304387056,13.00369381144963],[77.50652064121658,12.998708612922398],[77.51068810982058,12.996203608372404],[77.51493825079757,12.998683876959351],[77.51493825079757,12.998683876959351]]]}},{"type":"Feature","properties":{"h3":"8861892e07fffff","score":85.1,"z":2.37,"type":"hot"},"geometry":{"type":"Polygon","coordinates":[[[77.69189218879184,12.99810114337883],[77.69197776707402,13.00309148163176],[77.6878031837918,13.005601744609306],[77.68354329080432,13.003121742736212],[77.68345785711276,12.998131637222574],[77.68763217182382,12.99562130084047],[77.69189218879184,12.99810114337883],[77.69189218879184,12.99810114337883]]]}},{"type":"Feature","properties":{"h3":"8861892c01fffff","score":83.7,"z":2.2,"type":"hot"},"geometry":{"type":"Polygon","coordinates":[[[77.66735797870662,13.04309731302061],[77.66744314883223,13.04808664037829],[77.66326890196378,13.05059493689312],[77.65900975378622,13.048113979920947],[77.65892472822603,13.04312488551108],[77.66309870628373,13.040616515123288],[77.66735797870662,13.04309731302061],[77.66735797870662,13.04309731302061]]]}},{"type":"Feature","properties":{"h3":"8861892c37fffff","score":83,"z":2.12,"type":"hot"},"geometry":{"type":"Polygon","coordinates":[[[77.64665800437808,13.065614802758144],[77.64674282585558,13.070603389144726],[77.6425690730906,13.073110446075102],[77.63831076783957,13.070628990780966],[77.6382260908916,13.065640637530326],[77.64239957467089,13.063133506435634],[77.64665800437808,13.065614802758144],[77.64665800437808,13.065614802758144]]]}},{"type":"Feature","properties":{"h3":"8861892cadfffff","score":82.3,"z":2.04,"type":"hot"},"geometry":{"type":"Polygon","coordinates":[[[77.62136465059086,13.065691480159252],[77.62144903854944,13.070679366885209],[77.61727626256564,13.073185660391347],[77.61301936778024,13.0707041415057],[77.61293512428146,13.065716488168416],[77.61710763111408,13.06321012032587],[77.62136465059086,13.065691480159252],[77.62136465059086,13.065691480159252]]]}},{"type":"Feature","properties":{"h3":"8860169659fffff","score":84.4,"z":2.29,"type":"hot"},"geometry":{"type":"Polygon","coordinates":[[[77.57922498386468,13.065813766616033],[77.57930864975697,13.070800485557472],[77.57513750449527,13.07330550661147],[77.570882962773,13.07082388334475],[77.57079944122404,13.065837398212347],[77.57497031705978,13.06333230253544],[77.57922498386468,13.065813766616033],[77.57922498386468,13.065813766616033]]]}},{"type":"Feature","properties":{"h3":"8860145915fffff","score":83.1,"z":2.13,"type":"hot"},"geometry":{"type":"Polygon","coordinates":[[[77.53252148072761,13.043505458508106],[77.53260434059673,13.048491048596784],[77.52843531136403,13.050995276114639],[77.52418369195782,13.048513988331369],[77.52410097628147,13.043528632535807],[77.52826973582441,13.041024330228241],[77.53252148072761,13.043505458508106],[77.53252148072761,13.043505458508106]]]}},{"type":"Feature","properties":{"h3":"8860145ac5fffff","score":82.9,"z":2.11,"type":"hot"},"geometry":{"type":"Polygon","coordinates":[[[77.50961620647132,12.931391194820279],[77.50969864410038,12.936376966582102],[77.5055320234047,12.938883581136958],[77.50128323472708,12.936404498118211],[77.50120094112211,12.931418960969829],[77.50536729217647,12.92891227222464],[77.50961620647132,12.931391194820279],[77.50961620647132,12.931391194820279]]]}},{"type":"Feature","properties":{"h3":"886014516bfffff","score":83,"z":2.12,"type":"hot"},"geometry":{"type":"Polygon","coordinates":[[[77.53412108877502,12.886426499626427],[77.53420393378323,12.891413271221928],[77.53003696765745,12.893921849271178],[77.52578742593376,12.891443729443843],[77.52570472497578,12.886457192253483],[77.52987142169705,12.883948540483177],[77.53412108877502,12.886426499626427],[77.53412108877502,12.886426499626427]]]}},{"type":"Feature","properties":{"h3":"8860a25b05fffff","score":94.4,"z":3.49,"type":"hot"},"geometry":{"type":"Polygon","coordinates":[[[78.4993684705115,17.39102577538083],[78.4994693744603,17.395975747803313],[78.49520359406888,17.3983797652444],[78.49083718044467,17.395833904367375],[78.49073642750602,17.390884149156143],[78.49500193718704,17.388480037606882],[78.4993684705115,17.39102577538083],[78.4993684705115,17.39102577538083]]]}},{"type":"Feature","properties":{"h3":"8860a25b09fffff","score":91.9,"z":3.19,"type":"hot"},"geometry":{"type":"Polygon","coordinates":[[[78.49906577919862,17.376175258116568],[78.49916667288082,17.381125530466544],[78.49490111387574,17.38353002374592],[78.49053493188,17.38098433870496],[78.49043418919231,17.37603428360683],[78.49469947751145,17.373629696294074],[78.49906577919862,17.376175258116568],[78.49906577919862,17.376175258116568]]]}},{"type":"Feature","properties":{"h3":"8860a25b29fffff","score":83.5,"z":2.18,"type":"hot"},"geometry":{"type":"Polygon","coordinates":[[[78.50383625910789,17.398521538116306],[78.50393724370808,17.403471468898957],[78.49967119262575,17.40587539222447],[78.49530442763975,17.40332947887913],[78.49520359406888,17.3983797652444],[78.4994693744603,17.395975747803313],[78.50383625910789,17.398521538116306],[78.50383625910789,17.398521538116306]]]}},{"type":"Feature","properties":{"h3":"8860a25b2bfffff","score":86.2,"z":2.5,"type":"hot"},"geometry":{"type":"Polygon","coordinates":[[[78.49520359406888,17.3983797652444],[78.49530442763975,17.40332947887913],[78.49103869657411,17.405733114406754],[78.48667240269751,17.40318713047132],[78.48657172013331,17.39823763407046],[78.49083718044467,17.395833904367375],[78.49520359406888,17.3983797652444],[78.49520359406888,17.3983797652444]]]}},{"type":"Feature","properties":{"h3":"8860a25b39fffff","score":85.5,"z":2.42,"type":"hot"},"geometry":{"type":"Polygon","coordinates":[[[78.4821051757115,17.39074216481242],[78.48220577766266,17.395691702726506],[78.4779406375842,17.39809514470272],[78.4735751663972,17.395549142988926],[78.4734747154108,17.390599822457876],[78.47773958465227,17.388196286253816],[78.4821051757115,17.39074216481242],[78.4821051757115,17.39074216481242]]]}},{"type":"Feature","properties":{"h3":"8860a25b1dfffff","score":84.8,"z":2.34,"type":"hot"},"geometry":{"type":"Polygon","coordinates":[[[78.48180339032885,17.375892951235866],[78.48190398204476,17.380842788996183],[78.47763906330023,17.3832467070278],[78.47327382365795,17.380700881448384],[78.47317338289116,17.375751261111745],[78.47743803082317,17.37334724892707],[78.48180339032885,17.375892951235866],[78.48180339032885,17.375892951235866]]]}},{"type":"Feature","properties":{"h3":"8860a25b55fffff","score":87.6,"z":2.67,"type":"hot"},"geometry":{"type":"Polygon","coordinates":[[[78.49459866445812,17.368679382845055],[78.49469947751145,17.373629696294074],[78.49043418919231,17.37603428360683],[78.48606835853082,17.373488651492707],[78.4859676964528,17.368538555358782],[78.4902327140666,17.366133874020147],[78.49459866445812,17.368679382845055],[78.49459866445812,17.368679382845055]]]}},{"type":"Feature","properties":{"h3":"8860a25b43fffff","score":88.5,"z":2.78,"type":"hot"},"geometry":{"type":"Polygon","coordinates":[[[78.50323042343081,17.36881985254498],[78.50333138748212,17.373770383223142],[78.49906577919862,17.376175258116568],[78.49469947751145,17.373629696294074],[78.49459866445812,17.368679382845055],[78.49886400209962,17.366274413985625],[78.50323042343081,17.36881985254498],[78.50323042343081,17.36881985254498]]]}},{"type":"Feature","properties":{"h3":"8860a25b61fffff","score":84.5,"z":2.3,"type":"hot"},"geometry":{"type":"Polygon","coordinates":[[[78.51663492902259,17.39130795304042],[78.51673613505973,17.39625835962745],[78.51246971496707,17.398662952577958],[78.50810235942642,17.396117232926056],[78.50800130444479,17.391167043378296],[78.5122674539539,17.38876235643938],[78.51663492902259,17.39130795304042],[78.51663492902259,17.39130795304042]]]}},{"type":"Feature","properties":{"h3":"8860a25b31fffff","score":90.7,"z":3.04,"type":"hot"},"geometry":{"type":"Polygon","coordinates":[[[78.4779406375842,17.39809514470272],[78.47804116916443,17.403044423783836],[78.47377607859077,17.405447483749285],[78.46941072732336,17.402901358925003],[78.46931034670438,17.39795229724951],[78.4735751663972,17.395549142988926],[78.4779406375842,17.39809514470272],[78.4779406375842,17.39809514470272]]]}},{"type":"Feature","properties":{"h3":"8860a25b3bfffff","score":88.6,"z":2.79,"type":"hot"},"geometry":{"type":"Polygon","coordinates":[[[78.4734747154108,17.390599822457876],[78.4735751663972,17.395549142988926],[78.46931034670438,17.39795229724951],[78.46494534693102,17.395406225262942],[78.4648450468867,17.39045712220076],[78.46910959567929,17.38805387365252],[78.4734747154108,17.390599822457876],[78.4734747154108,17.390599822457876]]]}},{"type":"Feature","properties":{"h3":"8860a25b11fffff","score":87,"z":2.6,"type":"hot"},"geometry":{"type":"Polygon","coordinates":[[[78.47317338289116,17.375751261111745],[78.47327382365795,17.380700881448384],[78.46900922527284,17.38310451187281],[78.4646444570023,17.380558616169722],[78.46454416716189,17.375609213342607],[78.4688084946713,17.373205488705306],[78.47317338289116,17.375751261111745],[78.47317338289116,17.375751261111745]]]}},{"type":"Feature","properties":{"h3":"8860a25b19fffff","score":92.4,"z":3.25,"type":"hot"},"geometry":{"type":"Polygon","coordinates":[[[78.47733751969778,17.368397370194177],[78.47743803082317,17.37334724892707],[78.47317338289116,17.375751261111745],[78.4688084946713,17.373205488705306],[78.46870813447582,17.368255827459333],[78.47297251157596,17.36585172112911],[78.47733751969778,17.368397370194177],[78.47733751969778,17.368397370194177]]]}},{"type":"Feature","properties":{"h3":"8860a25b4dfffff","score":90.9,"z":3.07,"type":"hot"},"geometry":{"type":"Polygon","coordinates":[[[78.52049631314556,17.3690997181539],[78.5205975792608,17.37405068303233],[78.51633133150747,17.376456133120072],[78.5119640881597,17.373910712171888],[78.51186297308773,17.36895996435057],[78.51612895032588,17.36655442041654],[78.52049631314556,17.3690997181539],[78.52049631314556,17.3690997181539]]]}},{"type":"Feature","properties":{"h3":"8860b52e93fffff","score":82.5,"z":2.06,"type":"hot"},"geometry":{"type":"Polygon","coordinates":[[[78.5249652932433,17.376596033397835],[78.52506664004491,17.381546956987375],[78.52080012179596,17.383952313221354],[78.51643252724665,17.381406839715787],[78.51633133150747,17.376456133120072],[78.5205975792608,17.37405068303233],[78.5249652932433,17.376596033397835],[78.5249652932433,17.376596033397835]]]}},{"type":"Feature","properties":{"h3":"8860a25b6dfffff","score":86.4,"z":2.53,"type":"hot"},"geometry":{"type":"Polygon","coordinates":[[[78.52526934396144,17.39144850425909],[78.52537070107668,17.396399127799356],[78.521103961363,17.39880400852116],[78.51673613505973,17.39625835962745],[78.51663492902259,17.39130795304042],[78.52090139821622,17.388902978390067],[78.52526934396144,17.39144850425909],[78.52526934396144,17.39144850425909]]]}},{"type":"Feature","properties":{"h3":"8860a25b65fffff","score":86.7,"z":2.56,"type":"hot"},"geometry":{"type":"Polygon","coordinates":[[[78.521103961363,17.39880400852116],[78.52120524808987,17.403754373341698],[78.51693855743318,17.406158872296377],[78.51257085061927,17.403613100422557],[78.51246971496707,17.398662952577958],[78.51673613505973,17.39625835962745],[78.521103961363,17.39880400852116],[78.521103961363,17.39880400852116]]]}},{"type":"Feature","properties":{"h3":"8860a25b25fffff","score":82.7,"z":2.08,"type":"hot"},"geometry":{"type":"Polygon","coordinates":[[[78.50413922318495,17.413371029701096],[78.50424021806192,17.41832065957882],[78.49997394554606,17.420724106733392],[78.49560694887421,17.418178018196667],[78.49550610504224,17.41322860542615],[78.49977210684274,17.41082506408136],[78.50413922318495,17.413371029701096],[78.50413922318495,17.413371029701096]]]}},{"type":"Feature","properties":{"h3":"8860a25b27fffff","score":85.8,"z":2.46,"type":"hot"},"geometry":{"type":"Polygon","coordinates":[[[78.49550610504224,17.41322860542615],[78.49560694887421,17.418178018196667],[78.49134099640123,17.420581177444834],[78.48697447088063,17.418035018168766],[78.48687377807101,17.413085822591334],[78.49113945976524,17.410682569093115],[78.49550610504224,17.41322860542615],[78.49550610504224,17.41322860542615]]]}},{"type":"Feature","properties":{"h3":"8860a2594bfffff","score":88.5,"z":2.78,"type":"hot"},"geometry":{"type":"Polygon","coordinates":[[[78.47824224255432,17.41294268130508],[78.47834278436433,17.41789165960352],[78.47407747243575,17.42029424307263],[78.46971188960815,17.417747942609346],[78.46961149877507,17.412799181675773],[78.47387653979831,17.410396503836886],[78.47824224255432,17.41294268130508],[78.47824224255432,17.41294268130508]]]}},{"type":"Feature","properties":{"h3":"8860a25a2dfffff","score":88,"z":2.72,"type":"hot"},"geometry":{"type":"Polygon","coordinates":[[[78.47703600677218,17.35354713611643],[78.47713650767247,17.358497313717933],[78.4728720810272,17.360901801624983],[78.46850742429467,17.358356205997417],[78.46840707430863,17.35340624592335],[78.47267123014652,17.351001663945688],[78.47703600677218,17.35354713611643],[78.47703600677218,17.35354713611643]]]}},{"type":"Feature","properties":{"h3":"8860b525b7fffff","score":82.8,"z":2.1,"type":"hot"},"geometry":{"type":"Polygon","coordinates":[[[78.50292755182143,17.353967662388364],[78.50302850560065,17.358918492056628],[78.49876311868246,17.361323842346536],[78.49439704860825,17.358778456855504],[78.49429624581138,17.353827844456884],[78.49856136211197,17.351422400275872],[78.50292755182143,17.353967662388364],[78.50292755182143,17.353967662388364]]]}},{"type":"Feature","properties":{"h3":"8860b525a3fffff","score":84,"z":2.24,"type":"hot"},"geometry":{"type":"Polygon","coordinates":[[[78.52019253540709,17.35424622523456],[78.52029379121888,17.359197489184034],[78.51602776488313,17.361603414450677],[78.51166075323194,17.35905816953544],[78.51155964844776,17.354107122683544],[78.51582540429276,17.351701103645528],[78.52019253540709,17.35424622523456],[78.52019253540709,17.35424622523456]]]}},{"type":"Feature","properties":{"h3":"8860b52cd1fffff","score":88.6,"z":2.79,"type":"hot"},"geometry":{"type":"Polygon","coordinates":[[[78.52140783185139,17.413654802138186],[78.5215091288864,17.418604865972355],[78.51724221674392,17.421008888973347],[78.5128742781605,17.41846294220682],[78.51277313221581,17.41351309530788],[78.51703977376982,17.41110897823644],[78.52140783185139,17.413654802138186],[78.52140783185139,17.413654802138186]]]}},{"type":"Feature","properties":{"h3":"8860b52c9bfffff","score":86.8,"z":2.58,"type":"hot"},"geometry":{"type":"Polygon","coordinates":[[[78.49997394554606,17.420724106733392],[78.50007487003279,17.425673477386784],[78.49580864680048,17.42807654237753],[78.49144176984642,17.425530330968495],[78.49134099640123,17.420581177444834],[78.49560694887421,17.418178018196667],[78.49997394554606,17.420724106733392],[78.49997394554606,17.420724106733392]]]}},{"type":"Feature","properties":{"h3":"8860a25943fffff","score":85.2,"z":2.38,"type":"hot"},"geometry":{"type":"Polygon","coordinates":[[[78.47407747243575,17.42029424307263],[78.474177943866,17.42524296207914],[78.46991268148959,17.427645163238758],[78.4655472186378,17.425098739825092],[78.46544689818094,17.420150238205945],[78.46971188960815,17.417747942609346],[78.47407747243575,17.42029424307263],[78.47407747243575,17.42029424307263]]]}},{"type":"Feature","properties":{"h3":"8860a25861fffff","score":87.1,"z":2.61,"type":"hot"},"geometry":{"type":"Polygon","coordinates":[[[78.45621617042167,17.390314064149397],[78.45631631954667,17.395262949656875],[78.45205214108303,17.397665528519962],[78.4476880845265,17.39511931627913],[78.44758808629807,17.390170648412102],[78.45185199373523,17.387767975141738],[78.45621617042167,17.390314064149397],[78.45621617042167,17.390314064149397]]]}},{"type":"Feature","properties":{"h3":"8860a25845fffff","score":87.7,"z":2.68,"type":"hot"},"geometry":{"type":"Polygon","coordinates":[[[78.45591574342352,17.375466808036645],[78.45601588236026,17.38041599326842],[78.4517519251518,17.38281904851207],[78.44738810001415,17.380273012852722],[78.44728811195831,17.375324045302072],[78.45155179816484,17.372920895725933],[78.45591574342352,17.375466808036645],[78.45591574342352,17.375466808036645]]]}},{"type":"Feature","properties":{"h3":"8860a25a29fffff","score":83.1,"z":2.13,"type":"hot"},"geometry":{"type":"Polygon","coordinates":[[[78.47257080981424,17.346051445912416],[78.47267123014652,17.351001663945688],[78.46840707430863,17.35340624592335],[78.4640427689709,17.350860703927022],[78.46394249953369,17.34591070348431],[78.46820638454483,17.343506027443652],[78.47257080981424,17.346051445912416],[78.47257080981424,17.346051445912416]]]}},{"type":"Feature","properties":{"h3":"8860a25a67fffff","score":83.4,"z":2.17,"type":"hot"},"geometry":{"type":"Polygon","coordinates":[[[78.48119991166695,17.3461918312107],[78.48130048291699,17.35114226674867],[78.47703600677218,17.35354713611643],[78.47267123014652,17.351001663945688],[78.47257080981424,17.346051445912416],[78.4768350151955,17.343646482541438],[78.48119991166695,17.3461918312107],[78.48119991166695,17.3461918312107]]]}},{"type":"Feature","properties":{"h3":"8860b525b3fffff","score":90,"z":2.96,"type":"hot"},"geometry":{"type":"Polygon","coordinates":[[[78.49846048895832,17.346471529986257],[78.49856136211197,17.351422400275872],[78.49429624581138,17.353827844456884],[78.48993052699974,17.351282512228035],[78.48982980480923,17.346331859271256],[78.4940946504728,17.34392632120673],[78.49846048895832,17.346471529986257],[78.49846048895832,17.346471529986257]]]}},{"type":"Feature","properties":{"h3":"8860b525abfffff","score":86.1,"z":2.49,"type":"hot"},"geometry":{"type":"Polygon","coordinates":[[[78.52435728461576,17.346888396979704],[78.52445861079478,17.351839918751743],[78.52019253540709,17.35424622523456],[78.51582540429276,17.351701103645528],[78.51572422914484,17.346749798948256],[78.51999003408572,17.34434339876148],[78.52435728461576,17.346888396979704],[78.52435728461576,17.346888396979704]]]}},{"type":"Feature","properties":{"h3":"8860b52eb9fffff","score":87,"z":2.6,"type":"hot"},"geometry":{"type":"Polygon","coordinates":[[[78.54254054378714,17.39172853093384],[78.54264220312652,17.396679588122304],[78.5383748246305,17.39908504441976],[78.53400605719358,17.39653953733366],[78.53390454897757,17.391588696926235],[78.53817165708074,17.389183146820063],[78.54254054378714,17.39172853093384],[78.54254054378714,17.39172853093384]]]}},{"type":"Feature","properties":{"h3":"8860a25867fffff","score":86.1,"z":2.49,"type":"hot"},"geometry":{"type":"Polygon","coordinates":[[[78.45205214108303,17.397665528519962],[78.4521522198477,17.402614155126823],[78.44788809115718,17.40501635183361],[78.44352415477786,17.40247001640434],[78.4434242269062,17.397521607460448],[78.4476880845265,17.39511931627913],[78.45205214108303,17.397665528519962],[78.45205214108303,17.397665528519962]]]}},{"type":"Feature","properties":{"h3":"8860a25841fffff","score":84.5,"z":2.3,"type":"hot"},"geometry":{"type":"Polygon","coordinates":[[[78.45145173976105,17.367971669711235],[78.45155179816484,17.372920895725933],[78.44728811195831,17.375324045302072],[78.44292463837483,17.372778063184732],[78.44282473083274,17.367829054914342],[78.44708814601806,17.365425811013257],[78.45145173976105,17.367971669711235],[78.45145173976105,17.367971669711235]]]}},{"type":"Feature","properties":{"h3":"8860b52ed7fffff","score":85.4,"z":2.41,"type":"hot"},"geometry":{"type":"Polygon","coordinates":[[[78.54640107288817,17.36951683047133],[78.54650279226897,17.3744684460045],[78.54223558645948,17.37687475896569],[78.53786693159927,17.374329550056512],[78.53776536332958,17.369378151322124],[78.54203229881462,17.366971744694336],[78.54640107288817,17.36951683047133],[78.54640107288817,17.36951683047133]]]}},{"type":"Feature","properties":{"h3":"8860b52c97fffff","score":85.2,"z":2.38,"type":"hot"},"geometry":{"type":"Polygon","coordinates":[[[78.50027672927716,17.435571916994174],[78.50037766403516,17.44052098580646],[78.49611121934832,17.442923574185617],[78.49174411069288,17.440377188080625],[78.49164332699206,17.435428336357216],[78.49590950089514,17.433025653646133],[78.50027672927716,17.435571916994174],[78.50027672927716,17.435571916994174]]]}},{"type":"Feature","properties":{"h3":"8860a2590dfffff","score":82.5,"z":2.06,"type":"hot"},"geometry":{"type":"Polygon","coordinates":[[[78.4743788969504,17.435140098515244],[78.47447937860488,17.440088515803254],[78.4702138948526,17.44249024002626],[78.46584820042513,17.439943641468982],[78.4657478697597,17.434995441527413],[78.47001308253832,17.432593622792943],[78.4743788969504,17.435140098515244],[78.4743788969504,17.435140098515244]]]}},{"type":"Feature","properties":{"h3":"8860a25957fffff","score":84.3,"z":2.28,"type":"hot"},"geometry":{"type":"Polygon","coordinates":[[[78.45681711612164,17.42000587503019],[78.45691728562782,17.424954159176238],[78.45265266458573,17.427355784505288],[78.44828814511857,17.42480922024116],[78.4481881265403,17.41986115365398],[78.4524524765069,17.417459433768336],[78.45681711612164,17.42000587503019],[78.45681711612164,17.42000587503019]]]}},{"type":"Feature","properties":{"h3":"8860a25953fffff","score":83.9,"z":2.23,"type":"hot"},"geometry":{"type":"Polygon","coordinates":[[[78.45235238755947,17.41251110782185],[78.4524524765069,17.417459433768336],[78.4481881265403,17.41986115365398],[78.44382395872667,17.417314642138585],[78.44372402068792,17.412366533814236],[78.44798809955975,17.409964719379417],[78.45235238755947,17.41251110782185],[78.45235238755947,17.41251110782185]]]}},{"type":"Feature","properties":{"h3":"8860a25a35fffff","score":82.3,"z":2.04,"type":"hot"},"geometry":{"type":"Polygon","coordinates":[[[78.45115158490621,17.35312339403132],[78.45125163313189,17.358072918793017],[78.44698816813329,17.360476544416883],[78.44262492591135,17.35793073952532],[78.4425250285317,17.35298143254846],[78.44678822253361,17.350577712674617],[78.45115158490621,17.35312339403132],[78.45115158490621,17.35312339403132]]]}},{"type":"Feature","properties":{"h3":"8860a25a3dfffff","score":85.7,"z":2.44,"type":"hot"},"geometry":{"type":"Polygon","coordinates":[[[78.45531498110766,17.34576960403437],[78.45541509967254,17.350719386800648],[78.45115158490621,17.35312339403132],[78.44678822253361,17.350577712674617],[78.44668825481835,17.34562814767056],[78.45095149863174,17.34322404625728],[78.45531498110766,17.34576960403437],[78.45531498110766,17.34576960403437]]]}},{"type":"Feature","properties":{"h3":"8860b52597fffff","score":82.7,"z":2.08,"type":"hot"},"geometry":{"type":"Polygon","coordinates":[[[78.4981578900215,17.331618322952004],[78.49825875291323,17.336569491253336],[78.49399385793079,17.33897541049716],[78.4896283706748,17.336430255244395],[78.48952765873054,17.331479304316286],[78.4937922831004,17.329073291263985],[78.4981578900215,17.331618322952004],[78.4981578900215,17.331618322952004]]]}},{"type":"Feature","properties":{"h3":"8860b525e7fffff","score":84.4,"z":2.29,"type":"hot"},"geometry":{"type":"Polygon","coordinates":[[[78.54162576489519,17.347164519605016],[78.5417273932042,17.352116475268144],[78.53746067919054,17.354523356673056],[78.53309260719317,17.35197837599518],[78.53299112996045,17.347026637234517],[78.53725757365443,17.34461966224546],[78.54162576489519,17.347164519605016],[78.54162576489519,17.347164519605016]]]}},{"type":"Feature","properties":{"h3":"8860a25963fffff","score":82.4,"z":2.05,"type":"hot"},"geometry":{"type":"Polygon","coordinates":[[[78.47884554457177,17.442635043640344],[78.47894610684595,17.44758341846095],[78.47468035213934,17.449985048165175],[78.47031430611851,17.44743839756381],[78.4702138948526,17.44249024002626],[78.47447937860488,17.440088515803254],[78.47884554457177,17.442635043640344],[78.47884554457177,17.442635043640344]]]}},{"type":"Feature","properties":{"h3":"8860a2582bfffff","score":82.5,"z":2.06,"type":"hot"},"geometry":{"type":"Polygon","coordinates":[[[78.4347971055281,17.397377328749023],[78.43489688252953,17.402325519944274],[78.43063339585679,17.40472714120212],[78.42627040338452,17.402180665855088],[78.42617077723057,17.397232692494157],[78.43043399270708,17.39483097664222],[78.4347971055281,17.397377328749023],[78.4347971055281,17.397377328749023]]]}},{"type":"Feature","properties":{"h3":"8860a2580bfffff","score":83.3,"z":2.16,"type":"hot"},"geometry":{"type":"Polygon","coordinates":[[[78.43003522697559,17.375037447980176],[78.43013491333791,17.37998597991138],[78.42587191903755,17.38238817246847],[78.4215095095714,17.37984192760246],[78.42140997402166,17.374893613609473],[78.42567269713115,17.372491326540576],[78.43003522697559,17.375037447980176],[78.43003522697559,17.375037447980176]]]}},{"type":"Feature","properties":{"h3":"8860a25a03fffff","score":82.3,"z":2.04,"type":"hot"},"geometry":{"type":"Polygon","coordinates":[[[78.45501464578068,17.33091965997419],[78.45511475416191,17.335869740550205],[78.4508514605826,17.338274223386826],[78.44648832955615,17.33572871975127],[78.44638837200884,17.330778856977904],[78.45065139465973,17.328374280033735],[78.45501464578068,17.33091965997419],[78.45501464578068,17.33091965997419]]]}},{"type":"Feature","properties":{"h3":"8860a25a47fffff","score":85.2,"z":2.38,"type":"hot"},"geometry":{"type":"Polygon","coordinates":[[[78.47643307293282,17.3238439838904],[78.4765335533876,17.32879475731334],[78.47226956924764,17.331200195889522],[78.46790537541703,17.328654954959514],[78.46780504584521,17.323704399144777],[78.4720687592267,17.321298866648142],[78.47643307293282,17.3238439838904],[78.47643307293282,17.3238439838904]]]}},{"type":"Feature","properties":{"h3":"8860b52591fffff","score":83,"z":2.12,"type":"hot"},"geometry":{"type":"Polygon","coordinates":[[[78.50232190103753,17.324260596913362],[78.50242283427723,17.32921202264532],[78.4981578900215,17.331618322952004],[78.4937922831004,17.329073291263985],[78.4936915008117,17.324122082882393],[78.49795617449873,17.321715688834708],[78.50232190103753,17.324260596913362],[78.50232190103753,17.324260596913362]]]}},{"type":"Feature","properties":{"h3":"8860b5258bfffff","score":84.2,"z":2.26,"type":"hot"},"geometry":{"type":"Polygon","coordinates":[[[78.51958507264712,17.324536553507116],[78.51968630785669,17.32948841368167],[78.5154207242879,17.331895288529573],[78.51105417595706,17.329350396820438],[78.51095309174374,17.32439875382413],[78.51521840487061,17.321991785354957],[78.51958507264712,17.324536553507116],[78.51958507264712,17.324536553507116]]]}},{"type":"Feature","properties":{"h3":"8860b52ee3fffff","score":82.1,"z":2.01,"type":"hot"},"geometry":{"type":"Polygon","coordinates":[[[78.56845326413458,17.392145879919845],[78.56855537697945,17.397097586934343],[78.56428704146046,17.39950390667719],[78.55991686330384,17.396958613030616],[78.55981490165004,17.39200712253857],[78.56408296696738,17.389600709166803],[78.56845326413458,17.392145879919845],[78.56845326413458,17.392145879919845]]]}},{"type":"Feature","properties":{"h3":"8860b52cebfffff","score":82.7,"z":2.08,"type":"hot"},"geometry":{"type":"Polygon","coordinates":[[[78.54345560200885,17.436284432998782],[78.5435572923927,17.44123458596581],[78.53928924920956,17.44363861483117],[78.53491978611424,17.441092584758163],[78.53481824690083,17.436142648449998],[78.5390860196179,17.43373852555217],[78.54345560200885,17.436284432998782],[78.54345560200885,17.436284432998782]]]}},{"type":"Feature","properties":{"h3":"8860a25939fffff","score":82.3,"z":2.04,"type":"hot"},"geometry":{"type":"Polygon","coordinates":[[[78.45295297216646,17.442199556658622],[78.45305308148403,17.44714727937274],[78.4487882888971,17.44954804484437],[78.44442365814204,17.447001182296376],[78.44432369976445,17.442053677122566],[78.44858822120759,17.439652816952712],[78.45295297216646,17.442199556658622],[78.45295297216646,17.442199556658622]]]}},{"type":"Feature","properties":{"h3":"8860a25859fffff","score":82,"z":2,"type":"hot"},"geometry":{"type":"Polygon","coordinates":[[[78.43389926475098,17.352839114185187],[78.43399901130734,17.357788203291435],[78.42973618816852,17.36019125411572],[78.4253738896016,17.357645310199576],[78.42527429384573,17.35269643904962],[78.42953684586195,17.350293293855806],[78.43389926475098,17.352839114185187],[78.43389926475098,17.352839114185187]]]}},{"type":"Feature","properties":{"h3":"8860b525c5fffff","score":82.7,"z":2.08,"type":"hot"},"geometry":{"type":"Polygon","coordinates":[[[78.5454857537055,17.324947808113954],[78.5455874420395,17.329900319306503],[78.54132090064913,17.332308056046763],[78.53695294118161,17.32976337503226],[78.53685140391168,17.32481108075952],[78.54111767505077,17.322403250577672],[78.5454857537055,17.324947808113954],[78.5454857537055,17.324947808113954]]]}},{"type":"Feature","properties":{"h3":"8860a259cdfffff","score":83.1,"z":2.13,"type":"hot"},"geometry":{"type":"Polygon","coordinates":[[[78.43093252594014,17.419570636734605],[78.43103224273094,17.42451826794698],[78.42676858483402,17.4269190296162],[78.42240548141648,17.42437225480529],[78.4223059154852,17.419424841408784],[78.42656930211758,17.417023985003627],[78.43093252594014,17.419570636734605],[78.43093252594014,17.419570636734605]]]}},{"type":"Feature","properties":{"h3":"8860b52531fffff","score":82.3,"z":2.04,"type":"hot"},"geometry":{"type":"Polygon","coordinates":[[[78.56753440439915,17.347576018334433],[78.56763648607244,17.352528624187745],[78.56336881526984,17.354936368056258],[78.55899933292808,17.35239159947204],[78.55889740239876,17.347439210262536],[78.5631648030728,17.345031372989638],[78.56753440439915,17.347576018334433],[78.56753440439915,17.347576018334433]]]}},{"type":"Feature","properties":{"h3":"8842cea645fffff","score":82.7,"z":2.08,"type":"hot"},"geometry":{"type":"Polygon","coordinates":[[[72.56917370033784,23.02286560532919],[72.56983771935464,23.018447235076486],[72.57468957954404,23.016745715295038],[72.57887783771079,23.01946227190684],[72.5782144038784,23.023880737703543],[72.5733621266746,23.025582551373162],[72.56917370033784,23.02286560532919],[72.56917370033784,23.02286560532919]]]}},{"type":"Feature","properties":{"h3":"8842cea669fffff","score":85.8,"z":2.46,"type":"hot"},"geometry":{"type":"Polygon","coordinates":[[[72.5656498718226,23.01573047521981],[72.56631405251923,23.011312585026584],[72.57116549572562,23.009611359068302],[72.57535317519813,23.012327729508776],[72.57468957954404,23.016745715295038],[72.56983771935464,23.018447235076486],[72.5656498718226,23.01573047521981],[72.5656498718226,23.01573047521981]]]}},{"type":"Feature","properties":{"h3":"8842cea641fffff","score":87.3,"z":2.64,"type":"hot"},"geometry":{"type":"Polygon","coordinates":[[[72.57269826942527,23.03000140161274],[72.5733621266746,23.025582551373162],[72.5782144038784,23.023880737703543],[72.58240324085848,23.02659748034899],[72.5817399689355,23.03101642608346],[72.57688727468587,23.03271853370631],[72.57269826942527,23.03000140161274],[72.57269826942527,23.03000140161274]]]}},{"type":"Feature","properties":{"h3":"8842cea64dfffff","score":97.1,"z":3.81,"type":"hot"},"geometry":{"type":"Polygon","coordinates":[[[72.56365680613636,23.02898587467256],[72.56432124864817,23.024567120068934],[72.56917370033784,23.02286560532919],[72.5733621266746,23.025582551373162],[72.57269826942527,23.03000140161274],[72.56784540055648,23.031703210201112],[72.56365680613636,23.02898587467256],[72.56365680613636,23.02898587467256]]]}},{"type":"Feature","properties":{"h3":"8842cea66dfffff","score":93.1,"z":3.33,"type":"hot"},"geometry":{"type":"Polygon","coordinates":[[[72.5621267836728,23.008596011494788],[72.5627911259617,23.004178601433598],[72.56764215221651,23.00247766923345],[72.5718292531138,23.005193853365057],[72.57116549572562,23.009611359068302],[72.56631405251923,23.011312585026584],[72.5621267836728,23.008596011494788],[72.5621267836728,23.008596011494788]]]}},{"type":"Feature","properties":{"h3":"8842cea661fffff","score":89.4,"z":2.89,"type":"hot"},"geometry":{"type":"Polygon","coordinates":[[[72.57116549572562,23.009611359068302],[72.5718292531138,23.005193853365057],[72.57668010503014,23.003492622572473],[72.58086761635644,23.00620860364918],[72.58020444393284,23.010626204853544],[72.57535317519813,23.012327729508776],[72.57116549572562,23.009611359068302],[72.57116549572562,23.009611359068302]]]}},{"type":"Feature","properties":{"h3":"8842cea609fffff","score":87,"z":2.6,"type":"hot"},"geometry":{"type":"Polygon","coordinates":[[[72.587255343324,23.024895367773336],[72.58791819190817,23.020476806573683],[72.59276970263534,23.018774689213195],[72.59695878150586,23.02149083898385],[72.59629651823364,23.025909495445383],[72.59144459075877,23.027611906903125],[72.587255343324,23.024895367773336],[72.587255343324,23.024895367773336]]]}},{"type":"Feature","properties":{"h3":"8842cea643fffff","score":86.2,"z":2.5,"type":"hot"},"geometry":{"type":"Polygon","coordinates":[[[72.5817399689355,23.03101642608346],[72.58240324085848,23.02659748034899],[72.587255343324,23.024895367773336],[72.59144459075877,23.027611906903125],[72.59078190422592,23.0320309479914],[72.58592938484797,23.03373335462483],[72.5817399689355,23.03101642608346],[72.5817399689355,23.03101642608346]]]}},{"type":"Feature","properties":{"h3":"8842cea649fffff","score":89.6,"z":2.91,"type":"hot"},"geometry":{"type":"Polygon","coordinates":[[[72.56718111975792,23.03612244476798],[72.56784540055648,23.031703210201112],[72.57269826942527,23.03000140161274],[72.57688727468587,23.03271853370631],[72.57622357929175,23.03713786386006],[72.57137029321234,23.03883996636208],[72.56718111975792,23.03612244476798],[72.56718111975792,23.03612244476798]]]}},{"type":"Feature","properties":{"h3":"8842ceb4a5fffff","score":84.4,"z":2.29,"type":"hot"},"geometry":{"type":"Polygon","coordinates":[[[72.54909691074451,23.034090098774048],[72.54976236216005,23.029671055804183],[72.55461557950979,23.027969845356274],[72.55880376290087,23.030687384202594],[72.5581388967618,23.035106523041488],[72.5532852619349,23.03680802719374],[72.54909691074451,23.034090098774048],[72.54909691074451,23.034090098774048]]]}},{"type":"Feature","properties":{"h3":"8842ceb599fffff","score":90.9,"z":3.07,"type":"hot"},"geometry":{"type":"Polygon","coordinates":[[[72.54557458998647,23.02695331375739],[72.54624020283129,23.0225347508488],[72.55109300273544,23.020833834040243],[72.55528060722011,23.023551186529648],[72.55461557950979,23.027969845356274],[72.54976236216005,23.029671055804183],[72.54557458998647,23.02695331375739],[72.54557458998647,23.02695331375739]]]}},{"type":"Feature","properties":{"h3":"8842ceb595fffff","score":83,"z":2.12,"type":"hot"},"geometry":{"type":"Polygon","coordinates":[[[72.54757116623199,23.01369848930363],[72.54823651682199,23.009280790719355],[72.55308830821497,23.00758016222636],[72.55727516624698,23.010296938732317],[72.55661040057167,23.014714733191525],[72.5517581919294,23.016415655298534],[72.54757116623199,23.01369848930363],[72.54757116623199,23.01369848930363]]]}},{"type":"Feature","properties":{"h3":"8842cea665fffff","score":86.3,"z":2.52,"type":"hot"},"geometry":{"type":"Polygon","coordinates":[[[72.56764215221651,23.00247766923345],[72.56830607125116,22.998060643685708],[72.57315650638049,22.996359706690736],[72.577343439242,22.99907550147459],[72.57668010503014,23.003492622572473],[72.5718292531138,23.005193853365057],[72.56764215221651,23.00247766923345],[72.56764215221651,23.00247766923345]]]}},{"type":"Feature","properties":{"h3":"8842cea629fffff","score":88.7,"z":2.8,"type":"hot"},"geometry":{"type":"Polygon","coordinates":[[[72.5857182936821,23.00450707428802],[72.58638104300746,23.000089857780917],[72.59123112896977,22.998388323881574],[72.59541888210705,23.001103712511533],[72.59475671773187,23.005521024286935],[72.58990621524906,23.007222852192783],[72.5857182936821,23.00450707428802],[72.5857182936821,23.00450707428802]]]}},{"type":"Feature","properties":{"h3":"8842cea605fffff","score":92,"z":3.2,"type":"hot"},"geometry":{"type":"Polygon","coordinates":[[[72.58924362785372,23.011640548757306],[72.58990621524906,23.007222852192783],[72.59475671773187,23.005521024286935],[72.59894504935096,23.00823659890272],[72.59828304704754,23.0126543906864],[72.59343212801298,23.014356512663845],[72.58924362785372,23.011640548757306],[72.58924362785372,23.011640548757306]]]}},{"type":"Feature","properties":{"h3":"8842cea655fffff","score":93.5,"z":3.38,"type":"hot"},"geometry":{"type":"Polygon","coordinates":[[[72.59078190422592,23.0320309479914],[72.59144459075877,23.027611906903125],[72.59629651823364,23.025909495445383],[72.60048617593442,23.02862583094239],[72.59982407485538,23.033044967243367],[72.59497173060159,23.034747672863396],[72.59078190422592,23.0320309479914],[72.59078190422592,23.0320309479914]]]}},{"type":"Feature","properties":{"h3":"8842ceb5d3fffff","score":89.8,"z":2.94,"type":"hot"},"geometry":{"type":"Polygon","coordinates":[[[72.54005516214711,23.03307317205926],[72.54072119877502,23.028654225099455],[72.54557458998647,23.02695331375739],[72.54976236216005,23.029671055804183],[72.54909691074451,23.034090098774048],[72.54424310192273,23.035791303715765],[72.54005516214711,23.03307317205926],[72.54005516214711,23.03307317205926]]]}},{"type":"Feature","properties":{"h3":"8842ceb5b9fffff","score":94.3,"z":3.48,"type":"hot"},"geometry":{"type":"Polygon","coordinates":[[[72.54405006979269,23.006563811356447],[72.54471558169121,23.002146593002095],[72.54956695586648,23.000446258058105],[72.55375323534068,23.003162847948143],[72.55308830821497,23.00758016222636],[72.54823651682199,23.009280790719355],[72.54405006979269,23.006563811356447],[72.54405006979269,23.006563811356447]]]}},{"type":"Feature","properties":{"h3":"8842ceb4b3fffff","score":86,"z":2.48,"type":"hot"},"geometry":{"type":"Polygon","coordinates":[[[72.58327642218919,23.051412785403503],[72.58393979360973,23.04699249563989],[72.58879332204513,23.0452897999155],[72.5929838961797,23.048007099835107],[72.59232111051145,23.052427484946104],[72.58746716493614,23.054130474818837],[72.58327642218919,23.051412785403503],[72.58327642218919,23.051412785403503]]]}},{"type":"Feature","properties":{"h3":"8842ceb4bdfffff","score":91.4,"z":3.13,"type":"hot"},"geometry":{"type":"Polygon","coordinates":[[[72.56518775352626,23.04938187667775],[72.56585229625983,23.04496177803252],[72.57070617421469,23.043259680819443],[72.57489592682263,23.04597738834126],[72.57423196971362,23.050397582616263],[72.56937767435187,23.052099973768406],[72.56518775352626,23.04938187667775],[72.56518775352626,23.04938187667775]]]}},{"type":"Feature","properties":{"h3":"8842cea75dfffff","score":83.6,"z":2.19,"type":"hot"},"geometry":{"type":"Polygon","coordinates":[[[72.5605976852998,22.988212289579135],[72.56126192736468,22.983796224559566],[72.56611152901431,22.982095874964706],[72.570297305303,22.9848112967506],[72.5696336477774,22.98922745741825],[72.56478362940362,22.990928100680637],[72.5605976852998,22.988212289579135],[72.5605976852998,22.988212289579135]]]}},{"type":"Feature","properties":{"h3":"8842cea751fffff","score":86,"z":2.48,"type":"hot"},"geometry":{"type":"Polygon","coordinates":[[[72.5696336477774,22.98922745741825],[72.570297305303,22.9848112967506],[72.57514673276131,22.98311064890053],[72.57933291926496,22.98582586797484],[72.57866984634242,22.990242124149734],[72.573820002293,22.991943065771803],[72.5696336477774,22.98922745741825],[72.5696336477774,22.98922745741825]]]}},{"type":"Feature","properties":{"h3":"8842cea625fffff","score":84.7,"z":2.32,"type":"hot"},"geometry":{"type":"Polygon","coordinates":[[[72.58770628055464,22.99125628968041],[72.58836876881038,22.986839938139088],[72.59321784713025,22.985138693850068],[72.59740485349903,22.9878535071503],[72.59674294997367,22.9922699539172],[72.59189345532904,22.993971492186983],[72.58770628055464,22.99125628968041],[72.58770628055464,22.99125628968041]]]}},{"type":"Feature","properties":{"h3":"8842cea611fffff","score":85,"z":2.36,"type":"hot"},"geometry":{"type":"Polygon","coordinates":[[[72.6143795726806,23.027936243223866],[72.61504066513815,23.023517396661816],[72.61989164977962,23.021814383112666],[72.62408195829053,23.024529921743728],[72.62342145133559,23.02894886314436],[72.61857005034705,23.030652171104087],[72.6143795726806,23.027936243223866],[72.6143795726806,23.027936243223866]]]}},{"type":"Feature","properties":{"h3":"8842cea619fffff","score":87.5,"z":2.66,"type":"hot"},"geometry":{"type":"Polygon","coordinates":[[[72.60886648038264,23.034058483746264],[72.60952799594425,23.0296392523737],[72.6143795726806,23.027936243223866],[72.61857005034705,23.030652171104087],[72.6179091203664,23.03507149740707],[72.61305712711827,23.03677480092815],[72.60886648038264,23.034058483746264],[72.60886648038264,23.034058483746264]]]}},{"type":"Feature","properties":{"h3":"8842cc6965fffff","score":88.4,"z":2.77,"type":"hot"},"geometry":{"type":"Polygon","coordinates":[[[72.59232111051145,23.052427484946104],[72.5929838961797,23.048007099835107],[72.59783724947644,23.046304104890986],[72.60202823409108,23.049021200833657],[72.60136603423888,23.053441681150804],[72.5965122639358,23.055144970347868],[72.59232111051145,23.052427484946104],[72.59232111051145,23.052427484946104]]]}},{"type":"Feature","properties":{"h3":"8842cc696dfffff","score":83.9,"z":2.23,"type":"hot"},"geometry":{"type":"Polygon","coordinates":[[[72.58680395563411,23.058551244277975],[72.58746716493614,23.054130474818837],[72.59232111051145,23.052427484946104],[72.5965122639358,23.055144970347868],[72.59584964052813,23.05956583510515],[72.59099527778154,23.061269119191255],[72.58680395563411,23.058551244277975],[72.58680395563411,23.058551244277975]]]}},{"type":"Feature","properties":{"h3":"8842ceb4b9fffff","score":88.4,"z":2.77,"type":"hot"},"geometry":{"type":"Polygon","coordinates":[[[72.56871329345265,23.056520552207502],[72.56937767435187,23.052099973768406],[72.57423196971362,23.050397582616263],[72.5784223015943,23.053115475927914],[72.57775850646172,23.057536149947648],[72.5729037936616,23.059238835103844],[72.56871329345265,23.056520552207502],[72.56871329345265,23.056520552207502]]]}},{"type":"Feature","properties":{"h3":"8842ceb487fffff","score":82.2,"z":2.02,"type":"hot"},"geometry":{"type":"Polygon","coordinates":[[[72.55966831704849,23.055504451150988],[72.56033328365038,23.051083968433733],[72.56518775352626,23.04938187667775],[72.56937767435187,23.052099973768406],[72.56871329345265,23.056520552207502],[72.56385840600493,23.058222937862848],[72.55966831704849,23.055504451150988],[72.55966831704849,23.055504451150988]]]}},{"type":"Feature","properties":{"h3":"8842ceb4e3fffff","score":92.2,"z":3.22,"type":"hot"},"geometry":{"type":"Polygon","coordinates":[[[72.54157907582088,23.053470739463037],[72.54224521363582,23.049050448613034],[72.54710003178188,23.04734895572076],[72.55128912993123,23.050067460017384],[72.55062357769074,23.054487846871616],[72.54576834170616,23.056189633453734],[72.54157907582088,23.053470739463037],[72.54157907582088,23.053470739463037]]]}},{"type":"Feature","properties":{"h3":"8842ceb5ddfffff","score":91.9,"z":3.19,"type":"hot"},"geometry":{"type":"Polygon","coordinates":[[[72.52197237897576,23.031037811662358],[72.52263958583578,23.02661905714574],[72.52749332401316,23.024918744086335],[72.53168027318667,23.02763689218207],[72.53101365141056,23.03205574299076],[72.52615949535674,23.033756349440342],[72.52197237897576,23.031037811662358],[72.52197237897576,23.031037811662358]]]}},{"type":"Feature","properties":{"h3":"8842ceb58dfffff","score":89.6,"z":2.91,"type":"hot"},"geometry":{"type":"Polygon","coordinates":[[[72.52045488908635,23.010646747417937],[72.52112199403571,23.006229337303935],[72.52597430581658,23.004529605186413],[72.5301599302759,23.007246989911522],[72.52949341004881,23.011664496323167],[72.52464068061977,23.01336452174073],[72.52045488908635,23.010646747417937],[72.52045488908635,23.010646747417937]]]}},{"type":"Feature","properties":{"h3":"8842cea749fffff","score":91.9,"z":3.19,"type":"hot"},"geometry":{"type":"Polygon","coordinates":[[[72.54252647036773,22.9861804509513],[72.54319188131954,22.981764577650207],[72.54804183059588,22.980064824636994],[72.5522267858902,22.982780651494977],[72.55156195934988,22.987196620725687],[72.54671159308347,22.98889666719749],[72.54252647036773,22.9861804509513],[72.54252647036773,22.9861804509513]]]}},{"type":"Feature","properties":{"h3":"8842cea755fffff","score":88.3,"z":2.76,"type":"hot"},"geometry":{"type":"Polygon","coordinates":[[[72.56611152901431,22.982095874964706],[72.56677534806546,22.97768019462063],[72.57162435896407,22.97597984047752],[72.57580996735105,22.978694873000236],[72.57514673276131,22.98311064890053],[72.570297305303,22.9848112967506],[72.56611152901431,22.982095874964706],[72.56611152901431,22.982095874964706]]]}},{"type":"Feature","properties":{"h3":"8842cea719fffff","score":86,"z":2.48,"type":"hot"},"geometry":{"type":"Polygon","coordinates":[[[72.58418217228001,22.984124921893354],[72.58484482234464,22.979709050577632],[72.58969348437097,22.978008100204335],[72.59387991260611,22.980722727259735],[72.59321784713025,22.985138693850068],[72.58836876881038,22.986839938139088],[72.58418217228001,22.984124921893354],[72.58418217228001,22.984124921893354]]]}},{"type":"Feature","properties":{"h3":"8842cea71bfffff","score":84.6,"z":2.31,"type":"hot"},"geometry":{"type":"Polygon","coordinates":[[[72.59321784713025,22.985138693850068],[72.59387991260611,22.980722727259735],[72.59872839981851,22.97902147880716],[72.60291523769531,22.981735902953574],[72.60225375687176,22.986151964677685],[72.59740485349903,22.9878535071503],[72.59321784713025,22.985138693850068],[72.59321784713025,22.985138693850068]]]}},{"type":"Feature","properties":{"h3":"8842cea631fffff","score":89.9,"z":2.95,"type":"hot"},"geometry":{"type":"Polygon","coordinates":[[[72.61283427026203,23.007547418762677],[72.61349526454615,23.003129916873615],[72.61834482486718,23.001427487797365],[72.62253380700429,23.004142266319295],[72.62187339786085,23.00855986305371],[72.61702342141955,23.010262586449596],[72.61283427026203,23.007547418762677],[72.61283427026203,23.007547418762677]]]}},{"type":"Feature","properties":{"h3":"8842ceb4edfffff","score":88.1,"z":2.73,"type":"hot"},"geometry":{"type":"Polygon","coordinates":[[[72.52349078631026,23.05143501563324],[72.5241580950813,23.047014917215023],[72.52901326048662,23.045314023281303],[72.53320153520544,23.048032934314293],[72.53253481188028,23.052453129018968],[72.52767922837006,23.054154316432918],[72.52349078631026,23.05143501563324],[72.52349078631026,23.05143501563324]]]}},{"type":"Feature","properties":{"h3":"8842cea441fffff","score":89,"z":2.84,"type":"hot"},"geometry":{"type":"Polygon","coordinates":[[[72.61128990106421,22.98716473428326],[72.61195079717199,22.98274857756624],[72.616798934001,22.981046733027043],[72.62098659059583,22.983760751004944],[72.6203262792672,22.988177002574005],[72.61547772654453,22.989879141341834],[72.61128990106421,22.98716473428326],[72.61128990106421,22.98716473428326]]]}},{"type":"Feature","properties":{"h3":"8842cea6c5fffff","score":87.7,"z":2.68,"type":"hot"},"geometry":{"type":"Polygon","coordinates":[[[72.63246356368985,23.029960980295204],[72.63312348507885,23.025541944197155],[72.63797411773506,23.02383833330952],[72.64216524506183,23.026553463929403],[72.64150590930213,23.030972594583705],[72.63665486056632,23.032676500090655],[72.63246356368985,23.029960980295204],[72.63246356368985,23.029960980295204]]]}},{"type":"Feature","properties":{"h3":"8842cc6929fffff","score":90,"z":2.96,"type":"hot"},"geometry":{"type":"Polygon","coordinates":[[[72.61041119292977,23.054455373924487],[72.61107280690229,23.050034798542434],[72.61592580916385,23.048331205231023],[72.62011761417168,23.05104789286839],[72.61945658614246,23.05546856317404],[72.61460316714198,23.05717245094749],[72.61041119292977,23.054455373924487],[72.61041119292977,23.054455373924487]]]}},{"type":"Feature","properties":{"h3":"8842ceb493fffff","score":82.4,"z":2.05,"type":"hot"},"geometry":{"type":"Polygon","coordinates":[[[72.58481380453365,23.071815280369908],[72.58547727544989,23.067393647079815],[72.59033223068587,23.065690368272882],[72.59452413235304,23.068408428546007],[72.59386124755162,23.072830157176984],[72.58900587494803,23.07453373022271],[72.58481380453365,23.071815280369908],[72.58481380453365,23.071815280369908]]]}},{"type":"Feature","properties":{"h3":"8842ceb49dfffff","score":82.5,"z":2.06,"type":"hot"},"geometry":{"type":"Polygon","coordinates":[[[72.56671962667929,23.069784015067924],[72.56738426963341,23.065362572883576],[72.57223957468449,23.06365989326388],[72.57643065439606,23.066378361827873],[72.57576659742892,23.07079989963575],[72.57091087474296,23.072502873284844],[72.56671962667929,23.069784015067924],[72.56671962667929,23.069784015067924]]]}},{"type":"Feature","properties":{"h3":"8842ceb5e9fffff","score":83.6,"z":2.19,"type":"hot"},"geometry":{"type":"Polygon","coordinates":[[[72.50237856362189,23.008609745246517],[72.50304683782272,23.00419252815032],[72.5078994952674,23.002493393734134],[72.51208429640457,23.00521118335224],[72.51141660679725,23.00962849702775],[72.50656353143884,23.011327924534505],[72.50237856362189,23.008609745246517],[72.50237856362189,23.008609745246517]]]}},{"type":"Feature","properties":{"h3":"8842ceb5adfffff","score":82,"z":2,"type":"hot"},"geometry":{"type":"Polygon","coordinates":[[[72.5189383158129,22.99026182533422],[72.51960531885206,22.98584576012218],[72.52445620506703,22.98414660901363],[72.52864050564261,22.986863229935942],[72.52797408696439,22.991279391451073],[72.52312278332931,22.992978835769467],[72.5189383158129,22.99026182533422],[72.5189383158129,22.99026182533422]]]}},{"type":"Feature","properties":{"h3":"8842ceb5a5fffff","score":85,"z":2.36,"type":"hot"},"geometry":{"type":"Polygon","coordinates":[[[72.52445620506703,22.98414660901363],[72.52512278464965,22.979730927994016],[72.5299730805448,22.978031771656962],[72.53415721409272,22.980748003118705],[72.53349121879344,22.985163780349403],[72.52864050564261,22.986863229935942],[72.52445620506703,22.98414660901363],[72.52445620506703,22.98414660901363]]]}},{"type":"Feature","properties":{"h3":"8842cea769fffff","score":84.5,"z":2.3,"type":"hot"},"geometry":{"type":"Polygon","coordinates":[[[72.54100379087981,22.965803234967524],[72.54166910088458,22.96138870721708],[72.54651762609123,22.95968953620038],[72.55070125803546,22.96240459959475],[72.5500365320812,22.96681922328053],[72.54518759011196,22.96851868766527],[72.54100379087981,22.965803234967524],[72.54100379087981,22.965803234967524]]]}},{"type":"Feature","properties":{"h3":"8842cea6e5fffff","score":85.7,"z":2.44,"type":"hot"},"geometry":{"type":"Polygon","coordinates":[[[72.6309127590944,23.00957180525643],[72.63157258303379,23.005154113817696],[72.63642179166696,23.0034510880773],[72.64061159219378,23.006165459276154],[72.63995235352169,23.01058324527817],[72.63510272903542,23.012286565546795],[72.6309127590944,23.00957180525643],[72.6309127590944,23.00957180525643]]]}},{"type":"Feature","properties":{"h3":"8842cc694dfffff","score":85.8,"z":2.46,"type":"hot"},"geometry":{"type":"Polygon","coordinates":[[[72.5883425662718,23.078955843038266],[72.58900587494803,23.07453373022271],[72.59386124755162,23.072830157176984],[72.59805372885775,23.075548402671707],[72.59739100643851,23.079970610778826],[72.59253521643595,23.081674478128413],[72.5883425662718,23.078955843038266],[72.5883425662718,23.078955843038266]]]}},{"type":"Feature","properties":{"h3":"8842ceb499fffff","score":84.3,"z":2.28,"type":"hot"},"geometry":{"type":"Polygon","coordinates":[[[72.57024639374444,23.076924795093134],[72.57091087474296,23.072502873284844],[72.57576659742892,23.07079989963575],[72.57995825676242,23.073518553729315],[72.57929436189309,23.0779405711119],[72.57443822154079,23.079643838855382],[72.57024639374444,23.076924795093134],[72.57024639374444,23.076924795093134]]]}},{"type":"Feature","properties":{"h3":"8842ceb4d7fffff","score":84,"z":2.24,"type":"hot"},"geometry":{"type":"Polygon","coordinates":[[[72.56119866226787,23.07590851507543],[72.56186372933155,23.071486688982784],[72.56671962667929,23.069784015067924],[72.57091087474296,23.072502873284844],[72.57024639374444,23.076924795093134],[72.56539007859678,23.078627762997602],[72.56119866226787,23.07590851507543],[72.56119866226787,23.07590851507543]]]}},{"type":"Feature","properties":{"h3":"8842ceb4c3fffff","score":89.3,"z":2.88,"type":"hot"},"geometry":{"type":"Polygon","coordinates":[[[72.54310391109861,23.073874443417708],[72.54377015010022,23.069452809180262],[72.54862639601268,23.067750734805387],[72.55281682097005,23.070470000916707],[72.55215116790531,23.07489173115239],[72.54729450392598,23.07659409930724],[72.54310391109861,23.073874443417708],[72.54310391109861,23.073874443417708]]]}},{"type":"Feature","properties":{"h3":"8842cea705fffff","score":87.2,"z":2.62,"type":"hot"},"geometry":{"type":"Polygon","coordinates":[[[72.5645818298958,22.961720224947758],[72.56524554896225,22.957305890304358],[72.57009313645867,22.955606119077988],[72.57427742120109,22.958320388907527],[72.57361428623506,22.962734819113145],[72.56876628240599,22.96443488395571],[72.5645818298958,22.961720224947758],[72.5645818298958,22.961720224947758]]]}},{"type":"Feature","properties":{"h3":"8842cea73bfffff","score":84.2,"z":2.26,"type":"hot"},"geometry":{"type":"Polygon","coordinates":[[[72.59167990558889,22.96476250656154],[72.59234187216317,22.960347885653533],[72.59718893641546,22.958647221128157],[72.60137445000699,22.961360883610404],[72.60071306772386,22.965775599658553],[72.59586558753794,22.967476558113013],[72.59167990558889,22.96476250656154],[72.59167990558889,22.96476250656154]]]}},{"type":"Feature","properties":{"h3":"8842cea461fffff","score":82.8,"z":2.1,"type":"hot"},"geometry":{"type":"Polygon","coordinates":[[[72.60974646424432,22.966788192213595],[72.61040726217286,22.96237338116606],[72.61525397633753,22.96067212122753],[72.6194403082209,22.963385378227734],[72.6187800947103,22.967800284133926],[72.61393296487834,22.969501838209982],[72.60974646424432,22.966788192213595],[72.60974646424432,22.966788192213595]]]}},{"type":"Feature","properties":{"h3":"8842cc6935fffff","score":84.1,"z":2.25,"type":"hot"},"geometry":{"type":"Polygon","coordinates":[[[72.63401530567357,23.05035629213647],[72.63467532450848,23.045935911879987],[72.63952738201651,23.04423171590926],[72.64371983697588,23.04694760551345],[72.64306040413254,23.051368080319087],[72.63820793031825,23.05307257100014],[72.63401530567357,23.05035629213647],[72.63401530567357,23.05035629213647]]]}},{"type":"Feature","properties":{"h3":"8842cc6909fffff","score":87.1,"z":2.61,"type":"hot"},"geometry":{"type":"Polygon","coordinates":[[[72.61195683955913,23.074858398636774],[72.61261855193968,23.07043647974812],[72.61747298055666,23.06873230234059],[72.62166611373915,23.07144974929777],[72.62100498766452,23.075871763103166],[72.61615014208134,23.07757623506341],[72.61195683955913,23.074858398636774],[72.61195683955913,23.074858398636774]]]}},{"type":"Feature","properties":{"h3":"8842ceb6a7fffff","score":84.3,"z":2.28,"type":"hot"},"geometry":{"type":"Polygon","coordinates":[[[72.51948509135433,23.077961650481328],[72.52015292659087,23.073539825240875],[72.52501011191995,23.07183835688859],[72.52919988049072,23.074558420275284],[72.52853263114031,23.07898034188874],[72.52367502731259,23.080682103771217],[72.51948509135433,23.077961650481328],[72.51948509135433,23.077961650481328]]]}},{"type":"Feature","properties":{"h3":"8842ceb403fffff","score":84.2,"z":2.26,"type":"hot"},"geometry":{"type":"Polygon","coordinates":[[[72.49987844520687,23.0555178577223],[72.50054734914427,23.051097568897305],[72.5054034520468,23.04939728041257],[72.50959106952745,23.05211698755107],[72.50892275098474,23.05653737303696],[72.50406622954627,23.058237954752137],[72.49987844520687,23.0555178577223],[72.49987844520687,23.0555178577223]]]}},{"type":"Feature","properties":{"h3":"8842cea2d9fffff","score":82.7,"z":2.08,"type":"hot"},"geometry":{"type":"Polygon","coordinates":[[[72.5008674897622,22.98822519078107],[72.50153566133035,22.983809318597395],[72.50638689291739,22.98211076451516],[72.51057037060134,22.984827789644726],[72.50990278326552,22.98924375841293],[72.50505113399306,22.990942605495675],[72.5008674897622,22.98822519078107],[72.5008674897622,22.98822519078107]]]}},{"type":"Feature","properties":{"h3":"8842cea295fffff","score":85.2,"z":2.38,"type":"hot"},"geometry":{"type":"Polygon","coordinates":[[[72.52293902093575,22.96376975799227],[72.52360549884945,22.959355422534315],[72.52845437038245,22.95765684751961],[72.5326371810094,22.96037231483242],[72.53197128701814,22.964786746506935],[72.52712199845722,22.96648561468073],[72.52293902093575,22.96376975799227],[72.52293902093575,22.96376975799227]]]}},{"type":"Feature","properties":{"h3":"8842cea40bfffff","score":82.1,"z":2.01,"type":"hot"},"geometry":{"type":"Polygon","coordinates":[[[72.63487040296468,22.983069982647496],[72.6355297071159,22.97865402180015],[72.6403769010186,22.976951577787847],[72.64456520621245,22.979664800175513],[72.64390648688848,22.984080855501425],[72.63905887752344,22.98578359398983],[72.63487040296468,22.983069982647496],[72.63487040296468,22.983069982647496]]]}},{"type":"Feature","properties":{"h3":"8842ceb453fffff","score":82.2,"z":2.02,"type":"hot"},"geometry":{"type":"Polygon","coordinates":[[[72.5013907298198,23.075922756676093],[72.50205973663496,23.071501124605405],[72.50691726826534,23.069800256239528],[72.51110621182508,23.072520726652876],[72.51043779076693,23.07694245537906],[72.50557984037158,23.078643617065133],[72.5013907298198,23.075922756676093],[72.5013907298198,23.075922756676093]]]}},{"type":"Feature","properties":{"h3":"8842cea42bfffff","score":83.2,"z":2.14,"type":"hot"},"geometry":{"type":"Polygon","coordinates":[[[72.63331995078173,22.962695019447274],[72.6339791577158,22.958280404417014],[72.63882492962559,22.956578545923996],[72.64301190981769,22.959291008105176],[72.64235328734965,22.96370571762092],[72.6375071002035,22.965407870498723],[72.63331995078173,22.962695019447274],[72.63331995078173,22.962695019447274]]]}},{"type":"Feature","properties":{"h3":"8842cc6b3dfffff","score":84.3,"z":2.28,"type":"hot"},"geometry":{"type":"Polygon","coordinates":[[[72.58988210767681,23.099366574050887],[72.59054551572515,23.094943118383803],[72.59540231618864,23.09323896223187],[72.59959612621041,23.095957967381555],[72.59893330478204,23.10038151833357],[72.59407608669169,23.10208596887974],[72.58988210767681,23.099366574050887],[72.58988210767681,23.099366574050887]]]}},{"type":"Feature","properties":{"h3":"8842cc6b67fffff","score":82.6,"z":2.07,"type":"hot"},"geometry":{"type":"Polygon","coordinates":[[[72.56272993325705,23.096318712362436],[72.56339510078148,23.091895543399033],[72.56825242643316,23.09019228739287],[72.57244500256832,23.09291190629906],[72.57178042147184,23.097335170971817],[72.56692267779196,23.099038721057777],[72.56272993325705,23.096318712362436],[72.56272993325705,23.096318712362436]]]}},{"type":"Feature","properties":{"h3":"8842cea0d1fffff","score":82.3,"z":2.04,"type":"hot"},"geometry":{"type":"Polygon","coordinates":[[[72.54499434152109,22.93932039516396],[72.54565912788993,22.934907598274382],[72.55050564008992,22.93320900500737],[72.554687782272,22.935922915341813],[72.55402357951537,22.940335808080523],[72.54917665094425,22.942034694664347],[72.54499434152109,22.93932039516396],[72.54499434152109,22.93932039516396]]]}},{"type":"Feature","properties":{"h3":"8842cea725fffff","score":82,"z":2,"type":"hot"},"geometry":{"type":"Polygon","coordinates":[[[72.56305305402658,22.941350721599584],[72.56371667310715,22.93693773315222],[72.5685628380292,22.935238544907012],[72.57274579995628,22.937952051612456],[72.57208276461544,22.94236513562793],[72.56723618358764,22.944064617398524],[72.56305305402658,22.941350721599584],[72.56305305402658,22.941350721599584]]]}},{"type":"Feature","properties":{"h3":"8842ceb687fffff","score":84,"z":2.24,"type":"hot"},"geometry":{"type":"Polygon","coordinates":[[[72.52100380464833,23.098373049790293],[72.52167174203844,23.09394988181989],[72.52653035663597,23.092247832978632],[72.53072145255057,23.094968658516528],[72.53005410140932,23.099391922854224],[72.52519506808422,23.101094265315467],[72.52100380464833,23.098373049790293],[72.52100380464833,23.098373049790293]]]}},{"type":"Feature","properties":{"h3":"88618c4885fffff","score":87.5,"z":2.66,"type":"hot"},"geometry":{"type":"Polygon","coordinates":[[[80.27687357601657,13.082154664134787],[80.27700390113397,13.087210461755737],[80.27273647738505,13.08979448586648],[80.26833897799683,13.0873227685093],[80.26820880386126,13.08226717612642],[80.27247597813658,13.07968309585807],[80.27687357601657,13.082154664134787],[80.27687357601657,13.082154664134787]]]}},{"type":"Feature","properties":{"h3":"88618c48abfffff","score":91.1,"z":3.09,"type":"hot"},"geometry":{"type":"Polygon","coordinates":[[[80.27273647738505,13.08979448586648],[80.27286673357781,13.094850124585356],[80.26859933939748,13.097433840672341],[80.26420193854898,13.094961974272328],[80.26407183333657,13.089906540832747],[80.26833897799683,13.0873227685093],[80.27273647738505,13.08979448586648],[80.27273647738505,13.08979448586648]]]}},{"type":"Feature","properties":{"h3":"88618c4887fffff","score":89.6,"z":2.91,"type":"hot"},"geometry":{"type":"Polygon","coordinates":[[[80.26820880386126,13.08226717612642],[80.26833897799683,13.0873227685093],[80.26407183333657,13.089906540832747],[80.25967476409086,13.087434776987457],[80.25954474091874,13.082379389939428],[80.2638116360334,13.079795561397253],[80.26820880386126,13.08226717612642],[80.26820880386126,13.08226717612642]]]}},{"type":"Feature","properties":{"h3":"88618c48e1fffff","score":91.1,"z":3.09,"type":"hot"},"geometry":{"type":"Polygon","coordinates":[[[80.29420524672827,13.081928745355137],[80.29433587386414,13.08698495316174],[80.2900678924295,13.0895694807996],[80.28566953319289,13.087097856661599],[80.2855390570754,13.082041853899396],[80.28980678918066,13.079457270226184],[80.29420524672827,13.081928745355137],[80.29420524672827,13.081928745355137]]]}},{"type":"Feature","properties":{"h3":"88618c48e7fffff","score":84.5,"z":2.3,"type":"hot"},"geometry":{"type":"Polygon","coordinates":[[[80.2900678924295,13.0895694807996],[80.29019845063799,13.09462552978667],[80.28593049858833,13.097209749554674],[80.28153223771064,13.094737976445217],[80.28140183051916,13.089682132543823],[80.28566953319289,13.087097856661599],[80.2900678924295,13.0895694807996],[80.2900678924295,13.0895694807996]]]}},{"type":"Feature","properties":{"h3":"88618c488bfffff","score":85.6,"z":2.43,"type":"hot"},"geometry":{"type":"Polygon","coordinates":[[[80.26781830771074,13.067100174713055],[80.26794846871842,13.072155879149918],[80.26368154394214,13.074740015558099],[80.25928470768733,13.07226850364688],[80.25915469762762,13.067213004559108],[80.26342137287928,13.064628812028886],[80.26781830771074,13.067100174713055],[80.26781830771074,13.067100174713055]]]}},{"type":"Feature","properties":{"h3":"88618c4889fffff","score":85.2,"z":2.38,"type":"hot"},"geometry":{"type":"Polygon","coordinates":[[[80.27648262695166,13.066987046978705],[80.27661293892564,13.07204295666788],[80.27234573508046,13.074627344725313],[80.26794846871842,13.072155879149918],[80.26781830771074,13.067100174713055],[80.27208526210332,13.064515730594682],[80.27648262695166,13.066987046978705],[80.27648262695166,13.066987046978705]]]}},{"type":"Feature","properties":{"h3":"88618c48c5fffff","score":90,"z":2.96,"type":"hot"},"geometry":{"type":"Polygon","coordinates":[[[80.29381339166987,13.06675989758506],[80.29394400563135,13.07181621748839],[80.28967624413983,13.074401108796671],[80.28527811799978,13.071929736135711],[80.28514765504117,13.066873621291043],[80.28941516722428,13.064288674044056],[80.29381339166987,13.06675989758506],[80.29381339166987,13.06675989758506]]]}},{"type":"Feature","properties":{"h3":"88618c48e5fffff","score":83.2,"z":2.14,"type":"hot"},"geometry":{"type":"Polygon","coordinates":[[[80.29873466280652,13.089456530568658],[80.29886537205027,13.094512784544536],[80.29459714131185,13.097097256129317],[80.29019845063799,13.09462552978667],[80.2900678924295,13.0895694807996],[80.29433587386414,13.08698495316174],[80.29873466280652,13.089456530568658],[80.29873466280652,13.089456530568658]]]}},{"type":"Feature","properties":{"h3":"88618c49d3fffff","score":85,"z":2.36,"type":"hot"},"geometry":{"type":"Polygon","coordinates":[[[80.29045958022412,13.10473751476952],[80.29059015160222,13.10979345060849],[80.28632197958588,13.112377306140022],[80.28192348559287,13.10990528203873],[80.28179306524727,13.104849551271064],[80.28606098786669,13.102265639528747],[80.29045958022412,13.10473751476952],[80.29045958022412,13.10473751476952]]]}},{"type":"Feature","properties":{"h3":"88618c48a7fffff","score":90.7,"z":3.04,"type":"hot"},"geometry":{"type":"Polygon","coordinates":[[[80.27312725910157,13.104961289060537],[80.27325752843296,13.110016814660076],[80.26898991432536,13.112600166234534],[80.264592280432,13.110128048537904],[80.26446216209646,13.10507272820327],[80.26872952666298,13.102489320295767],[80.27312725910157,13.104961289060537],[80.27312725910157,13.104961289060537]]]}},{"type":"Feature","properties":{"h3":"88618c48bbfffff","score":90.6,"z":3.03,"type":"hot"},"geometry":{"type":"Polygon","coordinates":[[[80.25088138749811,13.082491305639024],[80.25101125972513,13.087546487255475],[80.24674467373337,13.090129755957115],[80.24234846520861,13.087657899378613],[80.24221874390837,13.082602923290429],[80.24648508021066,13.080019598247894],[80.25088138749811,13.082491305639024],[80.25088138749811,13.082491305639024]]]}},{"type":"Feature","properties":{"h3":"88618c48d5fffff","score":90.7,"z":3.04,"type":"hot"},"geometry":{"type":"Polygon","coordinates":[[[80.27195503218188,13.0594598677536],[80.27208526210332,13.064515730594682],[80.26781830771074,13.067100174713055],[80.26342137287928,13.064628812028886],[80.26329129390724,13.059573154495618],[80.26755799882174,13.056988654334102],[80.27195503218188,13.0594598677536],[80.27195503218188,13.0594598677536]]]}},{"type":"Feature","properties":{"h3":"88618c48cdfffff","score":83.9,"z":2.23,"type":"hot"},"geometry":{"type":"Polygon","coordinates":[[[80.29795049962296,13.059118220614154],[80.2980811825024,13.064174698797693],[80.29381339166987,13.06675989758506],[80.28941516722428,13.064288674044056],[80.28928463534913,13.059232400877809],[80.29355217691979,13.056647146230658],[80.29795049962296,13.059118220614154],[80.29795049962296,13.059118220614154]]]}},{"type":"Feature","properties":{"h3":"88618c49d7fffff","score":85.7,"z":2.44,"type":"hot"},"geometry":{"type":"Polygon","coordinates":[[[80.29498907542659,13.11226542779049],[80.29511972891723,13.117321409286562],[80.29085130752958,13.11990520858962],[80.28645248202712,13.117433082620432],[80.28632197958588,13.112377306140022],[80.29059015160222,13.10979345060849],[80.29498907542659,13.11226542779049],[80.29498907542659,13.11226542779049]]]}},{"type":"Feature","properties":{"h3":"88618eb24dfffff","score":83,"z":2.12,"type":"hot"},"geometry":{"type":"Polygon","coordinates":[[[80.26898991432536,13.112600166234534],[80.26912011472272,13.117655532393144],[80.2648525302277,13.120238575553634],[80.26045499492746,13.117766308962791],[80.26032494552456,13.112711148110257],[80.264592280432,13.110128048537904],[80.26898991432536,13.112600166234534],[80.26898991432536,13.112600166234534]]]}},{"type":"Feature","properties":{"h3":"88618c48b3fffff","score":84.1,"z":2.25,"type":"hot"},"geometry":{"type":"Polygon","coordinates":[[[80.24674467373337,13.090129755957115],[80.24687447704004,13.095184778547862],[80.24260792089206,13.097767738995278],[80.23821181117786,13.095295733267116],[80.23808215879652,13.09024091624578],[80.24234846520861,13.087657899378613],[80.24674467373337,13.090129755957115],[80.24674467373337,13.090129755957115]]]}},{"type":"Feature","properties":{"h3":"88618c4891fffff","score":87.6,"z":2.67,"type":"hot"},"geometry":{"type":"Polygon","coordinates":[[[80.2504917970114,13.067325536581977],[80.25062165614148,13.072380830223892],[80.24635528999417,13.074964463286145],[80.24195931438975,13.072492858946136],[80.24182960617094,13.067437770846722],[80.24609572264984,13.064854081540258],[80.2504917970114,13.067325536581977],[80.2504917970114,13.067325536581977]]]}},{"type":"Feature","properties":{"h3":"88618c4831fffff","score":86.2,"z":2.5,"type":"hot"},"geometry":{"type":"Polygon","coordinates":[[[80.3160703277212,13.089229734386262],[80.3162013390903,13.094286398049004],[80.31193255146664,13.096871373219635],[80.3075330016377,13.09439974065368],[80.3074021413404,13.089343281785894],[80.31167067980475,13.08675825068448],[80.3160703277212,13.089229734386262],[80.3160703277212,13.089229734386262]]]}},{"type":"Feature","properties":{"h3":"88618eb243fffff","score":82.5,"z":2.06,"type":"hot"},"geometry":{"type":"Polygon","coordinates":[[[80.25166068635573,13.112821831292175],[80.25179058478251,13.11787678674192],[80.24752355903509,13.120459325729092],[80.24312688459696,13.117986965796023],[80.24299713712794,13.11293221584576],[80.24726391314384,13.110349620324508],[80.25166068635573,13.112821831292175],[80.25166068635573,13.112821831292175]]]}},{"type":"Feature","properties":{"h3":"88618eb25dfffff","score":87.4,"z":2.65,"type":"hot"},"geometry":{"type":"Polygon","coordinates":[[[80.24713409674504,13.105294710809916],[80.24726391314384,13.110349620324508],[80.24299713712794,13.11293221584576],[80.23860079447473,13.110459958364222],[80.23847112901674,13.105405254404667],[80.2427376552757,13.102822602367052],[80.24713409674504,13.105294710809916],[80.24713409674504,13.105294710809916]]]}},{"type":"Feature","properties":{"h3":"88618c489bfffff","score":84.5,"z":2.3,"type":"hot"},"geometry":{"type":"Polygon","coordinates":[[[80.24596594552155,13.059798834912831],[80.24609572264984,13.064854081540258],[80.24182960617094,13.067437770846722],[80.23743396226214,13.0649662697476],[80.23730433602822,13.059911228718152],[80.24157020281325,13.057327483185285],[80.24596594552155,13.059798834912831],[80.24596594552155,13.059798834912831]]]}},{"type":"Feature","properties":{"h3":"88618c48d9fffff","score":87.6,"z":2.67,"type":"hot"},"geometry":{"type":"Polygon","coordinates":[[[80.27156436868336,13.044292057068184],[80.2716945854721,13.049348030911945],[80.26742785094,13.051932838548817],[80.26303114908076,13.049461728283704],[80.26290108322591,13.044405959761871],[80.2671675683009,13.041821096178632],[80.27156436868336,13.044292057068184],[80.27156436868336,13.044292057068184]]]}},{"type":"Feature","properties":{"h3":"88618c4aa3fffff","score":83.8,"z":2.22,"type":"hot"},"geometry":{"type":"Polygon","coordinates":[[[80.29755847734344,13.04394856381662],[80.2976891470437,13.049005153045183],[80.29342157613073,13.051590714936427],[80.28902358476294,13.049119743357537],[80.28889306605146,13.044063359160363],[80.29316038772353,13.041477741506094],[80.29755847734344,13.04394856381662],[80.29755847734344,13.04394856381662]]]}},{"type":"Feature","properties":{"h3":"88618c4819fffff","score":83.8,"z":2.22,"type":"hot"},"geometry":{"type":"Polygon","coordinates":[[[80.31528435200268,13.058888966111041],[80.31541533694545,13.063945854038371],[80.31114698930617,13.066531555858456],[80.30674790584608,13.064060425484094],[80.30661707194409,13.059003742380185],[80.31088517046595,13.056417984822588],[80.31528435200268,13.058888966111041],[80.31528435200268,13.058888966111041]]]}},{"type":"Feature","properties":{"h3":"88618c481dfffff","score":83.3,"z":2.16,"type":"hot"},"geometry":{"type":"Polygon","coordinates":[[[80.31981484969403,13.06641693770806],[80.31994591677373,13.071473872205784],[80.3156773200427,13.074059518270607],[80.31127790532823,13.071588285588346],[80.31114698930617,13.066531555858456],[80.31541533694545,13.063945854038371],[80.31981484969403,13.06641693770806],[80.31981484969403,13.06641693770806]]]}},{"type":"Feature","properties":{"h3":"88618c49cbfffff","score":85.5,"z":2.42,"type":"hot"},"geometry":{"type":"Polygon","coordinates":[[[80.31646337504417,13.104399612340144],[80.3165943996294,13.1094561628117],[80.31232539198015,13.112040774160384],[80.3079256089304,13.109568891060219],[80.30779473543248,13.104512545369264],[80.31206349390149,13.101927877993235],[80.31646337504417,13.104399612340144],[80.31646337504417,13.104399612340144]]]}},{"type":"Feature","properties":{"h3":"88618c4983fffff","score":85.7,"z":2.44,"type":"hot"},"geometry":{"type":"Polygon","coordinates":[[[80.2953810490784,13.127433258221897],[80.2955117157494,13.132489125504357],[80.29124307435184,13.13507256014337],[80.28684401568009,13.13260018382024],[80.286713500074,13.12754452153892],[80.29098189207927,13.124961030574967],[80.2953810490784,13.127433258221897],[80.2953810490784,13.127433258221897]]]}},{"type":"Feature","properties":{"h3":"88618eb269fffff","score":85.1,"z":2.37,"type":"hot"},"geometry":{"type":"Polygon","coordinates":[[[80.26938052865081,13.127766150696988],[80.26951074218199,13.13282140268551],[80.26524293773619,13.135404080768112],[80.26084516937235,13.132931563365952],[80.26071510685112,13.127876516668989],[80.26498266168832,13.125293782078037],[80.26938052865081,13.127766150696988],[80.26938052865081,13.127766150696988]]]}},{"type":"Feature","properties":{"h3":"88618eb20dfffff","score":84.5,"z":2.3,"type":"hot"},"geometry":{"type":"Polygon","coordinates":[[[80.25205039473846,13.127986583657025],[80.25218030626807,13.133041424965718],[80.24791306060943,13.135623598599413],[80.24351615317829,13.133150987550408],[80.24338639262191,13.128096351726683],[80.247653388528,13.125514121462404],[80.25205039473846,13.127986583657025],[80.25205039473846,13.127986583657025]]]}},{"type":"Feature","properties":{"h3":"88618c4d63fffff","score":85.2,"z":2.38,"type":"hot"},"geometry":{"type":"Polygon","coordinates":[[[80.22489558745619,13.08282526470985],[80.22502500695808,13.087879829451577],[80.2207592601958,13.090462342602963],[80.21636434384106,13.08799034753216],[80.21623507521078,13.082935988608567],[80.22050057206819,13.080353418933072],[80.22489558745619,13.08282526470985],[80.22489558745619,13.08282526470985]]]}},{"type":"Feature","properties":{"h3":"88618c4f29fffff","score":85,"z":2.36,"type":"hot"},"geometry":{"type":"Polygon","coordinates":[[[80.24971273389261,13.03699299658716],[80.24984256683473,13.0420485121638],[80.24557664030957,13.044632872953192],[80.24118113047321,13.04216177421206],[80.24105144841138,13.037106464206214],[80.24531712531017,13.034522047366144],[80.24971273389261,13.03699299658716],[80.24971273389261,13.03699299658716]]]}},{"type":"Feature","properties":{"h3":"88618c4abdfffff","score":83.6,"z":2.19,"type":"hot"},"geometry":{"type":"Polygon","coordinates":[[[80.29302980010493,13.03642119952688],[80.29316038772353,13.041477741506094],[80.28889306605146,13.044063359160363],[80.28449540603181,13.041592490576008],[80.28436496938511,13.036536153683652],[80.28863204179066,13.033950480284181],[80.29302980010493,13.03642119952688],[80.29302980010493,13.03642119952688]]]}},{"type":"Feature","properties":{"h3":"88618c4aadfffff","score":84,"z":2.24,"type":"hot"},"geometry":{"type":"Polygon","coordinates":[[[80.31489142359521,13.043718080025718],[80.31502239532779,13.048775079026262],[80.31075426764731,13.051361143673505],[80.30635541733525,13.048890264956349],[80.30622459662796,13.043833470793304],[80.31049247521193,13.041247350505305],[80.31489142359521,13.043718080025718],[80.31489142359521,13.043718080025718]]]}},{"type":"Feature","properties":{"h3":"88618eb253fffff","score":84.4,"z":2.29,"type":"hot"},"geometry":{"type":"Polygon","coordinates":[[[80.2298088716651,13.105515499614317],[80.22993838620064,13.110569997922207],[80.22567216973064,13.113152089330088],[80.22127668863021,13.11067973906403],[80.22114732499865,13.105625446504401],[80.22541329156809,13.103043298458015],[80.2298088716651,13.105515499614317],[80.2298088716651,13.105515499614317]]]}},{"type":"Feature","properties":{"h3":"88618c4d41fffff","score":85.2,"z":2.38,"type":"hot"},"geometry":{"type":"Polygon","coordinates":[[[80.22864343674601,13.060023325008112],[80.228772912104,13.065078160342958],[80.22450735505197,13.067661346362671],[80.22011257248386,13.065189753391495],[80.21998324798342,13.060135123847859],[80.2242485551981,13.05755188147964],[80.22864343674601,13.060023325008112],[80.22864343674601,13.060023325008112]]]}},{"type":"Feature","properties":{"h3":"88618c4f0dfffff","score":82.3,"z":2.04,"type":"hot"},"geometry":{"type":"Polygon","coordinates":[[[80.24932326124873,13.021826229882338],[80.24945308109983,13.026881855368032],[80.24518737435237,13.02946657952359],[80.24079209736372,13.0269957341427],[80.24066242837745,13.021940314241814],[80.24492788551954,13.019355534132442],[80.24932326124873,13.021826229882338],[80.24932326124873,13.021826229882338]]]}},{"type":"Feature","properties":{"h3":"88618c4a83fffff","score":82.9,"z":2.11,"type":"hot"},"geometry":{"type":"Polygon","coordinates":[[[80.29263806358648,13.021251353474316],[80.29276863803662,13.026308005432528],[80.2885015362409,13.028893985762027],[80.2841041092451,13.02642336977704],[80.28397368575139,13.021366922919677],[80.28824053830157,13.01878088694183],[80.29263806358648,13.021251353474316],[80.29263806358648,13.021251353474316]]]}},{"type":"Feature","properties":{"h3":"88618eb221fffff","score":82.4,"z":2.05,"type":"hot"},"geometry":{"type":"Polygon","coordinates":[[[80.24830260147397,13.150787527305974],[80.248432457161,13.155842093361816],[80.24416502140775,13.15842359212034],[80.2397679797921,13.155950581624156],[80.23963827509239,13.150896221079638],[80.24390546102556,13.148314665515375],[80.24830260147397,13.150787527305974],[80.24830260147397,13.150787527305974]]]}},{"type":"Feature","properties":{"h3":"88618eb215fffff","score":83.8,"z":2.22,"type":"hot"},"geometry":{"type":"Polygon","coordinates":[[[80.22606051961264,13.128314991373449],[80.22618997827769,13.133369215937387],[80.22192357202715,13.135950632781594],[80.21752795708419,13.133477881871128],[80.2173986493372,13.12842386308195],[80.22166480561965,13.125842389423914],[80.22606051961264,13.128314991373449],[80.22606051961264,13.128314991373449]]]}},{"type":"Feature","properties":{"h3":"88618eb2c9fffff","score":82.5,"z":2.06,"type":"hot"},"geometry":{"type":"Polygon","coordinates":[[[80.2038263649548,13.105844445588174],[80.2039554268336,13.110898326361673],[80.19969005090798,13.113479661483433],[80.1952958632237,13.111007172648835],[80.19516695219359,13.105953497913116],[80.19943207800362,13.103372105969667],[80.2038263649548,13.105844445588174],[80.2038263649548,13.105844445588174]]]}},{"type":"Feature","properties":{"h3":"883cf2c609fffff","score":85.4,"z":2.41,"type":"hot"},"geometry":{"type":"Polygon","coordinates":[[[88.37495379717521,22.572380578171103],[88.37523458596688,22.57734949230917],[88.37064973551985,22.579927005387578],[88.3657842699259,22.577535651721902],[88.36550365047383,22.572566832606988],[88.37008832727554,22.569989272123035],[88.37495379717521,22.572380578171103],[88.37495379717521,22.572380578171103]]]}},{"type":"Feature","properties":{"h3":"883cf2c643fffff","score":90.2,"z":2.98,"type":"hot"},"geometry":{"type":"Polygon","coordinates":[[[88.37064973551985,22.579927005387578],[88.37093045422279,22.584895591860466],[88.36634553798348,22.587472729619087],[88.36148007675285,22.58508132835101],[88.36119952739874,22.58011283693826],[88.3657842699259,22.577535651721902],[88.37064973551985,22.579927005387578],[88.37064973551985,22.579927005387578]]]}},{"type":"Feature","properties":{"h3":"883cf2c64dfffff","score":89.4,"z":2.89,"type":"hot"},"geometry":{"type":"Polygon","coordinates":[[[88.3517497048291,22.580298107821864],[88.35203008483269,22.585266504063835],[88.34744538491107,22.58784298589752],[88.34258047895283,22.585451119056486],[88.3423002683014,22.580482818095962],[88.34688479425553,22.577906288683515],[88.3517497048291,22.580298107821864],[88.3517497048291,22.580298107821864]]]}},{"type":"Feature","properties":{"h3":"883cf2c661fffff","score":83.7,"z":2.2,"type":"hot"},"geometry":{"type":"Polygon","coordinates":[[[88.35521259701582,22.557845234752886],[88.35549301799354,22.56281451857786],[88.35090862307317,22.565391798734623],[88.34604398106907,22.56299984253752],[88.34576372941746,22.558030653993825],[88.3503479504433,22.555453326354417],[88.35521259701582,22.557845234752886],[88.35521259701582,22.557845234752886]]]}},{"type":"Feature","properties":{"h3":"883cf2c605fffff","score":91.2,"z":3.1,"type":"hot"},"geometry":{"type":"Polygon","coordinates":[[[88.37411148913472,22.557472715793],[88.37439224875962,22.56244218984841],[88.36980763773317,22.56502012546054],[88.36494244072055,22.56262863436731],[88.36466185041839,22.557659255371735],[88.36924628780557,22.55508127239803],[88.37411148913472,22.557472715793],[88.37411148913472,22.557472715793]]]}},{"type":"Feature","properties":{"h3":"883cf2c665fffff","score":83.9,"z":2.23,"type":"hot"},"geometry":{"type":"Polygon","coordinates":[[[88.35006762868909,22.550483810461543],[88.3503479504433,22.555453326354417],[88.34576372941746,22.558030653993825],[88.34089936059222,22.555638513219733],[88.34061920815655,22.55066909268186],[88.34520325522706,22.548091717551543],[88.35006762868909,22.550483810461543],[88.35006762868909,22.550483810461543]]]}},{"type":"Feature","properties":{"h3":"883cf2d4b7fffff","score":82.2,"z":2.02,"type":"hot"},"geometry":{"type":"Polygon","coordinates":[[[88.37149192079265,22.594832204164742],[88.37177266866058,22.599800229867082],[88.36718751296065,22.60237694466508],[88.36232178311047,22.59998568125076],[88.36204120460822,22.595017750571778],[88.36662618658993,22.59244098827224],[88.37149192079265,22.594832204164742],[88.37149192079265,22.594832204164742]]]}},{"type":"Feature","properties":{"h3":"883cf2d59dfffff","score":82.1,"z":2.01,"type":"hot"},"geometry":{"type":"Polygon","coordinates":[[[88.32770692165968,22.573306245628135],[88.32798686373684,22.578274683543718],[88.32340255533312,22.580850557046364],[88.31853847913501,22.578458040330116],[88.31825870640557,22.57348969799096],[88.322842840526,22.570913776780102],[88.32770692165968,22.573306245628135],[88.32770692165968,22.573306245628135]]]}},{"type":"Feature","properties":{"h3":"883cf2c639fffff","score":87.2,"z":2.62,"type":"hot"},"geometry":{"type":"Polygon","coordinates":[[[88.39301192054641,22.557097955813724],[88.39329301881163,22.562067619656577],[88.38870819265692,22.564646210617145],[88.38384244162022,22.562255184963902],[88.38356151267428,22.55728561595938],[88.38814616544524,22.554706977758233],[88.39301192054641,22.557097955813724],[88.39301192054641,22.557097955813724]]]}},{"type":"Feature","properties":{"h3":"883cf2c619fffff","score":84.8,"z":2.34,"type":"hot"},"geometry":{"type":"Polygon","coordinates":[[[88.39900266828519,22.57936614615956],[88.39928389502428,22.58433501714866],[88.3946986561422,22.586913138594802],[88.38983236384931,22.58452243631656],[88.38955130645387,22.579553660055485],[88.39413637200711,22.576975491333098],[88.39900266828519,22.57936614615956],[88.39900266828519,22.57936614615956]]]}},{"type":"Feature","properties":{"h3":"883cf2d4b3fffff","score":83.9,"z":2.23,"type":"hot"},"geometry":{"type":"Polygon","coordinates":[[[88.37663867578361,22.602191260184433],[88.37691952292208,22.607159052744787],[88.37233419356483,22.609735720049642],[88.36746819072589,22.607344642275773],[88.36718751296065,22.60237694466508],[88.37177266866058,22.599800229867082],[88.37663867578361,22.602191260184433],[88.37663867578361,22.602191260184433]]]}},{"type":"Feature","properties":{"h3":"883cf2d4abfffff","score":84.2,"z":2.26,"type":"hot"},"geometry":{"type":"Polygon","coordinates":[[[88.34828634370103,22.60274663010276],[88.34856668271476,22.60771413748229],[88.34398167778485,22.610289820235888],[88.3391165078811,22.607898043273092],[88.3388363382456,22.602930631175038],[88.34342116913508,22.600354900746773],[88.34828634370103,22.60274663010276],[88.34828634370103,22.60274663010276]]]}},{"type":"Feature","properties":{"h3":"883cf2d5b9fffff","score":83.5,"z":2.18,"type":"hot"},"geometry":{"type":"Polygon","coordinates":[[[88.32686715359436,22.558399812285245],[88.32714706658892,22.56336880993432],[88.32256299766016,22.565945106708728],[88.3176991900135,22.56355245348688],[88.31741944634985,22.5585835514511],[88.32200334100143,22.55600720701237],[88.32686715359436,22.558399812285245],[88.32686715359436,22.558399812285245]]]}},{"type":"Feature","properties":{"h3":"883cf2c751fffff","score":84.9,"z":2.35,"type":"hot"},"geometry":{"type":"Polygon","coordinates":[[[88.3492267216637,22.535574144747407],[88.34950701429979,22.540544219593368],[88.34492303268732,22.543121969782227],[88.34005893238744,22.540729692560472],[88.33977880905299,22.535759713106263],[88.34436261671625,22.533181915470553],[88.3492267216637,22.535574144747407],[88.3492267216637,22.535574144747407]]]}},{"type":"Feature","properties":{"h3":"883cf28967fffff","score":86.8,"z":2.58,"type":"hot"},"geometry":{"type":"Polygon","coordinates":[[[88.39554215536182,22.60181820741226],[88.39582334124157,22.606786189539964],[88.3912377968222,22.609363513079487],[88.38637123992429,22.606972901851968],[88.38609022341433,22.602005014452608],[88.39067559443195,22.599427643540885],[88.39554215536182,22.60181820741226],[88.39554215536182,22.60181820741226]]]}},{"type":"Feature","properties":{"h3":"883cf2d4e7fffff","score":82.5,"z":2.06,"type":"hot"},"geometry":{"type":"Polygon","coordinates":[[[88.32938671956035,22.60311407122664],[88.329666719816,22.60808138793266],[88.32508193239319,22.610656414186717],[88.32021731900981,22.608264171518922],[88.3199374881356,22.603296950315478],[88.32452210126279,22.600721876265712],[88.32938671956035,22.60311407122664],[88.32938671956035,22.60311407122664]]]}},{"type":"Feature","properties":{"h3":"883cf2c44bfffff","score":85.7,"z":2.44,"type":"hot"},"geometry":{"type":"Polygon","coordinates":[[[88.39647206576201,22.53463790760991],[88.3967532048813,22.539608457752987],[88.3921686841437,22.54218784533792],[88.38730319759719,22.539796729912414],[88.38702222777108,22.534826274607134],[88.39160657519776,22.532246839878038],[88.39647206576201,22.53463790760991],[88.39647206576201,22.53463790760991]]]}},{"type":"Feature","properties":{"h3":"883cf2c6cdfffff","score":85.6,"z":2.43,"type":"hot"},"geometry":{"type":"Polygon","coordinates":[[[88.4179065422216,22.57898943562263],[88.41818810764252,22.583958495735512],[88.41360265488834,22.58653727283929],[88.40873580978572,22.584147036973963],[88.4084544137048,22.579178071367604],[88.41303969338593,22.576599247108504],[88.4179065422216,22.57898943562263],[88.4179065422216,22.57898943562263]]]}},{"type":"Feature","properties":{"h3":"883cf2d491fffff","score":83.8,"z":2.22,"type":"hot"},"geometry":{"type":"Polygon","coordinates":[[[88.37317655384967,22.624637551301223],[88.37345736006085,22.62960445372139],[88.36887172537062,22.63218032189338],[88.36400545819897,22.6297893352225],[88.36372482138712,22.624822527752077],[88.36831028234708,22.62224661199126],[88.37317655384967,22.624637551301223],[88.37317655384967,22.624637551301223]]]}},{"type":"Feature","properties":{"h3":"883cf2c717fffff","score":82,"z":2,"type":"hot"},"geometry":{"type":"Polygon","coordinates":[[[88.3715850899089,22.512739064109397],[88.37186576206004,22.51771021442545],[88.3672818691572,22.520289416223367],[88.36241747772385,22.517897514922844],[88.36213697484497,22.512926459776548],[88.36672069412666,22.510347210749497],[88.3715850899089,22.512739064109397],[88.3715850899089,22.512739064109397]]]}},{"type":"Feature","properties":{"h3":"8860885017fffff","score":88.5,"z":2.78,"type":"hot"},"geometry":{"type":"Polygon","coordinates":[[[73.85935898368734,18.515349508405652],[73.85938043182942,18.5201411040298],[73.85529466072167,18.52234208892038],[73.85118774111082,18.519751609454385],[73.85116643051512,18.51496026823714],[73.85525190199142,18.512759152078992],[73.85935898368734,18.515349508405652],[73.85935898368734,18.515349508405652]]]}},{"type":"Feature","properties":{"h3":"88608850edfffff","score":86.1,"z":2.49,"type":"hot"},"geometry":{"type":"Polygon","coordinates":[[[73.85529466072167,18.52234208892038],[73.85531604115418,18.527133393865746],[73.85123036443008,18.52933396493297],[73.84712360694361,18.52674336238228],[73.84710236404933,18.52195231184908],[73.85118774111082,18.519751609454385],[73.85529466072167,18.52234208892038],[73.85529466072167,18.52234208892038]]]}},{"type":"Feature","properties":{"h3":"88608850e9fffff","score":92.7,"z":3.28,"type":"hot"},"geometry":{"type":"Polygon","coordinates":[[[73.85116643051512,18.51496026823714],[73.85118774111082,18.519751609454385],[73.84710236404933,18.52195231184908],[73.84299597606407,18.51936180434557],[73.84297480298467,18.51457071759866],[73.84705988038175,18.512369883884922],[73.85116643051512,18.51496026823714],[73.85116643051512,18.51496026823714]]]}},{"type":"Feature","properties":{"h3":"8860885003fffff","score":94.9,"z":3.55,"type":"hot"},"geometry":{"type":"Polygon","coordinates":[[[73.87574686624443,18.516127056805583],[73.87576858956942,18.5209191610532],[73.87168203068161,18.523120711038107],[73.86757404804173,18.520530287940016],[73.86755246232325,18.515738437972384],[73.87163872164564,18.513536756822834],[73.87574686624443,18.516127056805583],[73.87574686624443,18.516127056805583]]]}},{"type":"Feature","properties":{"h3":"8860885035fffff","score":86.5,"z":2.54,"type":"hot"},"geometry":{"type":"Polygon","coordinates":[[[73.87174699964199,18.537495824403365],[73.87176865740398,18.542287310483182],[73.8676819874127,18.544487901520306],[73.86357395929296,18.541897137770462],[73.86355243914322,18.537105905922978],[73.86763880950848,18.534905183592937],[73.87174699964199,18.537495824403365],[73.87174699964199,18.537495824403365]]]}},{"type":"Feature","properties":{"h3":"88608851d9fffff","score":92.1,"z":3.21,"type":"hot"},"geometry":{"type":"Polygon","coordinates":[[[73.85535880415422,18.53671567648938],[73.85538018672179,18.541506654041076],[73.85129430472928,18.543706679811976],[73.84718733986874,18.541115859426988],[73.84716609485326,18.536325136234492],[73.85125167715375,18.534124979067755],[73.85535880415422,18.53671567648938],[73.85535880415422,18.53671567648938]]]}},{"type":"Feature","properties":{"h3":"886088508dfffff","score":87.7,"z":2.68,"type":"hot"},"geometry":{"type":"Polygon","coordinates":[[[73.83478410127398,18.514180856621973],[73.83480513686716,18.518971688835194],[73.83072054821031,18.521171826340844],[73.82661522369789,18.518581263055115],[73.82659432556079,18.513790685438916],[73.83067861448755,18.511590416511428],[73.83478410127398,18.514180856621973],[73.83478410127398,18.514180856621973]]]}},{"type":"Feature","properties":{"h3":"88608852a7fffff","score":92.5,"z":3.26,"type":"hot"},"geometry":{"type":"Polygon","coordinates":[[[73.85516639306913,18.49359197236623],[73.8551877692325,18.498383930389846],[73.85110250298338,18.50058559143337],[73.84699616018221,18.497995425643783],[73.8469749215294,18.49320372213802],[73.85105988817467,18.491001929903973],[73.85516639306913,18.49359197236623],[73.85516639306913,18.49359197236623]]]}},{"type":"Feature","properties":{"h3":"8860885053fffff","score":85.8,"z":2.46,"type":"hot"},"geometry":{"type":"Polygon","coordinates":[[[73.87155211222272,18.49436754193971],[73.87157376349741,18.499160008808683],[73.86748770947852,18.501362234706047],[73.86338030373032,18.498772124822032],[73.86335879002628,18.493979912343978],[73.86744454450731,18.491777555358983],[73.87155211222272,18.49436754193971],[73.87155211222272,18.49436754193971]]]}},{"type":"Feature","properties":{"h3":"8860885051fffff","score":88.2,"z":2.74,"type":"hot"},"geometry":{"type":"Polygon","coordinates":[[[73.87974635948,18.49475486102177],[73.87976814835541,18.499547582218202],[73.87568170060797,18.50175009059359],[73.87157376349741,18.499160008808683],[73.87155211222272,18.49436754193971],[73.87563826046537,18.49216490252812],[73.87974635948,18.49475486102177],[73.87974635948,18.49475486102177]]]}},{"type":"Feature","properties":{"h3":"8860885023fffff","score":88.3,"z":2.76,"type":"hot"},"geometry":{"type":"Polygon","coordinates":[[[73.87994248547206,18.53788543179858],[73.87996428087635,18.54267717204724],[73.87587721704209,18.544878045768865],[73.87176865740398,18.542287310483182],[73.87174699964199,18.537495824403365],[73.8758337638833,18.53529481944033],[73.87994248547206,18.53788543179858],[73.87994248547206,18.53788543179858]]]}},{"type":"Feature","properties":{"h3":"88608851d1fffff","score":83.1,"z":2.13,"type":"hot"},"geometry":{"type":"Polygon","coordinates":[[[73.85129430472928,18.543706679811976],[73.8513156195812,18.548497366294885],[73.84722983202111,18.550696978028444],[73.8431230293398,18.54810603473477],[73.84310185203184,18.543315602616232],[73.84718733986874,18.541115859426988],[73.85129430472928,18.543706679811976],[73.85129430472928,18.543706679811976]]]}},{"type":"Feature","properties":{"h3":"8860885085fffff","score":84.9,"z":2.35,"type":"hot"},"geometry":{"type":"Polygon","coordinates":[[[73.83072054821031,18.521171826340844],[73.83074151611832,18.525962367859577],[73.82665702205838,18.528162091490373],[73.82255185985919,18.525571405084147],[73.82253102939916,18.520781118167616],[73.82661522369789,18.518581263055115],[73.83072054821031,18.521171826340844],[73.83072054821031,18.521171826340844]]]}},{"type":"Feature","properties":{"h3":"886088506bfffff","score":89.2,"z":2.86,"type":"hot"},"geometry":{"type":"Polygon","coordinates":[[[73.90033562793349,18.517291047586312],[73.90035776425816,18.52208391429264],[73.89627002448292,18.524286312175096],[73.89216044785645,18.521695974361307],[73.8921384492284,18.51690336174431],[73.89622588953769,18.514700832851716],[73.90033562793349,18.517291047586312],[73.90033562793349,18.517291047586312]]]}},{"type":"Feature","properties":{"h3":"88608850a1fffff","score":87.6,"z":2.67,"type":"hot"},"geometry":{"type":"Polygon","coordinates":[[[73.83078345402778,18.535543123788806],[73.8308044240293,18.540333338072802],[73.82671972481562,18.54253251620173],[73.82261435539854,18.53994161159673],[73.82259352285884,18.53515165186193],[73.82667792228187,18.532952342182945],[73.83078345402778,18.535543123788806],[73.83078345402778,18.535543123788806]]]}},{"type":"Feature","properties":{"h3":"88608850ddfffff","score":89.2,"z":2.86,"type":"hot"},"geometry":{"type":"Polygon","coordinates":[[[73.83059475541417,18.49242629145673],[73.83061571913608,18.497217485736652],[73.82653163532191,18.499418299755373],[73.82242688749572,18.4968280508389],[73.82240606119414,18.492037111266914],[73.82648984530591,18.489836165903466],[73.83059475541417,18.49242629145673],[73.83059475541417,18.49242629145673]]]}},{"type":"Feature","properties":{"h3":"886088504bfffff","score":86.5,"z":2.54,"type":"hot"},"geometry":{"type":"Polygon","coordinates":[[[73.89613762846255,18.49552856711866],[73.89615969262951,18.500321796779275],[73.8920724577381,18.50252487021285],[73.88796345812572,18.49993484491893],[73.88794153161953,18.495141869458607],[73.89202846707246,18.49293866509186],[73.89613762846255,18.49552856711866],[73.89613762846255,18.49552856711866]]]}},{"type":"Feature","properties":{"h3":"886088502dfffff","score":87.9,"z":2.71,"type":"hot"},"geometry":{"type":"Polygon","coordinates":[[[73.89633623241117,18.53866371280577],[73.89635830319017,18.54345596120149],[73.89227045198324,18.545657400394777],[73.88816082953137,18.543066722330657],[73.88813889645473,18.538274727976688],[73.89222644813509,18.536073157645006],[73.89633623241117,18.53866371280577],[73.89633623241117,18.53866371280577]]]}},{"type":"Feature","properties":{"h3":"88608851c5fffff","score":88.1,"z":2.73,"type":"hot"},"geometry":{"type":"Polygon","coordinates":[[[73.87594240220521,18.559252065101603],[73.87596413203973,18.564043185916752],[73.87187695702949,18.566243100220248],[73.86776835184583,18.563652025078003],[73.86774675965937,18.55886115838385],[73.87183363501602,18.556661112710874],[73.87594240220521,18.559252065101603],[73.87594240220521,18.559252065101603]]]}},{"type":"Feature","properties":{"h3":"886088518bfffff","score":84.4,"z":2.29,"type":"hot"},"geometry":{"type":"Polygon","coordinates":[[[73.85135825141363,18.558078411166054],[73.85137956839417,18.562868769427865],[73.84729357555385,18.565067835523326],[73.8431865654931,18.562476674880806],[73.8431653860704,18.557686570930276],[73.84725107915811,18.555487373310942],[73.85135825141363,18.558078411166054],[73.85135825141363,18.558078411166054]]]}},{"type":"Feature","properties":{"h3":"8860885095fffff","score":84,"z":2.24,"type":"hot"},"geometry":{"type":"Polygon","coordinates":[[[73.81021755283714,18.51300941298085],[73.8102381761523,18.51779948121317],[73.80615477088111,18.51999877164234],[73.80205104213059,18.517408125415066],[73.80203055618126,18.512618311969494],[73.80611366162415,18.510418889964438],[73.81021755283714,18.51300941298085],[73.81021755283714,18.51300941298085]]]}},{"type":"Feature","properties":{"h3":"88608852bbfffff","score":84.3,"z":2.28,"type":"hot"},"geometry":{"type":"Polygon","coordinates":[[[73.83459481243209,18.471058475345824],[73.83461584172633,18.475850285070635],[73.83053186843365,18.47805205743844],[73.82642716549614,18.47546215129749],[73.82640627361651,18.470670596327995],[73.83048994726728,18.468468692744143],[73.83459481243209,18.471058475345824],[73.83459481243209,18.471058475345824]]]}},{"type":"Feature","properties":{"h3":"8860885287fffff","score":85.8,"z":2.46,"type":"hot"},"geometry":{"type":"Polygon","coordinates":[[[73.85097466706586,18.471833304340926],[73.85099597127957,18.476625623386315],[73.84691120981147,18.478827960231254],[73.84280544371337,18.476238109144074],[73.84278427697443,18.471446044727273],[73.8468687388663,18.469243576769063],[73.85097466706586,18.471833304340926],[73.85097466706586,18.471833304340926]]]}},{"type":"Feature","properties":{"h3":"88608852e1fffff","score":87.7,"z":2.68,"type":"hot"},"geometry":{"type":"Polygon","coordinates":[[[73.8755513888549,18.472993223260676],[73.87557310567325,18.477786305811126],[73.87148716272227,18.479989489626995],[73.86737980243768,18.477399721851313],[73.86735822318424,18.472606893739073],[73.87144386665797,18.470403578964238],[73.8755513888549,18.472993223260676],[73.8755513888549,18.472993223260676]]]}},{"type":"Feature","properties":{"h3":"8860885181fffff","score":82.4,"z":2.05,"type":"hot"},"geometry":{"type":"Polygon","coordinates":[[[73.85548711023664,18.565459901668092],[73.85550849707526,18.570250222724546],[73.8514222044841,18.572449157287814],[73.84731482481266,18.56985790232678],[73.84729357555385,18.565067835523326],[73.85137956839417,18.562868769427865],[73.85548711023664,18.565459901668092],[73.85548711023664,18.565459901668092]]]}},{"type":"Feature","properties":{"h3":"8860885197fffff","score":84.1,"z":2.25,"type":"hot"},"geometry":{"type":"Polygon","coordinates":[[[73.83090928450626,18.564282770157423],[73.83093025869576,18.569072328264838],[73.82684514911274,18.57127041477546],[73.82273936519721,18.56867907486513],[73.82271852849719,18.563889771200703],[73.82680333823075,18.56169155300362],[73.83090928450626,18.564282770157423],[73.83090928450626,18.564282770157423]]]}},{"type":"Feature","properties":{"h3":"8860885239fffff","score":83.5,"z":2.18,"type":"hot"},"geometry":{"type":"Polygon","coordinates":[[[73.90013643417065,18.47415034953876],[73.90015856386394,18.47894419502245],[73.8960714403685,18.481148226114925],[73.89196248656513,18.478558542528145],[73.89194049452684,18.473764951291926],[73.89602731864441,18.47156078939499],[73.90013643417065,18.47415034953876],[73.90013643417065,18.47415034953876]]]}},{"type":"Feature","properties":{"h3":"886088511dfffff","score":85.5,"z":2.42,"type":"hot"},"geometry":{"type":"Polygon","coordinates":[[[73.90053488139064,18.56042291610488],[73.90055702434967,18.565214798901867],[73.89646866810882,18.56741556172243],[73.89235846847056,18.56482457296082],[73.89233646324976,18.56003294409422],[73.89642451993652,18.557832050058735],[73.90053488139064,18.56042291610488],[73.90053488139064,18.56042291610488]]]}},{"type":"Feature","properties":{"h3":"886088424bfffff","score":83.7,"z":2.2,"type":"hot"},"geometry":{"type":"Polygon","coordinates":[[[73.81034130302208,18.541748187970146],[73.81036193045513,18.546537601998033],[73.8062781150677,18.548735801081744],[73.80217397214193,18.546144717850197],[73.80215348210234,18.541355558503078],[73.80623699760262,18.539157227706745],[73.81034130302208,18.541748187970146],[73.81034130302208,18.541748187970146]]]}},{"type":"Feature","properties":{"h3":"8860885225fffff","score":82.9,"z":2.11,"type":"hot"},"geometry":{"type":"Polygon","coordinates":[[[73.92073146542185,18.496686794122354],[73.92075394275119,18.50148078600194],[73.91666552792795,18.50368470727771],[73.91255493512152,18.50109476745237],[73.91253259554297,18.496301029582085],[73.91662071102755,18.494096977527775],[73.92073146542185,18.496686794122354],[73.92073146542185,18.496686794122354]]]}},{"type":"Feature","properties":{"h3":"8860885337fffff","score":85.2,"z":2.38,"type":"hot"},"geometry":{"type":"Polygon","coordinates":[[[73.92093378833148,18.539828797879714],[73.92095627239773,18.544621808018846],[73.91686724091626,18.546824095675934],[73.91275602480273,18.54423350417752],[73.91273367852888,18.539440747889188],[73.91682241058363,18.537238329248375],[73.92093378833148,18.539828797879714],[73.92093378833148,18.539828797879714]]]}},{"type":"Feature","properties":{"h3":"8860885763fffff","score":83.2,"z":2.14,"type":"hot"},"geometry":{"type":"Polygon","coordinates":[[[73.81003197387545,18.46989390990912],[73.81005259101609,18.47468495517807],[73.80596980076493,18.476885881085884],[73.80186669312067,18.474295893094858],[73.80184621330437,18.469505102770984],[73.8059287038155,18.46730404549309],[73.81003197387545,18.46989390990912],[73.81003197387545,18.46989390990912]]]}},{"type":"Feature","properties":{"h3":"886088529bfffff","score":82.9,"z":2.11,"type":"hot"},"geometry":{"type":"Polygon","coordinates":[[[73.83040611330294,18.44930066479935],[73.83042707074809,18.45409283394664],[73.82634360214811,18.456295282003897],[73.82223947572471,18.453705692052424],[73.82221865565843,18.448913777770983],[73.82630182464422,18.44671119857521],[73.83040611330294,18.44930066479935],[73.83040611330294,18.44930066479935]]]}},{"type":"Feature","properties":{"h3":"88608852d5fffff","score":83.7,"z":2.2,"type":"hot"},"geometry":{"type":"Polygon","coordinates":[[[73.85497403960726,18.450459469645534],[73.85499540936931,18.455252403010135],[73.85091075867814,18.45745569747362],[73.84680503774804,18.4548661895568],[73.846783805455,18.45007351086789],[73.85086815663053,18.447870085420075],[73.85497403960726,18.450459469645534],[73.85497403960726,18.450459469645534]]]}},{"type":"Feature","properties":{"h3":"863d8dcc7ffffff","score":31,"z":-1.58,"type":"cold"},"geometry":{"type":"Polygon","coordinates":[[[80.94763339761401,26.89608303861776],[80.94843092175682,26.86361658284233],[80.98207429398704,26.84910510200099],[81.0149345613758,26.867041080774992],[81.01416968668336,26.899505191072965],[80.98051189677754,26.914035678918093],[80.94763339761401,26.89608303861776],[80.94763339761401,26.89608303861776]]]}},{"type":"Feature","properties":{"h3":"863d8dcafffffff","score":29,"z":-1.74,"type":"cold"},"geometry":{"type":"Polygon","coordinates":[[[80.81453147736259,26.88914304326167],[80.81539432263489,26.856672065351177],[80.84908002725669,26.842190140643414],[80.88191744979949,26.860160246237296],[80.88108726870941,26.892628991229785],[80.84738700236551,26.907129874408145],[80.81453147736259,26.88914304326167],[80.81453147736259,26.88914304326167]]]}},{"type":"Feature","properties":{"h3":"863d8d537ffffff","score":28,"z":-1.82,"type":"cold"},"geometry":{"type":"Polygon","coordinates":[[[80.85161335508842,26.744879400535456],[80.85245614668571,26.71246890106274],[80.88605618498701,26.698014313807583],[80.91882789119649,26.715951293609645],[80.91801761650616,26.74835954668709],[80.88440312020363,26.762833077191804],[80.85161335508842,26.744879400535456],[80.85161335508842,26.744879400535456]]]}},{"type":"Feature","properties":{"h3":"863d8d50fffffff","score":32,"z":-1.5,"type":"cold"},"geometry":{"type":"Polygon","coordinates":[[[80.98441215985254,26.751808047788703],[80.9851899249677,26.719402097094267],[81.01874772286868,26.704918222055237],[81.05154207211916,26.72282131711598],[81.05079680898776,26.755224909478383],[81.01722469627947,26.76972777592797],[80.98441215985254,26.751808047788703],[80.98441215985254,26.751808047788703]]]}},{"type":"Feature","properties":{"h3":"863d8d577ffffff","score":87,"z":2.6,"type":"hot"},"geometry":{"type":"Polygon","coordinates":[[[81.01646206507577,26.802152360404033],[81.01722469627947,26.76972777592797],[81.05079680898776,26.755224909478383],[81.08362059328472,26.773127625696887],[81.08289050793341,26.805549818740094],[81.04930409413078,26.82007169781659],[81.01646206507577,26.802152360404033],[81.01646206507577,26.802152360404033]]]}},{"type":"Feature","properties":{"h3":"863d8dce7ffffff","score":83,"z":2.12,"type":"hot"},"geometry":{"type":"Polygon","coordinates":[[[80.91313927769934,26.943086074134026],[80.91395432699362,26.910598739644225],[80.94763339761401,26.89608303861776],[80.98051189677754,26.914035678918093],[80.97972954881178,26.9465206910774],[80.94603600194323,26.9610553961229],[80.91313927769934,26.943086074134026],[80.91313927769934,26.943086074134026]]]}},{"type":"Feature","properties":{"h3":"863d8dc17ffffff","score":87,"z":2.6,"type":"hot"},"geometry":{"type":"Polygon","coordinates":[[[80.77992962667527,26.936120887689867],[80.78081010049576,26.903629077709287],[80.81453147736259,26.88914304326167],[80.84738700236551,26.907129874408145],[80.84653924436535,26.93961947485117],[80.81280324697612,26.954124464559193],[80.77992962667527,26.936120887689867],[80.77992962667527,26.936120887689867]]]}},{"type":"Feature","properties":{"h3":"863d8d517ffffff","score":86,"z":2.48,"type":"hot"},"geometry":{"type":"Polygon","coordinates":[[[80.88605618498701,26.698014313807583],[80.8868815062914,26.665624774987812],[80.92044606667196,26.65117447458995],[80.95319970712521,26.66909477772515],[80.95240685141354,26.701482047103205],[80.91882789119649,26.715951293609645],[80.88605618498701,26.698014313807583],[80.88605618498701,26.698014313807583]]]}},{"type":"Feature","properties":{"h3":"863d8d427ffffff","score":82,"z":2,"type":"hot"},"geometry":{"type":"Polygon","coordinates":[[[81.01874772286868,26.704918222055237],[81.01950812043751,26.67253327799019],[81.05303041512943,26.658053799327632],[81.0858065708152,26.675940281487385],[81.0850786236806,26.708322844407146],[81.05154207211916,26.72282131711598],[81.01874772286868,26.704918222055237],[81.01874772286868,26.704918222055237]]]}},{"type":"Feature","properties":{"h3":"863d8dc57ffffff","score":25,"z":-2.06,"type":"cold"},"geometry":{"type":"Polygon","coordinates":[[[80.94523612811166,26.993561271984976],[80.94603600194323,26.9610553961229],[80.97972954881178,26.9465206910774],[81.01263768610703,26.964472847569766],[81.01187055801401,26.996976367906058],[80.97816254851739,27.011530098134926],[80.94523612811166,26.993561271984976],[80.94523612811166,26.993561271984976]]]}},{"type":"Feature","properties":{"h3":"863d8dc07ffffff","score":31,"z":-1.58,"type":"cold"},"geometry":{"type":"Polygon","coordinates":[[[80.81193785936944,26.986634882068195],[80.81280324697612,26.954124464559193],[80.84653924436535,26.93961947485117],[80.87942446292669,26.957605937027683],[80.87859183583608,26.990114111960274],[80.84484123114275,27.00463807817004],[80.81193785936944,26.986634882068195],[80.81193785936944,26.986634882068195]]]}},{"type":"Feature","properties":{"h3":"863da20a7ffffff","score":25,"z":-2.06,"type":"cold"},"geometry":{"type":"Polygon","coordinates":[[[75.80701003619993,26.88159272180282],[75.81034171681412,26.84897731430541],[75.84553726520643,26.835614737273755],[75.87742096172057,26.854850799888485],[75.8741220666735,26.887468238479656],[75.83890668510115,26.900847594364574],[75.80701003619993,26.88159272180282],[75.80701003619993,26.88159272180282]]]}},{"type":"Feature","properties":{"h3":"863da2037ffffff","score":30,"z":-1.66,"type":"cold"},"geometry":{"type":"Polygon","coordinates":[[[75.79699536755156,26.979517327994884],[75.80033686636115,26.946862742316586],[75.83558651564944,26.933483630410564],[75.8675145628547,26.952742326463014],[75.86420594458819,26.98539894852544],[75.82893639409801,26.998794849168927],[75.79699536755156,26.979517327994884],[75.79699536755156,26.979517327994884]]]}},{"type":"Feature","properties":{"h3":"863da2197ffffff","score":25,"z":-2.06,"type":"cold"},"geometry":{"type":"Polygon","coordinates":[[[75.67279849109022,26.86974584673342],[75.67619570311068,26.837134674187155],[75.71141976508095,26.82380606562004],[75.74326656945757,26.843071932266692],[75.73990211642982,26.87568525107459],[75.70465809543265,26.88903056796254],[75.67279849109022,26.86974584673342],[75.67279849109022,26.86974584673342]]]}},{"type":"Feature","properties":{"h3":"863da20f7ffffff","score":32,"z":-1.5,"type":"cold"},"geometry":{"type":"Polygon","coordinates":[[[75.94123802405578,26.893311781009423],[75.94450412064984,26.860692368943024],[75.97967076245354,26.847295898244884],[76.0115910100104,26.86650200173848],[76.00835772448752,26.899123329639583],[75.97317137604911,26.912536649227683],[75.94123802405578,26.893311781009423],[75.94123802405578,26.893311781009423]]]}},{"type":"Feature","properties":{"h3":"863da200fffffff","score":25,"z":-2.06,"type":"cold"},"geometry":{"type":"Polygon","coordinates":[[[75.9314204873851,26.9912484216555],[75.93469621212563,26.95858982102638],[75.96991689840756,26.94517663730072],[76.00188162977733,26.96440520621011],[75.9986388112762,26.99706572756636],[75.96339835084792,27.010495770316883],[75.9314204873851,26.9912484216555],[75.9314204873851,26.9912484216555]]]}},{"type":"Feature","properties":{"h3":"8642dd6cfffffff","score":25,"z":-2.06,"type":"cold"},"geometry":{"type":"Polygon","coordinates":[[[72.67453207381578,21.226701208613605],[72.67900895188309,21.196627119094043],[72.71204049718175,21.1850389112046],[72.74061442500846,21.20351067674345],[72.73616475570995,21.2335892639166],[72.70311394353605,21.245191597459122],[72.67453207381578,21.226701208613605],[72.67453207381578,21.226701208613605]]]}},{"type":"Feature","properties":{"h3":"8642d9d5fffffff","score":25,"z":-2.06,"type":"cold"},"geometry":{"type":"Polygon","coordinates":[[[72.78691609625855,21.101776209807074],[72.79133432297911,21.07176101396716],[72.82428338538404,21.060175974423327],[72.8528333259115,21.078591982801786],[72.84844223274304,21.10861158805021],[72.81547405934809,21.12021078507326],[72.78691609625855,21.101776209807074],[72.78691609625855,21.101776209807074]]]}},{"type":"Feature","properties":{"h3":"8642d9897ffffff","score":83,"z":2.12,"type":"hot"},"geometry":{"type":"Polygon","coordinates":[[[72.87263554493084,21.157081211720776],[72.8770189435547,21.12703751910453],[72.90997866920196,21.11542528010546],[72.93857406764938,21.133842530237605],[72.93421786633877,21.1638905721575],[72.90123906318072,21.17551702423012],[72.87263554493084,21.157081211720776],[72.87263554493084,21.157081211720776]]]}},{"type":"Feature","properties":{"h3":"8642d9887ffffff","score":29,"z":-1.74,"type":"cold"},"geometry":{"type":"Polygon","coordinates":[[[72.8968633871053,21.205584785503405],[72.90123906318072,21.17551702423012],[72.93421786633877,21.1638905721575],[72.96284007393417,21.18231765525466],[72.95849163974533,21.212389750267317],[72.92549374999592,21.22403043804553],[72.8968633871053,21.205584785503405],[72.8968633871053,21.205584785503405]]]}},{"type":"Feature","properties":{"h3":"8642d9d0fffffff","score":25,"z":-2.06,"type":"cold"},"geometry":{"type":"Polygon","coordinates":[[[72.66389528015802,21.08804051043741],[72.66836771546821,21.058034267107896],[72.70133335057598,21.04647526898488],[72.72984573984802,21.06490843239639],[72.72540039902067,21.094919174246744],[72.69241556818791,21.106492263699224],[72.66389528015802,21.08804051043741],[72.66389528015802,21.08804051043741]]]}},{"type":"Feature","properties":{"h3":"8642d99afffffff","score":25,"z":-2.06,"type":"cold"},"geometry":{"type":"Polygon","coordinates":[[[72.78451689980677,21.33079197359468],[72.7889512521966,21.300665250995422],[72.82201296117255,21.289035570889673],[72.85065955469999,21.307518418935576],[72.84625252052224,21.337649563465583],[72.81317156839305,21.349293447621694],[72.78451689980677,21.33079197359468],[72.78451689980677,21.33079197359468]]]}},{"type":"Feature","properties":{"h3":"866096107ffffff","score":27,"z":-1.9,"type":"cold"},"geometry":{"type":"Polygon","coordinates":[[[79.1532404786873,21.198792308170773],[79.15403724158476,21.232847274584568],[79.12362424891056,21.248894317767153],[79.09242786600365,21.230891603707555],[79.09163877520153,21.19684638301829],[79.12203839710679,21.1807941288076],[79.1532404786873,21.198792308170773],[79.1532404786873,21.198792308170773]]]}},{"type":"Feature","properties":{"h3":"866096117ffffff","score":87,"z":2.6,"type":"hot"},"geometry":{"type":"Polygon","coordinates":[[[79.18525680787359,21.250844253160068],[79.18605769921379,21.284892785278828],[79.15563134362783,21.300934619600326],[79.1244174615045,21.28293312879301],[79.12362424891056,21.248894317767153],[79.15403724158476,21.232847274584568],[79.18525680787359,21.250844253160068],[79.18525680787359,21.250844253160068]]]}},{"type":"Feature","properties":{"h3":"866096027ffffff","score":87,"z":2.6,"type":"hot"},"geometry":{"type":"Polygon","coordinates":[[[79.06203040970135,21.246923182275335],[79.0628159512043,21.280952243215808],[79.03242067697663,21.296963115025125],[79.00125327410868,21.27895017483654],[79.00047539599815,21.24493089288966],[79.0308572592762,21.228914770300168],[79.06203040970135,21.246923182275335],[79.06203040970135,21.246923182275335]]]}},{"type":"Feature","properties":{"h3":"866096157ffffff","score":28,"z":-1.82,"type":"cold"},"geometry":{"type":"Polygon","coordinates":[[[79.03007583289566,21.194879324306815],[79.0308572592762,21.228914770300168],[79.00047539599815,21.24493089288966],[78.96932552688723,21.226916820582872],[78.96855175721139,21.192891178172395],[78.99892020185953,21.176869802662956],[79.03007583289566,21.194879324306815],[79.03007583289566,21.194879324306815]]]}},{"type":"Feature","properties":{"h3":"8660968afffffff","score":32,"z":-1.5,"type":"cold"},"geometry":{"type":"Polygon","coordinates":[[[79.24208060517206,21.04826595242683],[79.24288801435934,21.082369109685462],[79.21246867253682,21.09847804790468],[79.18125524535355,21.080488981211293],[79.18045551119997,21.046395556107765],[79.2108615310729,21.030281463679522],[79.24208060517206,21.04826595242683],[79.24208060517206,21.04826595242683]]]}},{"type":"Feature","properties":{"h3":"866096c6fffffff","score":28,"z":-1.82,"type":"cold"},"geometry":{"type":"Polygon","coordinates":[[[79.27655974497586,21.20262057383325],[79.27737187491176,21.23669494444455],[79.24692798034677,21.2527729423653],[79.21568528004327,21.23478173682629],[79.21488083742003,21.200717053743734],[79.24531140966131,21.184633886781487],[79.27655974497586,21.20262057383325],[79.27655974497586,21.20262057383325]]]}},{"type":"Feature","properties":{"h3":"8660961afffffff","score":32,"z":-1.5,"type":"cold"},"geometry":{"type":"Polygon","coordinates":[[[79.15563134362783,21.300934619600326],[79.15642868291172,21.334966955101983],[79.1260044604206,21.35098807622927],[79.09479627972803,21.332982087593837],[79.09400661819842,21.298959477528268],[79.1244174615045,21.28293312879301],[79.15563134362783,21.300934619600326],[79.15563134362783,21.300934619600326]]]}},{"type":"Feature","properties":{"h3":"86609614fffffff","score":83,"z":2.12,"type":"hot"},"geometry":{"type":"Polygon","coordinates":[[[78.9366497584314,21.140844104647407],[78.93741942458325,21.17487604168838],[78.90706665309878,21.190881990865318],[78.87595766727947,21.17286127709397],[78.87519564336084,21.13883919696642],[78.90553496496149,21.122827971905416],[78.9366497584314,21.140844104647407],[78.9366497584314,21.140844104647407]]]}},{"type":"Feature","properties":{"h3":"8660968efffffff","score":85,"z":2.36,"type":"hot"},"geometry":{"type":"Polygon","coordinates":[[[79.08690822021386,20.992418447387546],[79.0876961714076,21.02650830586408],[79.05732113288855,21.04259159475728],[79.02617152298107,21.02459022141832],[79.02539122492227,20.990510177829904],[79.05575288553968,20.97442169087761],[79.08690822021386,20.992418447387546],[79.08690822021386,20.992418447387546]]]}},{"type":"Feature","properties":{"h3":"86609681fffffff","score":87,"z":2.6,"type":"hot"},"geometry":{"type":"Polygon","coordinates":[[[79.21005825066943,20.99617206267594],[79.2108615310729,21.030281463679522],[79.18045551119997,21.046395556107765],[79.14925954267707,21.02840540181698],[79.1484639306874,20.9943057575071],[79.17885662068852,20.978186508945896],[79.21005825066943,20.99617206267594],[79.21005825066943,20.99617206267594]]]}},{"type":"Feature","properties":{"h3":"863d9629fffffff","score":25,"z":-2.06,"type":"cold"},"geometry":{"type":"Polygon","coordinates":[[[75.87444355673519,22.711636167787407],[75.87483904343712,22.744742557402322],[75.8451726029717,22.759500543576237],[75.81512530859328,22.74115869665217],[75.81473710560256,22.708063118616646],[75.844388915729,22.693298574759687],[75.87444355673519,22.711636167787407],[75.87444355673519,22.711636167787407]]]}},{"type":"Feature","properties":{"h3":"863d962b7ffffff","score":83,"z":2.12,"type":"hot"},"geometry":{"type":"Polygon","coordinates":[[[75.7854773580871,22.75590142030782],[75.78586206083625,22.788979415962174],[75.75621798532146,22.80370029960429],[75.7262038695115,22.785349779603923],[75.72582643833763,22.752282618678116],[75.75545585386165,22.737555141875582],[75.7854773580871,22.75590142030782],[75.7854773580871,22.75590142030782]]]}},{"type":"Feature","properties":{"h3":"863d9674fffffff","score":25,"z":-2.06,"type":"cold"},"geometry":{"type":"Polygon","coordinates":[[[75.75507492473302,22.70447039916483],[75.75545585386165,22.737555141875582],[75.72582643833763,22.752282618678116],[75.6958307592949,22.733931948111927],[75.695457094148,22.7008580643874],[75.72507184652807,22.68612399111038],[75.75507492473302,22.70447039916483],[75.75507492473302,22.70447039916483]]]}},{"type":"Feature","properties":{"h3":"863d9292fffffff","score":29,"z":-1.74,"type":"cold"},"geometry":{"type":"Polygon","coordinates":[[[75.99398894718715,22.7187230357405],[75.9943990307321,22.751850976942354],[75.96469574636137,22.766639534869267],[75.93459697783682,22.748306669141765],[75.9341941976062,22.71518949177677],[75.9638828850195,22.700394415102725],[75.99398894718715,22.7187230357405],[75.99398894718715,22.7187230357405]]]}},{"type":"Feature","properties":{"h3":"863d962afffffff","score":26,"z":-1.98,"type":"cold"},"geometry":{"type":"Polygon","coordinates":[[[75.87563030066134,22.810930959245415],[75.87602607125143,22.844012933304185],[75.84634883686739,22.858742512855475],[75.8162904746452,22.840396687511],[75.81590199308133,22.80732550016738],[75.8455645871658,22.792589350271765],[75.87563030066134,22.810930959245415],[75.87563030066134,22.810930959245415]]]}},{"type":"Feature","properties":{"h3":"863d962c7ffffff","score":25,"z":-2.06,"type":"cold"},"geometry":{"type":"Polygon","coordinates":[[[75.99521949229896,22.818082432395002],[75.99562987039124,22.851185908409985],[75.96591576802794,22.865946106456622],[75.93580589688543,22.847609358663593],[75.93540282744186,22.814516621686472],[75.96510232292817,22.799749892249654],[75.99521949229896,22.818082432395002],[75.99521949229896,22.818082432395002]]]}},{"type":"Feature","properties":{"h3":"863c138cfffffff","score":25,"z":-2.06,"type":"cold"},"geometry":{"type":"Polygon","coordinates":[[[85.166368927716,25.597907257875264],[85.16794572784433,25.6315382387394],[85.13587593712845,25.64803445695498],[85.10224009636583,25.63090341190571],[85.10067171492526,25.59727844253287],[85.13273075620693,25.580778503046773],[85.166368927716,25.597907257875264],[85.166368927716,25.597907257875264]]]}},{"type":"Feature","properties":{"h3":"863c138f7ffffff","score":25,"z":-2.06,"type":"cold"},"geometry":{"type":"Polygon","coordinates":[[[85.035001900977,25.596620549130144],[85.03656186649263,25.630239474177497],[85.00451109876255,25.646700551581596],[84.970911193582,25.629546463882285],[84.96935964116342,25.595933615939817],[85.0013995815086,25.57946877494383],[85.035001900977,25.596620549130144],[85.035001900977,25.596620549130144]]]}},{"type":"Feature","properties":{"h3":"863c13b9fffffff","score":25,"z":-2.06,"type":"cold"},"geometry":{"type":"Polygon","coordinates":[[[85.29784492656863,25.59907750255998],[85.29943857210003,25.632720407686477],[85.26735007561597,25.64925177705083],[85.23367860515285,25.63214391660548],[85.2320933836391,25.598506957138706],[85.26417120918516,25.581971908763208],[85.29784492656863,25.59907750255998],[85.29784492656863,25.59907750255998]]]}},{"type":"Feature","properties":{"h3":"863c1385fffffff","score":25,"z":-2.06,"type":"cold"},"geometry":{"type":"Polygon","coordinates":[[[85.17110049360579,25.69876816983932],[85.17267845952136,25.732367083836845],[85.14059661509225,25.748838267335998],[85.10694755964326,25.731714260959954],[85.10537801858432,25.698121339230344],[85.13744910876467,25.68164642792795],[85.17110049360579,25.69876816983932],[85.17110049360579,25.69876816983932]]]}},{"type":"Feature","properties":{"h3":"863c1380fffffff","score":26,"z":-1.98,"type":"cold"},"geometry":{"type":"Polygon","coordinates":[[[85.03968295069207,25.697445332142404],[85.04124406965543,25.731032228853866],[85.0091812503738,25.747468192573184],[84.9755681451106,25.73032102600979],[84.97401544541653,25.696740187012225],[85.00606743239618,25.680300453206463],[85.03968295069207,25.697445332142404],[85.03968295069207,25.697445332142404]]]}},{"type":"Feature","properties":{"h3":"863c13107ffffff","score":32,"z":-1.5,"type":"cold"},"geometry":{"type":"Polygon","coordinates":[[[85.06079935951368,25.445522902811504],[85.06236180020501,25.47919260418638],[85.03032430909053,25.49570000782299],[84.99673517857158,25.478541449227258],[84.9951811431543,25.44487783746064],[85.0272078336546,25.42836669104239],[85.06079935951368,25.445522902811504],[85.06079935951368,25.445522902811504]]]}},{"type":"Feature","properties":{"h3":"863c13bafffffff","score":25,"z":-2.06,"type":"cold"},"geometry":{"type":"Polygon","coordinates":[[[85.30262704099695,25.699974149149288],[85.30422186464777,25.7335849492155],[85.27212131267707,25.750091363325595],[85.23843661331874,25.732990659248575],[85.23685021985074,25.699385785787506],[85.26894009617207,25.682875686094377],[85.30262704099695,25.699974149149288],[85.30262704099695,25.699974149149288]]]}},{"type":"Feature","properties":{"h3":"863c8e4a7ffffff","score":25,"z":-2.06,"type":"cold"},"geometry":{"type":"Polygon","coordinates":[[[85.79469590324295,20.17332365795088],[85.7963228870791,20.208472196899603],[85.76475433914983,20.226398229407078],[85.73156880198957,20.20917845321982],[85.72994995422277,20.17403630703123],[85.7615085080089,20.156107540928495],[85.79469590324295,20.17332365795088],[85.79469590324295,20.17332365795088]]]}},{"type":"Feature","properties":{"h3":"863c8e4f7ffffff","score":25,"z":-2.06,"type":"cold"},"geometry":{"type":"Polygon","coordinates":[[[85.92426206346171,20.171826402977132],[85.92590532524464,20.20698761456373],[85.89432022389387,20.224944032684455],[85.86110177864647,20.2077419257566],[85.85946665678428,20.17258703165406],[85.89104184067948,20.15462792362878],[85.92426206346171,20.171826402977132],[85.92426206346171,20.171826402977132]]]}},{"type":"Feature","properties":{"h3":"863c8e557ffffff","score":85,"z":2.36,"type":"hot"},"geometry":{"type":"Polygon","coordinates":[[[85.86928331870187,20.38340497181105],[85.87092081384715,20.418515127212665],[85.83932069901869,20.436414947446792],[85.80609305341957,20.419207359646986],[85.80446370793331,20.384103532988266],[85.8360538588321,20.366200962015316],[85.86928331870187,20.38340497181105],[85.86928331870187,20.38340497181105]]]}},{"type":"Feature","properties":{"h3":"863c8e507ffffff","score":85,"z":2.36,"type":"hot"},"geometry":{"type":"Polygon","coordinates":[[[85.7396689134128,20.38477789162721],[85.74129011119146,20.419875352063592],[85.70970670326857,20.437744575873143],[85.67651213861215,20.420519130295496],[85.67489908652766,20.38542807349752],[85.7064724538817,20.367556055292944],[85.7396689134128,20.38477789162721],[85.7396689134128,20.38477789162721]]]}},{"type":"Feature","properties":{"h3":"863c8e467ffffff","score":84,"z":2.24,"type":"hot"},"geometry":{"type":"Polygon","coordinates":[[[85.99899638158551,20.38193513989555],[86.00065018165424,20.417057840092767],[85.96903366758228,20.434988232860544],[85.93577324065468,20.41779862915423],[85.93412759396116,20.382682182552198],[85.96573422123349,20.364749082665124],[85.99899638158551,20.38193513989555],[85.99899638158551,20.38193513989555]]]}},{"type":"Feature","properties":{"h3":"863c8e547ffffff","score":26,"z":-1.98,"type":"cold"},"geometry":{"type":"Polygon","coordinates":[[[85.90416488767016,20.435713738714146],[85.90580705392584,20.470815720951272],[85.8741969923991,20.488712791747528],[85.84095471175169,20.471510626362786],[85.83932069901869,20.436414947446792],[85.87092081384715,20.418515127212665],[85.90416488767016,20.435713738714146],[85.90416488767016,20.435713738714146]]]}},{"type":"Feature","properties":{"h3":"863c8e52fffffff","score":29,"z":-1.74,"type":"cold"},"geometry":{"type":"Polygon","coordinates":[[[85.7745012536629,20.43709188458266],[85.77612711479225,20.472181222698666],[85.7445336833595,20.490047653436395],[85.71132441477538,20.472827535773384],[85.70970670326857,20.437744575873143],[85.74129011119146,20.419875352063592],[85.7745012536629,20.43709188458266],[85.7745012536629,20.43709188458266]]]}},{"type":"Feature","properties":{"h3":"863c930a7ffffff","score":89,"z":2.84,"type":"hot"},"geometry":{"type":"Polygon","coordinates":[[[83.2254420073409,17.602266500798798],[83.22673465412576,17.637605444025013],[83.19582342403984,17.655467521776618],[83.16363077664158,17.63799368817781],[83.16234600355958,17.602662868063003],[83.19324600520491,17.584797755844754],[83.2254420073409,17.602266500798798],[83.2254420073409,17.602266500798798]]]}},{"type":"Feature","properties":{"h3":"863c930f7ffffff","score":89,"z":2.84,"type":"hot"},"geometry":{"type":"Polygon","coordinates":[[[83.35172395975164,17.601413039123823],[83.35303236652001,17.636768120170274],[83.32209908494745,17.654658571967634],[83.28986856141158,17.637196930531392],[83.28856803671323,17.6018499003015],[83.31949015448527,17.58395645806951],[83.35172395975164,17.601413039123823],[83.35172395975164,17.601413039123823]]]}},{"type":"Feature","properties":{"h3":"863c93197ffffff","score":89,"z":2.84,"type":"hot"},"geometry":{"type":"Polygon","coordinates":[[[83.09928015687741,17.603039029709336],[83.10055706052107,17.63836169068476],[83.06966815372974,17.656195377580932],[83.03751363690819,17.638709479408117],[83.03624459838456,17.603395013520156],[83.06712221262157,17.585558248157785],[83.09928015687741,17.603039029709336],[83.09928015687741,17.603039029709336]]]}},{"type":"Feature","properties":{"h3":"863c93097ffffff","score":84,"z":2.24,"type":"hot"},"geometry":{"type":"Polygon","coordinates":[[[83.22156592628062,17.496217581231452],[83.22285764352846,17.53157254365255],[83.19195775927028,17.549454834027294],[83.1597773814601,17.53198516885384],[83.15849353222367,17.49663834122295],[83.1893821938177,17.478753041392352],[83.22156592628062,17.496217581231452],[83.22156592628062,17.496217581231452]]]}},{"type":"Feature","properties":{"h3":"863c93727ffffff","score":85,"z":2.36,"type":"hot"},"geometry":{"type":"Polygon","coordinates":[[[83.34780062151539,17.49531565955365],[83.34910808736078,17.530686783030742],[83.31818615843116,17.548597350586533],[83.28596792276763,17.53113975747424],[83.28466833329878,17.4957766964112],[83.31557910412131,17.47786316343247],[83.34780062151539,17.49531565955365],[83.34780062151539,17.49531565955365]]]}},{"type":"Feature","properties":{"h3":"863c93157ffffff","score":31,"z":-1.58,"type":"cold"},"geometry":{"type":"Polygon","coordinates":[[[83.29637586659528,17.813850641336128],[83.29767826474756,17.849164915823778],[83.26673325214851,17.867000560606822],[83.23449705008233,17.849524990119495],[83.2332025412464,17.814218778883728],[83.26413634617897,17.796380072261083],[83.29637586659528,17.813850641336128],[83.29637586659528,17.813850641336128]]]}},{"type":"Feature","properties":{"h3":"863c93107ffffff","score":32,"z":-1.5,"type":"cold"},"geometry":{"type":"Polygon","coordinates":[[[83.17005926675743,17.814566466758055],[83.17134589048966,17.849864578717085],[83.1404230794111,17.86767164860149],[83.10822491785578,17.85018370978849],[83.10694617496046,17.81489373305166],[83.13785771382959,17.797083557314192],[83.17005926675743,17.814566466758055],[83.17005926675743,17.814566466758055]]]}},{"type":"Feature","properties":{"h3":"866031a5fffffff","score":25,"z":-2.06,"type":"cold"},"geometry":{"type":"Polygon","coordinates":[[[76.36453754626451,10.00921915837776],[76.36497396878066,10.043941623779748],[76.33640275587499,10.06177421417608],[76.30740842766059,10.04488733272431],[76.30697876641011,10.010176948480801],[76.33553667420412,9.992341364204359],[76.36453754626451,10.00921915837776],[76.36453754626451,10.00921915837776]]]}},{"type":"Feature","properties":{"h3":"866004dafffffff","score":25,"z":-2.06,"type":"cold"},"geometry":{"type":"Polygon","coordinates":[[[76.24946001583046,10.011124179260275],[76.24988292424666,10.045822455606418],[76.22134501355711,10.063632356345295],[76.19239753263749,10.046747011193544],[76.19198136859609,10.012060869382195],[76.2205059432096,9.994247937898914],[76.24946001583046,10.011124179260275],[76.24946001583046,10.011124179260275]]]}},{"type":"Feature","properties":{"h3":"86602268fffffff","score":86,"z":2.48,"type":"hot"},"geometry":{"type":"Polygon","coordinates":[[[76.30440286956802,9.801927029406842],[76.30483193937063,9.836633747364159],[76.27629731647812,9.854489519196076],[76.247346929302,9.837641508715427],[76.24692460287338,9.802946894901826],[76.27544592234594,9.78508818711536],[76.30440286956802,9.801927029406842],[76.30440286956802,9.801927029406842]]]}},{"type":"Feature","properties":{"h3":"8660226dfffffff","score":85,"z":2.36,"type":"hot"},"geometry":{"type":"Polygon","coordinates":[[[76.18948638882257,9.803956379539267],[76.18990198032084,9.838638862578913],[76.16140070078575,9.85647210019135],[76.13249716593215,9.839625827168003],[76.13208830089273,9.804955501431124],[76.16057624636125,9.78711929114235],[76.18948638882257,9.803956379539267],[76.18948638882257,9.803956379539267]]]}},{"type":"Feature","properties":{"h3":"8660226c7ffffff","score":31,"z":-1.58,"type":"cold"},"geometry":{"type":"Polygon","coordinates":[[[76.2175722279734,9.751421424785994],[76.21799104174973,9.786108918388408],[76.18948638882257,9.803956379539267],[76.16057624636125,9.78711929114235],[76.16016416092693,9.75244394049883],[76.18865549172062,9.734593535010854],[76.2175722279734,9.751421424785994],[76.2175722279734,9.751421424785994]]]}},{"type":"Feature","properties":{"h3":"8660226a7ffffff","score":28,"z":-1.82,"type":"cold"},"geometry":{"type":"Polygon","coordinates":[[[76.3900365946215,9.748291814322698],[76.39047564403378,9.78301557693103],[76.36192111500435,9.800896764997026],[76.33294081447417,9.784057079289267],[76.33250851868087,9.749345379603026],[76.36104977188604,9.731461302364016],[76.3900365946215,9.748291814322698],[76.3900365946215,9.748291814322698]]]}},{"type":"Feature","properties":{"h3":"863d32c97ffffff","score":26,"z":-1.98,"type":"cold"},"geometry":{"type":"Polygon","coordinates":[[[74.7854528672516,31.66262594828792],[74.7895737633602,31.62830912374098],[74.82767216096752,31.614395043329623],[74.86167371174857,31.634781043977455],[74.85759052224603,31.669100671528707],[74.81946806835256,31.683031507118542],[74.7854528672516,31.66262594828792],[74.7854528672516,31.66262594828792]]]}},{"type":"Feature","properties":{"h3":"863d32cb7ffffff","score":88,"z":2.72,"type":"hot"},"geometry":{"type":"Polygon","coordinates":[[[74.74316923886046,31.710866292078485],[74.74731551826011,31.676534979611592],[74.7854528672516,31.66262594828792],[74.81946806835256,31.683031507118542],[74.81535954294803,31.717365660556567],[74.77719805536667,31.731291425886106],[74.74316923886046,31.710866292078485],[74.74316923886046,31.710866292078485]]]}},{"type":"Feature","properties":{"h3":"863d32cf7ffffff","score":25,"z":-2.06,"type":"cold"},"geometry":{"type":"Polygon","coordinates":[[[74.91757396837608,31.778565346778645],[74.9216322306831,31.744211177727134],[74.9597636527288,31.730241738780716],[74.99386079979665,31.750609640188962],[74.9898404025368,31.784966486693943],[74.9516849863139,31.798952766066108],[74.91757396837608,31.778565346778645],[74.91757396837608,31.778565346778645]]]}},{"type":"Feature","properties":{"h3":"863d32ca7ffffff","score":30,"z":-1.66,"type":"cold"},"geometry":{"type":"Polygon","coordinates":[[[74.77306412595739,31.765640038366858],[74.77719805536667,31.731291425886106],[74.81535954294803,31.717365660556567],[74.84941123978427,31.73777176400263],[74.84531513330916,31.772123188366855],[74.80712950000873,31.78606570910859],[74.77306412595739,31.765640038366858],[74.77306412595739,31.765640038366858]]]}},{"type":"Feature","properties":{"h3":"86424d347ffffff","score":32,"z":-1.5,"type":"cold"},"geometry":{"type":"Polygon","coordinates":[[[74.64120175928083,31.64955424077175],[74.64539800397432,31.615243223071],[74.6835259174155,31.601372685544707],[74.71748178513272,31.62179650753651],[74.71332320384327,31.656110462120097],[74.67517108422386,31.669997669497018],[74.64120175928083,31.64955424077175],[74.64120175928083,31.64955424077175]]]}},{"type":"Feature","properties":{"h3":"863d325a7ffffff","score":25,"z":-2.06,"type":"cold"},"geometry":{"type":"Polygon","coordinates":[[[74.91191814823797,31.517962149901916],[74.91596330146602,31.483689188398298],[74.9539450436514,31.469760460351196],[74.98790543648899,31.49008788770907],[74.98389784747889,31.524363538936107],[74.94589229463797,31.538309084764457],[74.91191814823797,31.517962149901916],[74.91191814823797,31.517962149901916]]]}},{"type":"Feature","properties":{"h3":"863d3250fffffff","score":26,"z":-1.98,"type":"cold"},"geometry":{"type":"Polygon","coordinates":[[[75.0439498038747,31.6336234424063],[75.04793234497834,31.59931307785247],[75.08594647480624,31.585329053817503],[75.12000180446942,31.605638503422163],[75.11605698394123,31.639951432256325],[75.07801910655515,31.653952358925267],[75.0439498038747,31.6336234424063],[75.0439498038747,31.6336234424063]]]}},{"type":"Feature","properties":{"h3":"863d9148fffffff","score":25,"z":-2.06,"type":"cold"},"geometry":{"type":"Polygon","coordinates":[[[77.3882257238791,23.194281099044446],[77.38880808957198,23.22754866621885],[77.35865035905249,23.242581662485982],[77.32792447388174,23.224353199469572],[77.3273496494416,23.191095726353716],[77.35749317115746,23.17605662055309],[77.3882257238791,23.194281099044446],[77.3882257238791,23.194281099044446]]]}},{"type":"Feature","properties":{"h3":"863d914dfffffff","score":25,"z":-2.06,"type":"cold"},"geometry":{"type":"Polygon","coordinates":[[[77.51010413829708,23.200587631012308],[77.5107016134074,23.23387530896467],[77.48050937626948,23.248939820220446],[77.44973383414083,23.230722720757864],[77.44914391821192,23.197445085277515],[77.47932198744884,23.182374505112108],[77.51010413829708,23.200587631012308],[77.51010413829708,23.200587631012308]]]}},{"type":"Feature","properties":{"h3":"863d91407ffffff","score":30,"z":-1.66,"type":"cold"},"geometry":{"type":"Polygon","coordinates":[[[77.36038718789699,23.342304978587194],[77.36096641024733,23.37552887520532],[77.3308006765513,23.390511989835247],[77.3000699558472,23.37227734290446],[77.29949827858972,23.33906351631415],[77.32964977918944,23.32407426497059],[77.36038718789699,23.342304978587194],[77.36038718789699,23.342304978587194]]]}},{"type":"Feature","properties":{"h3":"863d914b7ffffff","score":29,"z":-1.74,"type":"cold"},"geometry":{"type":"Polygon","coordinates":[[[77.26651578853169,23.18788902133267],[77.26708308074029,23.221136374718938],[77.23696006244363,23.236137912967948],[77.20628400330703,23.217898246261427],[77.20572423427123,23.184661038194356],[77.2358330034563,23.16965334990508],[77.26651578853169,23.18788902133267],[77.26651578853169,23.18788902133267]]]}},{"type":"Feature","properties":{"h3":"863d91497ffffff","score":85,"z":2.36,"type":"hot"},"geometry":{"type":"Polygon","coordinates":[[[77.29607110875983,23.139600437612334],[77.29664195949017,23.172865631436196],[77.26651578853169,23.18788902133267],[77.2358330034563,23.16965334990508],[77.23526967765812,23.13639830085888],[77.26538161425442,23.12136877685208],[77.29607110875983,23.139600437612334],[77.29607110875983,23.139600437612334]]]}},{"type":"Feature","properties":{"h3":"863d93b37ffffff","score":30,"z":-1.66,"type":"cold"},"geometry":{"type":"Polygon","coordinates":[[[77.38647946921006,23.094427262733426],[77.38706141374881,23.12772037810334],[77.35691478645923,23.142781307601954],[77.32620041625475,23.124555217951652],[77.3256260074081,23.09127222103131],[77.35575843530974,23.076205193683624],[77.38647946921006,23.094427262733426],[77.38647946921006,23.094427262733426]]]}},{"type":"Feature","properties":{"h3":"863d91477ffffff","score":85,"z":2.36,"type":"hot"},"geometry":{"type":"Polygon","coordinates":[[[77.45268554997021,23.39698207770062],[77.45327632073315,23.43020805153923],[77.4230790588711,23.44520083702797],[77.39230523571258,23.42697375880013],[77.39172202634202,23.393757804152624],[77.42190508097009,23.37875890685366],[77.45268554997021,23.39698207770062],[77.45268554997021,23.39698207770062]]]}},{"type":"Feature","properties":{"h3":"863d91427ffffff","score":85,"z":2.36,"type":"hot"},"geometry":{"type":"Polygon","coordinates":[[[77.3308006765513,23.390511989835247],[77.33137633352959,23.423717899620744],[77.30121372419784,23.438679093678765],[77.27048970808163,23.420440528696698],[77.26992159445749,23.3872446893632],[77.3000699558472,23.37227734290446],[77.3308006765513,23.390511989835247],[77.3308006765513,23.390511989835247]]]}},{"type":"Feature","properties":{"h3":"863ce150fffffff","score":27,"z":-1.9,"type":"cold"},"geometry":{"type":"Polygon","coordinates":[[[91.71684420510208,26.075014013141274],[91.71925384751533,26.10887955762782],[91.6865999753404,26.12696165450769],[91.651542822837,26.111180038756114],[91.64914156817278,26.077317032398692],[91.68178907717122,26.059233099128637],[91.71684420510208,26.075014013141274],[91.71684420510208,26.075014013141274]]]}},{"type":"Feature","properties":{"h3":"863ce1427ffffff","score":83,"z":2.12,"type":"hot"},"geometry":{"type":"Polygon","coordinates":[[[91.74707975456913,26.023028858180762],[91.74949271251455,26.0569128020153],[91.71684420510208,26.075014013141274],[91.68178907717122,26.059233099128637],[91.67938450212986,26.02535168029873],[91.71202667101605,26.007248645942315],[91.74707975456913,26.023028858180762],[91.74707975456913,26.023028858180762]]]}},{"type":"Feature","properties":{"h3":"863ce1197ffffff","score":25,"z":-2.06,"type":"cold"},"geometry":{"type":"Polygon","coordinates":[[[91.8293220726283,26.2238208656191],[91.83174693008807,26.25763846004389],[91.79907412161096,26.275715075926364],[91.76398274106138,26.259975915112843],[91.76156627327477,26.226160789722453],[91.7942327952408,26.208082351559927],[91.8293220726283,26.2238208656191],[91.8293220726283,26.2238208656191]]]}},{"type":"Feature","properties":{"h3":"863ce1cc7ffffff","score":27,"z":-1.9,"type":"cold"},"geometry":{"type":"Polygon","coordinates":[[[91.69382069586125,26.228468511569293],[91.6962287697203,26.262281131882848],[91.66355783041546,26.280323009079904],[91.62848520320186,26.264554119104393],[91.6260855274521,26.230744039887302],[91.65875007971941,26.212700305007637],[91.69382069586125,26.228468511569293],[91.69382069586125,26.228468511569293]]]}},{"type":"Feature","properties":{"h3":"863ce1537ffffff","score":25,"z":-2.06,"type":"cold"},"geometry":{"type":"Polygon","coordinates":[[[91.58144945231928,26.07958802510659],[91.58384231510726,26.113448457163763],[91.55119061326884,26.131495921845982],[91.51615251087449,26.115684822017784],[91.51376804401744,26.08182700040839],[91.54641328256861,26.06377766365426],[91.58144945231928,26.07958802510659],[91.58144945231928,26.07958802510659]]]}},{"type":"Feature","properties":{"h3":"863ce1437ffffff","score":25,"z":-2.06,"type":"cold"},"geometry":{"type":"Polygon","coordinates":[[[91.70961877893632,25.973348859450976],[91.71202667101605,26.007248645942315],[91.67938450212986,26.02535168029873],[91.64434080407054,26.00955675145089],[91.6419412942266,25.975659513074255],[91.67457709911761,25.957554650901717],[91.70961877893632,25.973348859450976],[91.70961877893632,25.973348859450976]]]}},{"type":"Feature","properties":{"h3":"863ce140fffffff","score":25,"z":-2.06,"type":"cold"},"geometry":{"type":"Polygon","coordinates":[[[91.84500460274703,25.96863176418079],[91.84742924666337,26.002536537970286],[91.81478525438864,26.020674050823462],[91.7797228807733,26.00490857758384],[91.77730661064533,25.971006279280548],[91.80994433921927,25.952866974191924],[91.84500460274703,25.96863176418079],[91.84500460274703,25.96863176418079]]]}},{"type":"Feature","properties":{"h3":"863ce1477ffffff","score":87,"z":2.6,"type":"hot"},"geometry":{"type":"Polygon","coordinates":[[[91.88250081478822,26.018287249983235],[91.88493052577991,26.052176135023938],[91.85228029541047,26.070311860134154],[91.81720659100831,26.05456048340252],[91.81478525438864,26.020674050823462],[91.84742924666337,26.002536537970286],[91.88250081478822,26.018287249983235],[91.88250081478822,26.018287249983235]]]}},{"type":"Feature","properties":{"h3":"863ce1ce7ffffff","score":82,"z":2,"type":"hot"},"geometry":{"type":"Polygon","coordinates":[[[91.66355783041546,26.280323009079904],[91.66596258020617,26.314117065496298],[91.6332863009221,26.332139682465517],[91.59821168250207,26.31637010904161],[91.59581533565215,26.28257860663903],[91.62848520320186,26.264554119104393],[91.66355783041546,26.280323009079904],[91.66355783041546,26.280323009079904]]]}},{"type":"Feature","properties":{"h3":"863d14687ffffff","score":26,"z":-1.98,"type":"cold"},"geometry":{"type":"Polygon","coordinates":[[[76.68444421883865,30.785929842908732],[76.68751869917112,30.75189234869699],[76.724595043004,30.737589406678197],[76.7586182163391,30.757306246194034],[76.75558069556594,30.791344824160394],[76.7184830378406,30.80566549056793],[76.68444421883865,30.785929842908732],[76.68444421883865,30.785929842908732]]]}},{"type":"Feature","properties":{"h3":"863d16a47ffffff","score":31,"z":-1.58,"type":"cold"},"geometry":{"type":"Polygon","coordinates":[[[76.66276969845637,30.63013031896319],[76.66584822522114,30.596144257127417],[76.70284325689288,30.581874322722168],[76.73678099571292,30.601572764340546],[76.73373925243224,30.635559937681485],[76.69672298278779,30.649847569582946],[76.66276969845637,30.63013031896319],[76.66276969845637,30.63013031896319]]]}},{"type":"Feature","properties":{"h3":"863d10d17ffffff","score":25,"z":-2.06,"type":"cold"},"geometry":{"type":"Polygon","coordinates":[[[76.80471055889996,30.64095054112867],[76.807715507555,30.606962321550665],[76.84467545995602,30.59265238802772],[76.87865154335512,30.61231291413248],[76.8756834001294,30.646302114669528],[76.83870236421329,30.66062981983455],[76.80471055889996,30.64095054112867],[76.80471055889996,30.64095054112867]]]}},{"type":"Feature","properties":{"h3":"863d16b6fffffff","score":25,"z":-2.06,"type":"cold"},"geometry":{"type":"Polygon","coordinates":[[[76.54217722251731,30.774981988847344],[76.54532558725921,30.74094685883639],[76.5824367853479,30.726684290492663],[76.6164210831889,30.74643921446145],[76.61330965475332,30.78047555935087],[76.57617698791343,30.794755777096054],[76.54217722251731,30.774981988847344],[76.54217722251731,30.774981988847344]]]}},{"type":"Feature","properties":{"h3":"863d16a57ffffff","score":86,"z":2.48,"type":"hot"},"geometry":{"type":"Polygon","coordinates":[[[76.63192981334454,30.576426917772842],[76.63502191197846,30.54245847418599],[76.67199570530867,30.528206215848943],[76.70589863425347,30.54790473670401],[76.70284325689288,30.581874322722168],[76.66584822522114,30.596144257127417],[76.63192981334454,30.576426917772842],[76.63192981334454,30.576426917772842]]]}},{"type":"Feature","properties":{"h3":"863d10d77ffffff","score":27,"z":-1.9,"type":"cold"},"geometry":{"type":"Polygon","coordinates":[[[76.93784527835163,30.75365295930836],[76.94078575943287,30.719628878392577],[76.97777001178645,30.70526334509944],[77.01183478264997,30.724904053286096],[77.00893124142571,30.758928987109297],[76.97192598578751,30.773312371554074],[76.93784527835163,30.75365295930836],[76.93784527835163,30.75365295930836]]]}},{"type":"Feature","properties":{"h3":"863d146e7ffffff","score":25,"z":-2.06,"type":"cold"},"geometry":{"type":"Polygon","coordinates":[[[76.8176984455103,30.898906730779995],[76.82070838542529,30.864833426346333],[76.8578096009103,30.850474790633164],[76.8919221069418,30.870171666795724],[76.8889492629594,30.904245926729345],[76.85182681312394,30.91862236673686],[76.8176984455103,30.898906730779995],[76.8176984455103,30.898906730779995]]]}},{"type":"Feature","properties":{"h3":"863d14617ffffff","score":25,"z":-2.06,"type":"cold"},"geometry":{"type":"Polygon","coordinates":[[[76.67520155082184,30.888109766853535],[76.67828564965363,30.854038570783892],[76.71542226077524,30.839720407768155],[76.74949615967647,30.85945572285162],[76.74644913469727,30.893528005994106],[76.70929113287451,30.907863898709035],[76.67520155082184,30.888109766853535],[76.67520155082184,30.888109766853535]]]}},{"type":"Feature","properties":{"h3":"86603386fffffff","score":30,"z":-1.66,"type":"cold"},"geometry":{"type":"Polygon","coordinates":[[[76.98582416121428,10.991796625946193],[76.98633543015991,11.026649242704261],[76.95749585453012,11.044434838955397],[76.92815822665489,11.027370970725816],[76.92765385180866,10.992530152693801],[76.95648021277317,10.97474140364422],[76.98582416121428,10.991796625946193],[76.98582416121428,10.991796625946193]]]}},{"type":"Feature","properties":{"h3":"86603394fffffff","score":86,"z":2.48,"type":"hot"},"geometry":{"type":"Polygon","coordinates":[[[77.07237122282795,10.938368917694092],[77.07289266735238,10.973239443098034],[77.0440338490599,10.991051533751126],[77.0146667729239,10.97399620431069],[77.01415223229374,10.939137436014613],[77.04299786592753,10.921322239502288],[77.07237122282795,10.938368917694092],[77.07237122282795,10.938368917694092]]]}},{"type":"Feature","properties":{"h3":"866033b07ffffff","score":26,"z":-1.98,"type":"cold"},"geometry":{"type":"Polygon","coordinates":[[[76.86952300069511,10.993252134875462],[76.8700204896375,11.028081126361787],[76.84121351324151,11.04584332912735],[76.8119222985571,11.028779730656911],[76.81143168729243,10.993962593434714],[76.8402254150849,10.976197199935106],[76.86952300069511,10.993252134875462],[76.86952300069511,10.993252134875462]]]}},{"type":"Feature","properties":{"h3":"866031487ffffff","score":25,"z":-2.06,"type":"cold"},"geometry":{"type":"Polygon","coordinates":[[[76.98429106311498,10.887237790218377],[76.98480197773269,10.922090873903073],[76.95597256789166,10.9398944204273],[76.92664545165569,10.9228479986978],[76.92614142626839,10.888006714281355],[76.9549576299197,10.87020005180564],[76.98429106311498,10.887237790218377],[76.98429106311498,10.887237790218377]]]}},{"type":"Feature","properties":{"h3":"86603396fffffff","score":29,"z":-1.74,"type":"cold"},"geometry":{"type":"Polygon","coordinates":[[[77.10070831849717,10.885665476520328],[77.10123303601674,10.920542074878764],[77.07237122282795,10.938368917694092],[77.04299786592753,10.921322239502288],[77.04248005392212,10.886457384469898],[77.07132869532029,10.868627463745375],[77.10070831849717,10.885665476520328],[77.10070831849717,10.885665476520328]]]}},{"type":"Feature","properties":{"h3":"8660338efffffff","score":31,"z":-1.58,"type":"cold"},"geometry":{"type":"Polygon","coordinates":[[[77.017241261033,11.148286999960215],[77.01775651593492,11.183144369248932],[76.98889354857246,11.20090870192862],[76.95952854715706,11.183818863104369],[76.95902019775959,11.148973277335207],[76.98786994630684,11.131205746339134],[77.017241261033,11.148286999960215],[77.017241261033,11.148286999960215]]]}},{"type":"Feature","properties":{"h3":"8660314d7ffffff","score":25,"z":-2.06,"type":"cold"},"geometry":{"type":"Polygon","coordinates":[[[76.86803122314213,10.88876417723686],[76.86852836748713,10.923593634565682],[76.83973153714062,10.941373870385712],[76.81045080458478,10.924327802247817],[76.80996053306352,10.889510199724798],[76.83874412332294,10.87172681005074],[76.86803122314213,10.88876417723686],[76.86803122314213,10.88876417723686]]]}},{"type":"Feature","properties":{"h3":"86603159fffffff","score":84,"z":2.24,"type":"hot"},"geometry":{"type":"Polygon","coordinates":[[[77.07080761225367,10.833756586881861],[77.07132869532029,10.868627463745375],[77.04248005392212,10.886457384469898],[77.01312350769585,10.869419496758322],[77.01260932364586,10.83456037742666],[77.04144478882586,10.816727387726402],[77.07080761225367,10.833756586881861],[77.07080761225367,10.833756586881861]]]}}]}