{
  "type": "FeatureCollection",
  "features": [
    {
      "type": "Feature",
      "properties": {
        "h3": "89489e34677ffff",
        "score": 99
      },
      "geometry": {
        "type": "Polygon",
        "coordinates": [
          [
            [
              -97.7435359508527,
              30.266697154839502
            ],
            [
              -97.74217234716811,
              30.26821675002008
            ],
            [
              -97.74301851326797,
              30.270027041421592
            ],
            [
              -97.74522834474033,
              30.27031773582918
            ],
            [
              -97.74659195442995,
              30.26879811503146
            ],
            [
              -97.7457457266442,
              30.266987825443806
            ],
            [
              -97.7435359508527,
              30.266697154839502
            ],
            [
              -97.7435359508527,
              30.266697154839502
            ]
          ]
        ]
      }
    },
    {
      "type": "Feature",
      "properties": {
        "h3": "89489e34673ffff",
        "score": 85.9
      },
      "geometry": {
        "type": "Polygon",
        "coordinates": [
          [
            [
              -97.74048010429512,
              30.264596141728656
            ],
            [
              -97.73911650662451,
              30.266115711290208
            ],
            [
              -97.73996259721575,
              30.267926016340343
            ],
            [
              -97.74217234716811,
              30.26821675002008
            ],
            [
              -97.7435359508527,
              30.266697154839502
            ],
            [
              -97.74268979857295,
              30.264886851598753
            ],
            [
              -97.74048010429512,
              30.264596141728656
            ],
            [
              -97.74048010429512,
              30.264596141728656
            ]
          ]
        ]
      }
    },
    {
      "type": "Feature",
      "properties": {
        "h3": "89489e34663ffff",
        "score": 92.5
      },
      "geometry": {
        "type": "Polygon",
        "coordinates": [
          [
            [
              -97.73996259721575,
              30.267926016340343
            ],
            [
              -97.7385989576883,
              30.269445550253387
            ],
            [
              -97.73944506209531,
              30.27125584346197
            ],
            [
              -97.74165486772465,
              30.271546600950952
            ],
            [
              -97.74301851326797,
              30.270027041421592
            ],
            [
              -97.74217234716811,
              30.26821675002008
            ],
            [
              -97.73996259721575,
              30.267926016340343
            ],
            [
              -97.73996259721575,
              30.267926016340343
            ]
          ]
        ]
      }
    },
    {
      "type": "Feature",
      "properties": {
        "h3": "89489e34667ffff",
        "score": 99
      },
      "geometry": {
        "type": "Polygon",
        "coordinates": [
          [
            [
              -97.74301851326797,
              30.270027041421592
            ],
            [
              -97.74165486772465,
              30.271546600950952
            ],
            [
              -97.74250104764472,
              30.273356880501897
            ],
            [
              -97.74471093480037,
              30.273647598712426
            ],
            [
              -97.74607458635062,
              30.27212801356857
            ],
            [
              -97.74522834474033,
              30.27031773582918
            ],
            [
              -97.74301851326797,
              30.270027041421592
            ],
            [
              -97.74301851326797,
              30.270027041421592
            ]
          ]
        ]
      }
    },
    {
      "type": "Feature",
      "properties": {
        "h3": "89489e3462bffff",
        "score": 99
      },
      "geometry": {
        "type": "Polygon",
        "coordinates": [
          [
            [
              -97.74659195442995,
              30.26879811503146
            ],
            [
              -97.74522834474033,
              30.27031773582918
            ],
            [
              -97.74607458635062,
              30.27212801356857
            ],
            [
              -97.74828449933585,
              30.27241866869236
            ],
            [
              -97.74964811502156,
              30.270899022279316
            ],
            [
              -97.748801811728,
              30.269088746358292
            ],
            [
              -97.74659195442995,
              30.26879811503146
            ],
            [
              -97.74659195442995,
              30.26879811503146
            ]
          ]
        ]
      }
    },
    {
      "type": "Feature",
      "properties": {
        "h3": "89489e3463bffff",
        "score": 99
      },
      "geometry": {
        "type": "Polygon",
        "coordinates": [
          [
            [
              -97.74710929447548,
              30.265468169003167
            ],
            [
              -97.7457457266442,
              30.266987825443806
            ],
            [
              -97.74659195442995,
              30.26879811503146
            ],
            [
              -97.748801811728,
              30.269088746358292
            ],
            [
              -97.75016538555347,
              30.267569064299657
            ],
            [
              -97.74931909608875,
              30.265758776532692
            ],
            [
              -97.74710929447548,
              30.265468169003167
            ],
            [
              -97.74710929447548,
              30.265468169003167
            ]
          ]
        ]
      }
    },
    {
      "type": "Feature",
      "properties": {
        "h3": "89489e3460fffff",
        "score": 91.4
      },
      "geometry": {
        "type": "Polygon",
        "coordinates": [
          [
            [
              -97.7440533604011,
              30.263367220777955
            ],
            [
              -97.74268979857295,
              30.264886851598753
            ],
            [
              -97.7435359508527,
              30.266697154839502
            ],
            [
              -97.7457457266442,
              30.266987825443806
            ],
            [
              -97.74710929447548,
              30.265468169003167
            ],
            [
              -97.74626308051415,
              30.263657867578598
            ],
            [
              -97.7440533604011,
              30.263367220777955
            ],
            [
              -97.7440533604011,
              30.263367220777955
            ]
          ]
        ]
      }
    },
    {
      "type": "Feature",
      "properties": {
        "h3": "89489e3460bffff",
        "score": 79.4
      },
      "geometry": {
        "type": "Polygon",
        "coordinates": [
          [
            [
              -97.7409975833356,
              30.26126621964919
            ],
            [
              -97.73963402751954,
              30.26278582484829
            ],
            [
              -97.74048010429512,
              30.264596141728656
            ],
            [
              -97.74268979857295,
              30.264886851598753
            ],
            [
              -97.7440533604011,
              30.263367220777955
            ],
            [
              -97.74320722194133,
              30.26155690570929
            ],
            [
              -97.7409975833356,
              30.26126621964919
            ],
            [
              -97.7409975833356,
              30.26126621964919
            ]
          ]
        ]
      }
    },
    {
      "type": "Feature",
      "properties": {
        "h3": "89489e34647ffff",
        "score": 78
      },
      "geometry": {
        "type": "Polygon",
        "coordinates": [
          [
            [
              -97.73742441476246,
              30.262495075724075
            ],
            [
              -97.73606082311478,
              30.26401461966478
            ],
            [
              -97.73690683819922,
              30.265824938350022
            ],
            [
              -97.73911650662451,
              30.266115711290208
            ],
            [
              -97.74048010429512,
              30.264596141728656
            ],
            [
              -97.73963402751954,
              30.26278582484829
            ],
            [
              -97.73742441476246,
              30.262495075724075
            ],
            [
              -97.73742441476246,
              30.262495075724075
            ]
          ]
        ]
      }
    },
    {
      "type": "Feature",
      "properties": {
        "h3": "89489e3467bffff",
        "score": 87.1
      },
      "geometry": {
        "type": "Polygon",
        "coordinates": [
          [
            [
              -97.73690683819922,
              30.265824938350022
            ],
            [
              -97.73554320469657,
              30.26734444664489
            ],
            [
              -97.73638923359239,
              30.269154753497602
            ],
            [
              -97.7385989576883,
              30.269445550253387
            ],
            [
              -97.73996259721575,
              30.267926016340343
            ],
            [
              -97.73911650662451,
              30.266115711290208
            ],
            [
              -97.73690683819922,
              30.265824938350022
            ],
            [
              -97.73690683819922,
              30.265824938350022
            ]
          ]
        ]
      }
    },
    {
      "type": "Feature",
      "properties": {
        "h3": "89489e3466bffff",
        "score": 93.2
      },
      "geometry": {
        "type": "Polygon",
        "coordinates": [
          [
            [
              -97.73638923359239,
              30.269154753497602
            ],
            [
              -97.73502555823245,
              30.270674226135675
            ],
            [
              -97.7358716009397,
              30.272484521144506
            ],
            [
              -97.73808138070868,
              30.272775341715533
            ],
            [
              -97.73944506209531,
              30.27125584346197
            ],
            [
              -97.7385989576883,
              30.269445550253387
            ],
            [
              -97.73638923359239,
              30.269154753497602
            ],
            [
              -97.73638923359239,
              30.269154753497602
            ]
          ]
        ]
      }
    },
    {
      "type": "Feature",
      "properties": {
        "h3": "89489e3466fffff",
        "score": 90.5
      },
      "geometry": {
        "type": "Polygon",
        "coordinates": [
          [
            [
              -97.73944506209531,
              30.27125584346197
            ],
            [
              -97.73808138070868,
              30.272775341715533
            ],
            [
              -97.73892749893157,
              30.274585623071232
            ],
            [
              -97.74113736024032,
              30.274876404369127
            ],
            [
              -97.74250104764472,
              30.273356880501897
            ],
            [
              -97.74165486772465,
              30.271546600950952
            ],
            [
              -97.73944506209531,
              30.27125584346197
            ],
            [
              -97.73944506209531,
              30.27125584346197
            ]
          ]
        ]
      }
    },
    {
      "type": "Feature",
      "properties": {
        "h3": "89489e3429bffff",
        "score": 91.2
      },
      "geometry": {
        "type": "Polygon",
        "coordinates": [
          [
            [
              -97.74250104764472,
              30.273356880501897
            ],
            [
              -97.74113736024032,
              30.274876404369127
            ],
            [
              -97.74198355398072,
              30.276686672058165
            ],
            [
              -97.7441934968221,
              30.276977414071247
            ],
            [
              -97.74555719023532,
              30.275457864592212
            ],
            [
              -97.74471093480037,
              30.273647598712426
            ],
            [
              -97.74250104764472,
              30.273356880501897
            ],
            [
              -97.74250104764472,
              30.273356880501897
            ]
          ]
        ]
      }
    },
    {
      "type": "Feature",
      "properties": {
        "h3": "89489e34293ffff",
        "score": 99
      },
      "geometry": {
        "type": "Polygon",
        "coordinates": [
          [
            [
              -97.74607458635062,
              30.27212801356857
            ],
            [
              -97.74471093480037,
              30.273647598712426
            ],
            [
              -97.74555719023532,
              30.275457864592212
            ],
            [
              -97.74776715891016,
              30.275748543512606
            ],
            [
              -97.74913081645842,
              30.274228932756106
            ],
            [
              -97.74828449933585,
              30.27241866869236
            ],
            [
              -97.74607458635062,
              30.27212801356857
            ],
            [
              -97.74607458635062,
              30.27212801356857
            ]
          ]
        ]
      }
    },
    {
      "type": "Feature",
      "properties": {
        "h3": "89489e3462fffff",
        "score": 99
      },
      "geometry": {
        "type": "Polygon",
        "coordinates": [
          [
            [
              -97.74964811502156,
              30.270899022279316
            ],
            [
              -97.74828449933585,
              30.27241866869236
            ],
            [
              -97.74913081645842,
              30.274228932756106
            ],
            [
              -97.7513408109494,
              30.274519548584443
            ],
            [
              -97.75270443262227,
              30.27299987655792
            ],
            [
              -97.75185805381903,
              30.271189614317027
            ],
            [
              -97.74964811502156,
              30.270899022279316
            ],
            [
              -97.74964811502156,
              30.270899022279316
            ]
          ]
        ]
      }
    },
    {
      "type": "Feature",
      "properties": {
        "h3": "89489e34623ffff",
        "score": 99
      },
      "geometry": {
        "type": "Polygon",
        "coordinates": [
          [
            [
              -97.75016538555347,
              30.267569064299657
            ],
            [
              -97.748801811728,
              30.269088746358292
            ],
            [
              -97.74964811502156,
              30.270899022279316
            ],
            [
              -97.75185805381903,
              30.271189614317027
            ],
            [
              -97.75322163362978,
              30.26966990664224
            ],
            [
              -97.75237526865983,
              30.267859632546386
            ],
            [
              -97.75016538555347,
              30.267569064299657
            ],
            [
              -97.75016538555347,
              30.267569064299657
            ]
          ]
        ]
      }
    },
    {
      "type": "Feature",
      "properties": {
        "h3": "89489e34633ffff",
        "score": 91.3
      },
      "geometry": {
        "type": "Polygon",
        "coordinates": [
          [
            [
              -97.75068262805634,
              30.264239058839433
            ],
            [
              -97.74931909608875,
              30.265758776532692
            ],
            [
              -97.75016538555347,
              30.267569064299657
            ],
            [
              -97.75237526865983,
              30.267859632546386
            ],
            [
              -97.7537388066108,
              30.26633988923429
            ],
            [
              -97.75289245547404,
              30.264529603294807
            ],
            [
              -97.75068262805634,
              30.264239058839433
            ],
            [
              -97.75068262805634,
              30.264239058839433
            ]
          ]
        ]
      }
    },
    {
      "type": "Feature",
      "properties": {
        "h3": "89489e34607ffff",
        "score": 92.5
      },
      "geometry": {
        "type": "Polygon",
        "coordinates": [
          [
            [
              -97.74762660648942,
              30.26213817550603
            ],
            [
              -97.74626308051415,
              30.263657867578598
            ],
            [
              -97.74710929447548,
              30.265468169003167
            ],
            [
              -97.74931909608875,
              30.265758776532692
            ],
            [
              -97.75068262805634,
              30.264239058839433
            ],
            [
              -97.74983635242036,
              30.262428759237856
            ],
            [
              -97.74762660648942,
              30.26213817550603
            ],
            [
              -97.74762660648942,
              30.26213817550603
            ]
          ]
        ]
      }
    },
    {
      "type": "Feature",
      "properties": {
        "h3": "89489e34603ffff",
        "score": 87.9
      },
      "geometry": {
        "type": "Polygon",
        "coordinates": [
          [
            [
              -97.74457074191535,
              30.26003723925924
            ],
            [
              -97.74320722194133,
              30.26155690570929
            ],
            [
              -97.7440533604011,
              30.263367220777955
            ],
            [
              -97.74626308051415,
              30.263657867578598
            ],
            [
              -97.74762660648942,
              30.26213817550603
            ],
            [
              -97.74678040635241,
              30.260327862255856
            ],
            [
              -97.74457074191535,
              30.26003723925924
            ],
            [
              -97.74457074191535,
              30.26003723925924
            ]
          ]
        ]
      }
    },
    {
      "type": "Feature",
      "properties": {
        "h3": "89489e3461bffff",
        "score": 82.1
      },
      "geometry": {
        "type": "Polygon",
        "coordinates": [
          [
            [
              -97.7415150343394,
              30.257936250124253
            ],
            [
              -97.74015152037556,
              30.25945589094993
            ],
            [
              -97.7409975833356,
              30.26126621964919
            ],
            [
              -97.74320722194133,
              30.26155690570929
            ],
            [
              -97.74457074191535,
              30.26003723925924
            ],
            [
              -97.74372461727543,
              30.25822691237399
            ],
            [
              -97.7415150343394,
              30.257936250124253
            ],
            [
              -97.7415150343394,
              30.257936250124253
            ]
          ]
        ]
      }
    },
    {
      "type": "Feature",
      "properties": {
        "h3": "89489e34657ffff",
        "score": 76.1
      },
      "geometry": {
        "type": "Polygon",
        "coordinates": [
          [
            [
              -97.73794196328427,
              30.25916516564205
            ],
            [
              -97.73657841348926,
              30.260684745217617
            ],
            [
              -97.73742441476246,
              30.262495075724075
            ],
            [
              -97.73963402751954,
              30.26278582484829
            ],
            [
              -97.7409975833356,
              30.26126621964919
            ],
            [
              -97.74015152037556,
              30.25945589094993
            ],
            [
              -97.73794196328427,
              30.25916516564205
            ],
            [
              -97.73794196328427,
              30.25916516564205
            ]
          ]
        ]
      }
    },
    {
      "type": "Feature",
      "properties": {
        "h3": "89489e34643ffff",
        "score": 81
      },
      "geometry": {
        "type": "Polygon",
        "coordinates": [
          [
            [
              -97.73436888226004,
              30.260393956850937
            ],
            [
              -97.73300529664422,
              30.261913475168942
            ],
            [
              -97.73385123622371,
              30.263723807475802
            ],
            [
              -97.73606082311478,
              30.26401461966478
            ],
            [
              -97.73742441476246,
              30.262495075724075
            ],
            [
              -97.73657841348926,
              30.260684745217617
            ],
            [
              -97.73436888226004,
              30.260393956850937
            ],
            [
              -97.73436888226004,
              30.260393956850937
            ]
          ]
        ]
      }
    },
    {
      "type": "Feature",
      "properties": {
        "h3": "89489e3464fffff",
        "score": 87
      },
      "geometry": {
        "type": "Polygon",
        "coordinates": [
          [
            [
              -97.73385123622371,
              30.263723807475802
            ],
            [
              -97.73248760875481,
              30.265243290150643
            ],
            [
              -97.73333356214121,
              30.267053610633976
            ],
            [
              -97.73554320469657,
              30.26734444664489
            ],
            [
              -97.73690683819922,
              30.265824938350022
            ],
            [
              -97.73606082311478,
              30.26401461966478
            ],
            [
              -97.73385123622371,
              30.263723807475802
            ],
            [
              -97.73385123622371,
              30.263723807475802
            ]
          ]
        ]
      }
    },
    {
      "type": "Feature",
      "properties": {
        "h3": "89489e355b7ffff",
        "score": 96.9
      },
      "geometry": {
        "type": "Polygon",
        "coordinates": [
          [
            [
              -97.73333356214121,
              30.267053610633976
            ],
            [
              -97.73196989281692,
              30.26857305765472
            ],
            [
              -97.73281586001035,
              30.270383366303196
            ],
            [
              -97.73502555823245,
              30.270674226135675
            ],
            [
              -97.73638923359239,
              30.269154753497602
            ],
            [
              -97.73554320469657,
              30.26734444664489
            ],
            [
              -97.73333356214121,
              30.267053610633976
            ],
            [
              -97.73333356214121,
              30.267053610633976
            ]
          ]
        ]
      }
    },
    {
      "type": "Feature",
      "properties": {
        "h3": "89489e355a7ffff",
        "score": 99
      },
      "geometry": {
        "type": "Polygon",
        "coordinates": [
          [
            [
              -97.73281586001035,
              30.270383366303196
            ],
            [
              -97.73145214882837,
              30.271902777658863
            ],
            [
              -97.7322981298289,
              30.273713074461146
            ],
            [
              -97.73450788372018,
              30.274003958114836
            ],
            [
              -97.7358716009397,
              30.272484521144506
            ],
            [
              -97.73502555823245,
              30.270674226135675
            ],
            [
              -97.73281586001035,
              30.270383366303196
            ],
            [
              -97.73281586001035,
              30.270383366303196
            ]
          ]
        ]
      }
    },
    {
      "type": "Feature",
      "properties": {
        "h3": "89489e342d3ffff",
        "score": 89.4
      },
      "geometry": {
        "type": "Polygon",
        "coordinates": [
          [
            [
              -97.7358716009397,
              30.272484521144506
            ],
            [
              -97.73450788372018,
              30.274003958114836
            ],
            [
              -97.73535394023901,
              30.275814241268474
            ],
            [
              -97.73756377568347,
              30.27610508565435
            ],
            [
              -97.73892749893157,
              30.274585623071232
            ],
            [
              -97.73808138070868,
              30.272775341715533
            ],
            [
              -97.7358716009397,
              30.272484521144506
            ],
            [
              -97.7358716009397,
              30.272484521144506
            ]
          ]
        ]
      }
    },
    {
      "type": "Feature",
      "properties": {
        "h3": "89489e342d7ffff",
        "score": 80.4
      },
      "geometry": {
        "type": "Polygon",
        "coordinates": [
          [
            [
              -97.73892749893157,
              30.274585623071232
            ],
            [
              -97.73756377568347,
              30.27610508565435
            ],
            [
              -97.7384099077224,
              30.27791535514584
            ],
            [
              -97.74061982471295,
              30.278206160252264
            ],
            [
              -97.74198355398072,
              30.276686672058165
            ],
            [
              -97.74113736024032,
              30.274876404369127
            ],
            [
              -97.73892749893157,
              30.274585623071232
            ],
            [
              -97.73892749893157,
              30.274585623071232
            ]
          ]
        ]
      }
    },
    {
      "type": "Feature",
      "properties": {
        "h3": "89489e3428bffff",
        "score": 79.5
      },
      "geometry": {
        "type": "Polygon",
        "coordinates": [
          [
            [
              -97.74198355398072,
              30.276686672058165
            ],
            [
              -97.74061982471295,
              30.278206160252264
            ],
            [
              -97.74146603227382,
              30.280016416068076
            ],
            [
              -97.74367603080334,
              30.28030718188336
            ],
            [
              -97.74503976608182,
              30.27878766808012
            ],
            [
              -97.7441934968221,
              30.276977414071247
            ],
            [
              -97.74198355398072,
              30.276686672058165
            ],
            [
              -97.74198355398072,
              30.276686672058165
            ]
          ]
        ]
      }
    },
    {
      "type": "Feature",
      "properties": {
        "h3": "89489e34283ffff",
        "score": 91.7
      },
      "geometry": {
        "type": "Polygon",
        "coordinates": [
          [
            [
              -97.74555719023532,
              30.275457864592212
            ],
            [
              -97.7441934968221,
              30.276977414071247
            ],
            [
              -97.74503976608182,
              30.27878766808012
            ],
            [
              -97.74724979044875,
              30.279078370796743
            ],
            [
              -97.74861348986184,
              30.27755879570775
            ],
            [
              -97.74776715891016,
              30.275748543512606
            ],
            [
              -97.74555719023532,
              30.275457864592212
            ],
            [
              -97.74555719023532,
              30.275457864592212
            ]
          ]
        ]
      }
    },
    {
      "type": "Feature",
      "properties": {
        "h3": "89489e34297ffff",
        "score": 95.4
      },
      "geometry": {
        "type": "Polygon",
        "coordinates": [
          [
            [
              -97.74913081645842,
              30.274228932756106
            ],
            [
              -97.74776715891016,
              30.275748543512606
            ],
            [
              -97.74861348986184,
              30.27755879570775
            ],
            [
              -97.75082354004878,
              30.277849435326345
            ],
            [
              -97.75218720358608,
              30.276329798959047
            ],
            [
              -97.7513408109494,
              30.274519548584443
            ],
            [
              -97.74913081645842,
              30.274228932756106
            ],
            [
              -97.74913081645842,
              30.274228932756106
            ]
          ]
        ]
      }
    },
    {
      "type": "Feature",
      "properties": {
        "h3": "89489e3405bffff",
        "score": 89.1
      },
      "geometry": {
        "type": "Polygon",
        "coordinates": [
          [
            [
              -97.75270443262227,
              30.27299987655792
            ],
            [
              -97.7513408109494,
              30.274519548584443
            ],
            [
              -97.75218720358608,
              30.276329798959047
            ],
            [
              -97.75439727957568,
              30.27662037548026
            ],
            [
              -97.75576090722676,
              30.27510067784208
            ],
            [
              -97.75491445291205,
              30.27329042929484
            ],
            [
              -97.75270443262227,
              30.27299987655792
            ],
            [
              -97.75270443262227,
              30.27299987655792
            ]
          ]
        ]
      }
    },
    {
      "type": "Feature",
      "properties": {
        "h3": "89489e34627ffff",
        "score": 93.2
      },
      "geometry": {
        "type": "Polygon",
        "coordinates": [
          [
            [
              -97.75322163362978,
              30.26966990664224
            ],
            [
              -97.75185805381903,
              30.271189614317027
            ],
            [
              -97.75270443262227,
              30.27299987655792
            ],
            [
              -97.75491445291205,
              30.27329042929484
            ],
            [
              -97.75627803869911,
              30.27177069600573
            ],
            [
              -97.75543159822213,
              30.269960435594513
            ],
            [
              -97.75322163362978,
              30.26966990664224
            ],
            [
              -97.75322163362978,
              30.26966990664224
            ]
          ]
        ]
      }
    },
    {
      "type": "Feature",
      "properties": {
        "h3": "89489e34637ffff",
        "score": 87.2
      },
      "geometry": {
        "type": "Polygon",
        "coordinates": [
          [
            [
              -97.7537388066108,
              30.26633988923429
            ],
            [
              -97.75237526865983,
              30.267859632546386
            ],
            [
              -97.75322163362978,
              30.26966990664224
            ],
            [
              -97.75543159822213,
              30.269960435594513
            ],
            [
              -97.75679514214751,
              30.268440666665423
            ],
            [
              -97.75594871550815,
              30.266630394401563
            ],
            [
              -97.7537388066108,
              30.26633988923429
            ],
            [
              -97.7537388066108,
              30.26633988923429
            ]
          ]
        ]
      }
    },
    {
      "type": "Feature",
      "properties": {
        "h3": "89489e346afffff",
        "score": 77
      },
      "geometry": {
        "type": "Polygon",
        "coordinates": [
          [
            [
              -97.75425595156752,
              30.26300982435638
            ],
            [
              -97.75289245547404,
              30.264529603294807
            ],
            [
              -97.7537388066108,
              30.26633988923429
            ],
            [
              -97.75594871550815,
              30.266630394401563
            ],
            [
              -97.75731221757415,
              30.26511058984345
            ],
            [
              -97.75646580477229,
              30.26330030573827
            ],
            [
              -97.75425595156752,
              30.26300982435638
            ],
            [
              -97.75425595156752,
              30.26300982435638
            ]
          ]
        ]
      }
    },
    {
      "type": "Feature",
      "properties": {
        "h3": "89489e346abffff",
        "score": 83.7
      },
      "geometry": {
        "type": "Polygon",
        "coordinates": [
          [
            [
              -97.75119984253234,
              30.26090900592094
            ],
            [
              -97.74983635242036,
              30.262428759237856
            ],
            [
              -97.75068262805634,
              30.264239058839433
            ],
            [
              -97.75289245547404,
              30.264529603294807
            ],
            [
              -97.75425595156752,
              30.26300982435638
            ],
            [
              -97.75340961426382,
              30.261199526584612
            ],
            [
              -97.75119984253234,
              30.26090900592094
            ],
            [
              -97.75119984253234,
              30.26090900592094
            ]
          ]
        ]
      }
    },
    {
      "type": "Feature",
      "properties": {
        "h3": "89489e34617ffff",
        "score": 91.6
      },
      "geometry": {
        "type": "Polygon",
        "coordinates": [
          [
            [
              -97.74814389047395,
              30.258808134562305
            ],
            [
              -97.74678040635241,
              30.260327862255856
            ],
            [
              -97.74762660648942,
              30.26213817550603
            ],
            [
              -97.74983635242036,
              30.262428759237856
            ],
            [
              -97.75119984253234,
              30.26090900592094
            ],
            [
              -97.750353580725,
              30.25909869449609
            ],
            [
              -97.74814389047395,
              30.258808134562305
            ],
            [
              -97.74814389047395,
              30.258808134562305
            ]
          ]
        ]
      }
    },
    {
      "type": "Feature",
      "properties": {
        "h3": "89489e34613ffff",
        "score": 93.7
      },
      "geometry": {
        "type": "Polygon",
        "coordinates": [
          [
            [
              -97.74508809539763,
              30.256707210305652
            ],
            [
              -97.74372461727543,
              30.25822691237399
            ],
            [
              -97.74457074191535,
              30.26003723925924
            ],
            [
              -97.74678040635241,
              30.260327862255856
            ],
            [
              -97.74814389047395,
              30.258808134562305
            ],
            [
              -97.74729770416114,
              30.256997809497875
            ],
            [
              -97.74508809539763,
              30.256707210305652
            ],
            [
              -97.74508809539763,
              30.256707210305652
            ]
          ]
        ]
      }
    },
    {
      "type": "Feature",
      "properties": {
        "h3": "89489e346c7ffff",
        "score": 90.3
      },
      "geometry": {
        "type": "Polygon",
        "coordinates": [
          [
            [
              -97.7420324573087,
              30.25460623317614
            ],
            [
              -97.74066898519479,
              30.256125909617435
            ],
            [
              -97.7415150343394,
              30.257936250124253
            ],
            [
              -97.74372461727543,
              30.25822691237399
            ],
            [
              -97.74508809539763,
              30.256707210305652
            ],
            [
              -97.7442419845775,
              30.25489687161514
            ],
            [
              -97.7420324573087,
              30.25460623317614
            ],
            [
              -97.7420324573087,
              30.25460623317614
            ]
          ]
        ]
      }
    },
    {
      "type": "Feature",
      "properties": {
        "h3": "89489e346cfffff",
        "score": 82.3
      },
      "geometry": {
        "type": "Polygon",
        "coordinates": [
          [
            [
              -97.73845948376685,
              30.255835208126243
            ],
            [
              -97.73709597582217,
              30.257354823325702
            ],
            [
              -97.73794196328427,
              30.25916516564205
            ],
            [
              -97.74015152037556,
              30.25945589094993
            ],
            [
              -97.7415150343394,
              30.257936250124253
            ],
            [
              -97.74066898519479,
              30.256125909617435
            ],
            [
              -97.73845948376685,
              30.255835208126243
            ],
            [
              -97.73845948376685,
              30.255835208126243
            ]
          ]
        ]
      }
    },
    {
      "type": "Feature",
      "properties": {
        "h3": "89489e34653ffff",
        "score": 84.2
      },
      "geometry": {
        "type": "Polygon",
        "coordinates": [
          [
            [
              -97.7348865002524,
              30.257064058781708
            ],
            [
              -97.73352295648733,
              30.258583612731883
            ],
            [
              -97.73436888226004,
              30.260393956850937
            ],
            [
              -97.73657841348926,
              30.260684745217617
            ],
            [
              -97.73794196328427,
              30.25916516564205
            ],
            [
              -97.73709597582217,
              30.257354823325702
            ],
            [
              -97.7348865002524,
              30.257064058781708
            ],
            [
              -97.7348865002524,
              30.257064058781708
            ]
          ]
        ]
      }
    },
    {
      "type": "Feature",
      "properties": {
        "h3": "89489e3465bffff",
        "score": 89
      },
      "geometry": {
        "type": "Polygon",
        "coordinates": [
          [
            [
              -97.73131350679311,
              30.258292785134415
            ],
            [
              -97.72994992721809,
              30.259812277827884
            ],
            [
              -97.73079579129445,
              30.261622623742838
            ],
            [
              -97.73300529664422,
              30.261913475168942
            ],
            [
              -97.73436888226004,
              30.260393956850937
            ],
            [
              -97.73352295648733,
              30.258583612731883
            ],
            [
              -97.73131350679311,
              30.258292785134415
            ],
            [
              -97.73131350679311,
              30.258292785134415
            ]
          ]
        ]
      }
    },
    {
      "type": "Feature",
      "properties": {
        "h3": "89489e3464bffff",
        "score": 88
      },
      "geometry": {
        "type": "Polygon",
        "coordinates": [
          [
            [
              -97.73079579129445,
              30.261622623742838
            ],
            [
              -97.72943216986825,
              30.263142080795827
            ],
            [
              -97.73027804774708,
              30.264952414896275
            ],
            [
              -97.73248760875481,
              30.265243290150643
            ],
            [
              -97.73385123622371,
              30.263723807475802
            ],
            [
              -97.73300529664422,
              30.261913475168942
            ],
            [
              -97.73079579129445,
              30.261622623742838
            ],
            [
              -97.73079579129445,
              30.261622623742838
            ]
          ]
        ]
      }
    },
    {
      "type": "Feature",
      "properties": {
        "h3": "89489e355b3ffff",
        "score": 95.4
      },
      "geometry": {
        "type": "Polygon",
        "coordinates": [
          [
            [
              -97.73027804774708,
              30.264952414896275
            ],
            [
              -97.72891438446737,
              30.26647183629784
            ],
            [
              -97.7297602761488,
              30.268282158572436
            ],
            [
              -97.73196989281692,
              30.26857305765472
            ],
            [
              -97.73333356214121,
              30.267053610633976
            ],
            [
              -97.73248760875481,
              30.265243290150643
            ],
            [
              -97.73027804774708,
              30.264952414896275
            ],
            [
              -97.73027804774708,
              30.264952414896275
            ]
          ]
        ]
      }
    },
    {
      "type": "Feature",
      "properties": {
        "h3": "89489e355a3ffff",
        "score": 99
      },
      "geometry": {
        "type": "Polygon",
        "coordinates": [
          [
            [
              -97.7297602761488,
              30.268282158572436
            ],
            [
              -97.72839657101329,
              30.26980154431161
            ],
            [
              -97.72924247649742,
              30.271611854749032
            ],
            [
              -97.73145214882837,
              30.271902777658863
            ],
            [
              -97.73281586001035,
              30.270383366303196
            ],
            [
              -97.73196989281692,
              30.26857305765472
            ],
            [
              -97.7297602761488,
              30.268282158572436
            ],
            [
              -97.7297602761488,
              30.268282158572436
            ]
          ]
        ]
      }
    },
    {
      "type": "Feature",
      "properties": {
        "h3": "89489e355afffff",
        "score": 99
      },
      "geometry": {
        "type": "Polygon",
        "coordinates": [
          [
            [
              -97.72924247649742,
              30.271611854749032
            ],
            [
              -97.7278787295038,
              30.27313120481485
            ],
            [
              -97.72872464879073,
              30.274941503403788
            ],
            [
              -97.73093437678692,
              30.275232450140777
            ],
            [
              -97.7322981298289,
              30.273713074461146
            ],
            [
              -97.73145214882837,
              30.271902777658863
            ],
            [
              -97.72924247649742,
              30.271611854749032
            ],
            [
              -97.72924247649742,
              30.271611854749032
            ]
          ]
        ]
      }
    },
    {
      "type": "Feature",
      "properties": {
        "h3": "89489e342dbffff",
        "score": 93.7
      },
      "geometry": {
        "type": "Polygon",
        "coordinates": [
          [
            [
              -97.7322981298289,
              30.273713074461146
            ],
            [
              -97.73093437678692,
              30.275232450140777
            ],
            [
              -97.73178037159474,
              30.277042735085544
            ],
            [
              -97.7339901811576,
              30.277333642560073
            ],
            [
              -97.73535394023901,
              30.275814241268474
            ],
            [
              -97.73450788372018,
              30.274003958114836
            ],
            [
              -97.7322981298289,
              30.273713074461146
            ],
            [
              -97.7322981298289,
              30.273713074461146
            ]
          ]
        ]
      }
    },
    {
      "type": "Feature",
      "properties": {
        "h3": "89489e342c3ffff",
        "score": 80.2
      },
      "geometry": {
        "type": "Polygon",
        "coordinates": [
          [
            [
              -97.73535394023901,
              30.275814241268474
            ],
            [
              -97.7339901811576,
              30.277333642560073
            ],
            [
              -97.7348362514881,
              30.279143913847182
            ],
            [
              -97.73704614261048,
              30.27943478204757
            ],
            [
              -97.7384099077224,
              30.27791535514584
            ],
            [
              -97.73756377568347,
              30.27610508565435
            ],
            [
              -97.73535394023901,
              30.275814241268474
            ],
            [
              -97.73535394023901,
              30.275814241268474
            ]
          ]
        ]
      }
    },
    {
      "type": "Feature",
      "properties": {
        "h3": "89489e342c7ffff",
        "score": 71.9
      },
      "geometry": {
        "type": "Polygon",
        "coordinates": [
          [
            [
              -97.7384099077224,
              30.27791535514584
            ],
            [
              -97.73704614261048,
              30.27943478204757
            ],
            [
              -97.73789228846555,
              30.281245039663514
            ],
            [
              -97.74010226114035,
              30.281535868578093
            ],
            [
              -97.74146603227382,
              30.280016416068076
            ],
            [
              -97.74061982471295,
              30.278206160252264
            ],
            [
              -97.7384099077224,
              30.27791535514584
            ],
            [
              -97.7384099077224,
              30.27791535514584
            ]
          ]
        ]
      }
    },
    {
      "type": "Feature",
      "properties": {
        "h3": "89489e34213ffff",
        "score": 75.4
      },
      "geometry": {
        "type": "Polygon",
        "coordinates": [
          [
            [
              -97.74146603227382,
              30.280016416068076
            ],
            [
              -97.74010226114035,
              30.281535868578093
            ],
            [
              -97.74094848252179,
              30.28334611250933
            ],
            [
              -97.74315853674189,
              30.28363690212646
            ],
            [
              -97.74452231388796,
              30.282117424009986
            ],
            [
              -97.74367603080334,
              30.28030718188336
            ],
            [
              -97.74146603227382,
              30.280016416068076
            ],
            [
              -97.74146603227382,
              30.280016416068076
            ]
          ]
        ]
      }
    },
    {
      "type": "Feature",
      "properties": {
        "h3": "89489e3428fffff",
        "score": 84.4
      },
      "geometry": {
        "type": "Polygon",
        "coordinates": [
          [
            [
              -97.74503976608182,
              30.27878766808012
            ],
            [
              -97.74367603080334,
              30.28030718188336
            ],
            [
              -97.74452231388796,
              30.282117424009986
            ],
            [
              -97.74673239394937,
              30.28240815052245
            ],
            [
              -97.74809613522962,
              30.28088861111194
            ],
            [
              -97.74724979044875,
              30.279078370796743
            ],
            [
              -97.74503976608182,
              30.27878766808012
            ],
            [
              -97.74503976608182,
              30.27878766808012
            ]
          ]
        ]
      }
    },
    {
      "type": "Feature",
      "properties": {
        "h3": "89489e34287ffff",
        "score": 87.3
      },
      "geometry": {
        "type": "Polygon",
        "coordinates": [
          [
            [
              -97.74861348986184,
              30.27755879570775
            ],
            [
              -97.74724979044875,
              30.279078370796743
            ],
            [
              -97.74809613522962,
              30.28088861111194
            ],
            [
              -97.75030624111493,
              30.281179274520436
            ],
            [
              -97.75166994651897,
              30.279659673823318
            ],
            [
              -97.75082354004878,
              30.277849435326345
            ],
            [
              -97.74861348986184,
              30.27755879570775
            ],
            [
              -97.74861348986184,
              30.27755879570775
            ]
          ]
        ]
      }
    },
    {
      "type": "Feature",
      "properties": {
        "h3": "89489e3404bffff",
        "score": 80.8
      },
      "geometry": {
        "type": "Polygon",
        "coordinates": [
          [
            [
              -97.75218720358608,
              30.276329798959047
            ],
            [
              -97.75082354004878,
              30.277849435326345
            ],
            [
              -97.75166994651897,
              30.279659673823318
            ],
            [
              -97.75388007821088,
              30.27995027412845
            ],
            [
              -97.75524374772827,
              30.278430612152185
            ],
            [
              -97.75439727957568,
              30.27662037548026
            ],
            [
              -97.75218720358608,
              30.276329798959047
            ],
            [
              -97.75218720358608,
              30.276329798959047
            ]
          ]
        ]
      }
    },
    {
      "type": "Feature",
      "properties": {
        "h3": "89489e34043ffff",
        "score": 75.4
      },
      "geometry": {
        "type": "Polygon",
        "coordinates": [
          [
            [
              -97.75576090722676,
              30.27510067784208
            ],
            [
              -97.75439727957568,
              30.27662037548026
            ],
            [
              -97.75524374772827,
              30.278430612152185
            ],
            [
              -97.7574539052094,
              30.27872114935461
            ],
            [
              -97.75881753882973,
              30.277201426106647
            ],
            [
              -97.75797100900171,
              30.275391191266568
            ],
            [
              -97.75576090722676,
              30.27510067784208
            ],
            [
              -97.75576090722676,
              30.27510067784208
            ]
          ]
        ]
      }
    },
    {
      "type": "Feature",
      "properties": {
        "h3": "89489e34053ffff",
        "score": 84.3
      },
      "geometry": {
        "type": "Polygon",
        "coordinates": [
          [
            [
              -97.75627803869911,
              30.27177069600573
            ],
            [
              -97.75491445291205,
              30.27329042929484
            ],
            [
              -97.75576090722676,
              30.27510067784208
            ],
            [
              -97.75797100900171,
              30.275391191266568
            ],
            [
              -97.75933460075616,
              30.27387143236497
            ],
            [
              -97.7584880847703,
              30.272061185651896
            ],
            [
              -97.75627803869911,
              30.27177069600573
            ],
            [
              -97.75627803869911,
              30.27177069600573
            ]
          ]
        ]
      }
    },
    {
      "type": "Feature",
      "properties": {
        "h3": "89489e340cbffff",
        "score": 85.9
      },
      "geometry": {
        "type": "Polygon",
        "coordinates": [
          [
            [
              -97.75679514214751,
              30.268440666665423
            ],
            [
              -97.75543159822213,
              30.269960435594513
            ],
            [
              -97.75627803869911,
              30.27177069600573
            ],
            [
              -97.7584880847703,
              30.272061185651896
            ],
            [
              -97.75985163466117,
              30.270541391107653
            ],
            [
              -97.75900513251737,
              30.268731132532906
            ],
            [
              -97.75679514214751,
              30.268440666665423
            ],
            [
              -97.75679514214751,
              30.268440666665423
            ]
          ]
        ]
      }
    },
    {
      "type": "Feature",
      "properties": {
        "h3": "89489e340dbffff",
        "score": 78.6
      },
      "geometry": {
        "type": "Polygon",
        "coordinates": [
          [
            [
              -97.75731221757415,
              30.26511058984345
            ],
            [
              -97.75594871550815,
              30.266630394401563
            ],
            [
              -97.75679514214751,
              30.268440666665423
            ],
            [
              -97.75900513251737,
              30.268731132532906
            ],
            [
              -97.76036864054697,
              30.267211302356976
            ],
            [
              -97.75952215224515,
              30.2654010319319
            ],
            [
              -97.75731221757415,
              30.26511058984345
            ],
            [
              -97.75731221757415,
              30.26511058984345
            ]
          ]
        ]
      }
    },
    {
      "type": "Feature",
      "properties": {
        "h3": "89489e346a7ffff",
        "score": 71.4
      },
      "geometry": {
        "type": "Polygon",
        "coordinates": [
          [
            [
              -97.75782926498124,
              30.261780465562122
            ],
            [
              -97.75646580477229,
              30.26330030573827
            ],
            [
              -97.75731221757415,
              30.26511058984345
            ],
            [
              -97.75952215224515,
              30.2654010319319
            ],
            [
              -97.76088561841578,
              30.263881166135246
            ],
            [
              -97.76003914395577,
              30.262070883871168
            ],
            [
              -97.75782926498124,
              30.261780465562122
            ],
            [
              -97.75782926498124,
              30.261780465562122
            ]
          ]
        ]
      }
    },
    {
      "type": "Feature",
      "properties": {
        "h3": "89489e346a3ffff",
        "score": 73.3
      },
      "geometry": {
        "type": "Polygon",
        "coordinates": [
          [
            [
              -97.75477306850209,
              30.259679712030813
            ],
            [
              -97.75340961426382,
              30.261199526584612
            ],
            [
              -97.75425595156752,
              30.26300982435638
            ],
            [
              -97.75646580477229,
              30.26330030573827
            ],
            [
              -97.75782926498124,
              30.261780465562122
            ],
            [
              -97.75698286601676,
              30.25997016962695
            ],
            [
              -97.75477306850209,
              30.259679712030813
            ],
            [
              -97.75477306850209,
              30.259679712030813
            ]
          ]
        ]
      }
    },
    {
      "type": "Feature",
      "properties": {
        "h3": "89489e346bbffff",
        "score": 85.4
      },
      "geometry": {
        "type": "Polygon",
        "coordinates": [
          [
            [
              -97.75171702898368,
              30.25757890556649
            ],
            [
              -97.750353580725,
              30.25909869449609
            ],
            [
              -97.75119984253234,
              30.26090900592094
            ],
            [
              -97.75340961426382,
              30.261199526584612
            ],
            [
              -97.75477306850209,
              30.259679712030813
            ],
            [
              -97.75392674503136,
              30.25786940243806
            ],
            [
              -97.75171702898368,
              30.25757890556649
            ],
            [
              -97.75171702898368,
              30.25757890556649
            ]
          ]
        ]
      }
    },
    {
      "type": "Feature",
      "properties": {
        "h3": "89489e3468fffff",
        "score": 97.8
      },
      "geometry": {
        "type": "Polygon",
        "coordinates": [
          [
            [
              -97.74866114643127,
              30.25547804619432
            ],
            [
              -97.74729770416114,
              30.256997809497875
            ],
            [
              -97.74814389047395,
              30.258808134562305
            ],
            [
              -97.750353580725,
              30.25909869449609
            ],
            [
              -97.75171702898368,
              30.25757890556649
            ],
            [
              -97.75087078100483,
              30.255768582329676
            ],
            [
              -97.74866114643127,
              30.25547804619432
            ],
            [
              -97.74866114643127,
              30.25547804619432
            ]
          ]
        ]
      }
    },
    {
      "type": "Feature",
      "properties": {
        "h3": "89489e3468bffff",
        "score": 99
      },
      "geometry": {
        "type": "Polygon",
        "coordinates": [
          [
            [
              -97.74560542085018,
              30.25337713393949
            ],
            [
              -97.7442419845775,
              30.25489687161514
            ],
            [
              -97.74508809539763,
              30.256707210305652
            ],
            [
              -97.74729770416114,
              30.256997809497875
            ],
            [
              -97.74866114643127,
              30.25547804619432
            ],
            [
              -97.74781497394252,
              30.253667709326944
            ],
            [
              -97.74560542085018,
              30.25337713393949
            ],
            [
              -97.74560542085018,
              30.25337713393949
            ]
          ]
        ]
      }
    },
    {
      "type": "Feature",
      "properties": {
        "h3": "89489e346d7ffff",
        "score": 93.5
      },
      "geometry": {
        "type": "Polygon",
        "coordinates": [
          [
            [
              -97.74254985224569,
              30.251276168827154
            ],
            [
              -97.7411864219794,
              30.252795880873087
            ],
            [
              -97.7420324573087,
              30.25460623317614
            ],
            [
              -97.7442419845775,
              30.25489687161514
            ],
            [
              -97.74560542085018,
              30.25337713393949
            ],
            [
              -97.74475932384968,
              30.251566783455065
            ],
            [
              -97.74254985224569,
              30.251276168827154
            ],
            [
              -97.74254985224569,
              30.251276168827154
            ]
          ]
        ]
      }
    },
    {
      "type": "Feature",
      "properties": {
        "h3": "89489e346c3ffff",
        "score": 87.3
      },
      "geometry": {
        "type": "Polygon",
        "coordinates": [
          [
            [
              -97.73897697621236,
              30.252505203198968
            ],
            [
              -97.73761351011571,
              30.25402485401136
            ],
            [
              -97.73845948376685,
              30.255835208126243
            ],
            [
              -97.74066898519479,
              30.256125909617435
            ],
            [
              -97.7420324573087,
              30.25460623317614
            ],
            [
              -97.7411864219794,
              30.252795880873087
            ],
            [
              -97.73897697621236,
              30.252505203198968
            ],
            [
              -97.73897697621236,
              30.252505203198968
            ]
          ]
        ]
      }
    },
    {
      "type": "Feature",
      "properties": {
        "h3": "89489e346cbffff",
        "score": 90
      },
      "geometry": {
        "type": "Polygon",
        "coordinates": [
          [
            [
              -97.73540409020299,
              30.253734113290385
            ],
            [
              -97.73404058828636,
              30.255253702861783
            ],
            [
              -97.7348865002524,
              30.257064058781708
            ],
            [
              -97.73709597582217,
              30.257354823325702
            ],
            [
              -97.73845948376685,
              30.255835208126243
            ],
            [
              -97.73761351011571,
              30.25402485401136
            ],
            [
              -97.73540409020299,
              30.253734113290385
            ],
            [
              -97.73540409020299,
              30.253734113290385
            ]
          ]
        ]
      }
    },
    {
      "type": "Feature",
      "properties": {
        "h3": "89489e37327ffff",
        "score": 95.8
      },
      "geometry": {
        "type": "Polygon",
        "coordinates": [
          [
            [
              -97.73183119424526,
              30.25496289909332
            ],
            [
              -97.73046765651908,
              30.256482427416284
            ],
            [
              -97.73131350679311,
              30.258292785134415
            ],
            [
              -97.73352295648733,
              30.258583612731883
            ],
            [
              -97.7348865002524,
              30.257064058781708
            ],
            [
              -97.73404058828636,
              30.255253702861783
            ],
            [
              -97.73183119424526,
              30.25496289909332
            ],
            [
              -97.73183119424526,
              30.25496289909332
            ]
          ]
        ]
      }
    },
    {
      "type": "Feature",
      "properties": {
        "h3": "89489e3732fffff",
        "score": 92.8
      },
      "geometry": {
        "type": "Polygon",
        "coordinates": [
          [
            [
              -97.72825828836696,
              30.25619156059969
            ],
            [
              -97.72689471484165,
              30.257711027666772
            ],
            [
              -97.72774050341673,
              30.259521387176317
            ],
            [
              -97.72994992721809,
              30.259812277827884
            ],
            [
              -97.73131350679311,
              30.258292785134415
            ],
            [
              -97.73046765651908,
              30.256482427416284
            ],
            [
              -97.72825828836696,
              30.25619156059969
            ],
            [
              -97.72825828836696,
              30.25619156059969
            ]
          ]
        ]
      }
    },
    {
      "type": "Feature",
      "properties": {
        "h3": "89489e35597ffff",
        "score": 85.2
      },
      "geometry": {
        "type": "Polygon",
        "coordinates": [
          [
            [
              -97.72774050341673,
              30.259521387176317
            ],
            [
              -97.72637688804213,
              30.261040818605615
            ],
            [
              -97.72722269041525,
              30.26285116630966
            ],
            [
              -97.72943216986825,
              30.263142080795827
            ],
            [
              -97.73079579129445,
              30.261622623742838
            ],
            [
              -97.72994992721809,
              30.259812277827884
            ],
            [
              -97.72774050341673,
              30.259521387176317
            ],
            [
              -97.72774050341673,
              30.259521387176317
            ]
          ]
        ]
      }
    },
    {
      "type": "Feature",
      "properties": {
        "h3": "89489e35587ffff",
        "score": 85.9
      },
      "geometry": {
        "type": "Polygon",
        "coordinates": [
          [
            [
              -97.72722269041525,
              30.26285116630966
            ],
            [
              -97.72585903318907,
              30.264370562090196
            ],
            [
              -97.72670484936032,
              30.266180897977424
            ],
            [
              -97.72891438446737,
              30.26647183629784
            ],
            [
              -97.73027804774708,
              30.264952414896275
            ],
            [
              -97.72943216986825,
              30.263142080795827
            ],
            [
              -97.72722269041525,
              30.26285116630966
            ],
            [
              -97.72722269041525,
              30.26285116630966
            ]
          ]
        ]
      }
    },
    {
      "type": "Feature",
      "properties": {
        "h3": "89489e355bbffff",
        "score": 93.2
      },
      "geometry": {
        "type": "Polygon",
        "coordinates": [
          [
            [
              -97.72670484936032,
              30.266180897977424
            ],
            [
              -97.72534115028023,
              30.26770025809826
            ],
            [
              -97.72618698024975,
              30.269510582157327
            ],
            [
              -97.72839657101329,
              30.26980154431161
            ],
            [
              -97.7297602761488,
              30.268282158572436
            ],
            [
              -97.72891438446737,
              30.26647183629784
            ],
            [
              -97.72670484936032,
              30.266180897977424
            ],
            [
              -97.72670484936032,
              30.266180897977424
            ]
          ]
        ]
      }
    },
    {
      "type": "Feature",
      "properties": {
        "h3": "89489e355abffff",
        "score": 96.6
      },
      "geometry": {
        "type": "Polygon",
        "coordinates": [
          [
            [
              -97.72618698024975,
              30.269510582157327
            ],
            [
              -97.72482323931342,
              30.27102990660748
            ],
            [
              -97.72566908308134,
              30.272840218827056
            ],
            [
              -97.7278787295038,
              30.27313120481485
            ],
            [
              -97.72924247649742,
              30.271611854749032
            ],
            [
              -97.72839657101329,
              30.26980154431161
            ],
            [
              -97.72618698024975,
              30.269510582157327
            ],
            [
              -97.72618698024975,
              30.269510582157327
            ]
          ]
        ]
      }
    },
    {
      "type": "Feature",
      "properties": {
        "h3": "89489e35533ffff",
        "score": 89.9
      },
      "geometry": {
        "type": "Polygon",
        "coordinates": [
          [
            [
              -97.72566908308134,
              30.272840218827056
            ],
            [
              -97.72430530028649,
              30.274359507595584
            ],
            [
              -97.72515115785288,
              30.27616980796435
            ],
            [
              -97.7273608599367,
              30.276460817785274
            ],
            [
              -97.72872464879073,
              30.274941503403788
            ],
            [
              -97.7278787295038,
              30.27313120481485
            ],
            [
              -97.72566908308134,
              30.272840218827056
            ],
            [
              -97.72566908308134,
              30.272840218827056
            ]
          ]
        ]
      }
    },
    {
      "type": "Feature",
      "properties": {
        "h3": "89489e35537ffff",
        "score": 91.2
      },
      "geometry": {
        "type": "Polygon",
        "coordinates": [
          [
            [
              -97.72872464879073,
              30.274941503403788
            ],
            [
              -97.7273608599367,
              30.276460817785274
            ],
            [
              -97.72820679302654,
              30.27827110451438
            ],
            [
              -97.73041657669043,
              30.278562075078177
            ],
            [
              -97.73178037159474,
              30.277042735085544
            ],
            [
              -97.73093437678692,
              30.275232450140777
            ],
            [
              -97.72872464879073,
              30.274941503403788
            ],
            [
              -97.72872464879073,
              30.274941503403788
            ]
          ]
        ]
      }
    },
    {
      "type": "Feature",
      "properties": {
        "h3": "89489e342cbffff",
        "score": 85.2
      },
      "geometry": {
        "type": "Polygon",
        "coordinates": [
          [
            [
              -97.73178037159474,
              30.277042735085544
            ],
            [
              -97.73041657669043,
              30.278562075078177
            ],
            [
              -97.73126258530563,
              30.28037234815411
            ],
            [
              -97.73347245054246,
              30.2806632794491
            ],
            [
              -97.7348362514881,
              30.279143913847182
            ],
            [
              -97.7339901811576,
              30.277333642560073
            ],
            [
              -97.73178037159474,
              30.277042735085544
            ],
            [
              -97.73178037159474,
              30.277042735085544
            ]
          ]
        ]
      }
    },
    {
      "type": "Feature",
      "properties": {
        "h3": "89489e342cfffff",
        "score": 76.3
      },
      "geometry": {
        "type": "Polygon",
        "coordinates": [
          [
            [
              -97.7348362514881,
              30.279143913847182
            ],
            [
              -97.73347245054246,
              30.2806632794491
            ],
            [
              -97.73431853468479,
              30.282473538858355
            ],
            [
              -97.73652848148754,
              30.28276443087287
            ],
            [
              -97.73789228846555,
              30.281245039663514
            ],
            [
              -97.73704614261048,
              30.27943478204757
            ],
            [
              -97.7348362514881,
              30.279143913847182
            ],
            [
              -97.7348362514881,
              30.279143913847182
            ]
          ]
        ]
      }
    },
    {
      "type": "Feature",
      "properties": {
        "h3": "89489e3421bffff",
        "score": 73.1
      },
      "geometry": {
        "type": "Polygon",
        "coordinates": [
          [
            [
              -97.73789228846555,
              30.281245039663514
            ],
            [
              -97.73652848148754,
              30.28276443087287
            ],
            [
              -97.73737464115884,
              30.28457467660193
            ],
            [
              -97.73958466952033,
              30.28486552932432
            ],
            [
              -97.74094848252179,
              30.28334611250933
            ],
            [
              -97.74010226114035,
              30.281535868578093
            ],
            [
              -97.73789228846555,
              30.281245039663514
            ],
            [
              -97.73789228846555,
              30.281245039663514
            ]
          ]
        ]
      }
    },
    {
      "type": "Feature",
      "properties": {
        "h3": "89489e34203ffff",
        "score": 80
      },
      "geometry": {
        "type": "Polygon",
        "coordinates": [
          [
            [
              -97.74094848252179,
              30.28334611250933
            ],
            [
              -97.73958466952033,
              30.28486552932432
            ],
            [
              -97.74043090472243,
              30.286675761359692
            ],
            [
              -97.74264101463555,
              30.286966574778265
            ],
            [
              -97.74400483365154,
              30.28544713235952
            ],
            [
              -97.74315853674189,
              30.28363690212646
            ],
            [
              -97.74094848252179,
              30.28334611250933
            ],
            [
              -97.74094848252179,
              30.28334611250933
            ]
          ]
        ]
      }
    },
    {
      "type": "Feature",
      "properties": {
        "h3": "89489e34217ffff",
        "score": 86.6
      },
      "geometry": {
        "type": "Polygon",
        "coordinates": [
          [
            [
              -97.74452231388796,
              30.282117424009986
            ],
            [
              -97.74315853674189,
              30.28363690212646
            ],
            [
              -97.74400483365154,
              30.28544713235952
            ],
            [
              -97.74621496940985,
              30.28573788266749
            ],
            [
              -97.74757875255958,
              30.284218378946402
            ],
            [
              -97.74673239394937,
              30.28240815052245
            ],
            [
              -97.74452231388796,
              30.282117424009986
            ],
            [
              -97.74452231388796,
              30.282117424009986
            ]
          ]
        ]
      }
    },
    {
      "type": "Feature",
      "properties": {
        "h3": "89489e342bbffff",
        "score": 87.9
      },
      "geometry": {
        "type": "Polygon",
        "coordinates": [
          [
            [
              -97.74809613522962,
              30.28088861111194
            ],
            [
              -97.74673239394937,
              30.28240815052245
            ],
            [
              -97.74757875255958,
              30.284218378946402
            ],
            [
              -97.74978891414571,
              30.284509066144423
            ],
            [
              -97.7511526614188,
              30.28298950112845
            ],
            [
              -97.75030624111493,
              30.281179274520436
            ],
            [
              -97.74809613522962,
              30.28088861111194
            ],
            [
              -97.74809613522962,
              30.28088861111194
            ]
          ]
        ]
      }
    },
    {
      "type": "Feature",
      "properties": {
        "h3": "89489e342b3ffff",
        "score": 78.9
      },
      "geometry": {
        "type": "Polygon",
        "coordinates": [
          [
            [
              -97.75166994651897,
              30.279659673823318
            ],
            [
              -97.75030624111493,
              30.281179274520436
            ],
            [
              -97.7511526614188,
              30.28298950112845
            ],
            [
              -97.75336284881543,
              30.283280125217132
            ],
            [
              -97.75472656020145,
              30.281760498913737
            ],
            [
              -97.75388007821088,
              30.27995027412845
            ],
            [
              -97.75166994651897,
              30.279659673823318
            ],
            [
              -97.75166994651897,
              30.279659673823318
            ]
          ]
        ]
      }
    },
    {
      "type": "Feature",
      "properties": {
        "h3": "89489e3404fffff",
        "score": 69.5
      },
      "geometry": {
        "type": "Polygon",
        "coordinates": [
          [
            [
              -97.75524374772827,
              30.278430612152185
            ],
            [
              -97.75388007821088,
              30.27995027412845
            ],
            [
              -97.75472656020145,
              30.281760498913737
            ],
            [
              -97.75693677339119,
              30.282051059893742
            ],
            [
              -97.75830044887974,
              30.280531372310364
            ],
            [
              -97.7574539052094,
              30.27872114935461
            ],
            [
              -97.75524374772827,
              30.278430612152185
            ],
            [
              -97.75524374772827,
              30.278430612152185
            ]
          ]
        ]
      }
    },
    {
      "type": "Feature",
      "properties": {
        "h3": "89489e34047ffff",
        "score": 71
      },
      "geometry": {
        "type": "Polygon",
        "coordinates": [
          [
            [
              -97.75881753882973,
              30.277201426106647
            ],
            [
              -97.7574539052094,
              30.27872114935461
            ],
            [
              -97.75830044887974,
              30.280531372310364
            ],
            [
              -97.76051068784525,
              30.280821870182333
            ],
            [
              -97.76187432742591,
              30.27930212132643
            ],
            [
              -97.76102772208276,
              30.27749190020701
            ],
            [
              -97.75881753882973,
              30.277201426106647
            ],
            [
              -97.75881753882973,
              30.277201426106647
            ]
          ]
        ]
      }
    },
    {
      "type": "Feature",
      "properties": {
        "h3": "89489e34057ffff",
        "score": 80.6
      },
      "geometry": {
        "type": "Polygon",
        "coordinates": [
          [
            [
              -97.75933460075616,
              30.27387143236497
            ],
            [
              -97.75797100900171,
              30.275391191266568
            ],
            [
              -97.75881753882973,
              30.277201426106647
            ],
            [
              -97.76102772208276,
              30.27749190020701
            ],
            [
              -97.76239131979561,
              30.275972115694803
            ],
            [
              -97.76154472829909,
              30.274161882693363
            ],
            [
              -97.75933460075616,
              30.27387143236497
            ],
            [
              -97.75933460075616,
              30.27387143236497
            ]
          ]
        ]
      }
    },
    {
      "type": "Feature",
      "properties": {
        "h3": "89489e340cfffff",
        "score": 89.1
      },
      "geometry": {
        "type": "Polygon",
        "coordinates": [
          [
            [
              -97.75985163466117,
              30.270541391107653
            ],
            [
              -97.7584880847703,
              30.272061185651896
            ],
            [
              -97.75933460075616,
              30.27387143236497
            ],
            [
              -97.76154472829909,
              30.274161882693363
            ],
            [
              -97.76290828414648,
              30.272642062535827
            ],
            [
              -97.76206170649647,
              30.270831817663705
            ],
            [
              -97.75985163466117,
              30.270541391107653
            ],
            [
              -97.75985163466117,
              30.270541391107653
            ]
          ]
        ]
      }
    },
    {
      "type": "Feature",
      "properties": {
        "h3": "89489e340c3ffff",
        "score": 88.1
      },
      "geometry": {
        "type": "Polygon",
        "coordinates": [
          [
            [
              -97.76036864054697,
              30.267211302356976
            ],
            [
              -97.75900513251737,
              30.268731132532906
            ],
            [
              -97.75985163466117,
              30.270541391107653
            ],
            [
              -97.76206170649647,
              30.270831817663705
            ],
            [
              -97.76342522048071,
              30.269311961871793
            ],
            [
              -97.76257865667704,
              30.267501705140326
            ],
            [
              -97.76036864054697,
              30.267211302356976
            ],
            [
              -97.76036864054697,
              30.267211302356976
            ]
          ]
        ]
      }
    },
    {
      "type": "Feature",
      "properties": {
        "h3": "89489e340d3ffff",
        "score": 80.5
      },
      "geometry": {
        "type": "Polygon",
        "coordinates": [
          [
            [
              -97.76088561841578,
              30.263881166135246
            ],
            [
              -97.75952215224515,
              30.2654010319319
            ],
            [
              -97.76036864054697,
              30.267211302356976
            ],
            [
              -97.76257865667704,
              30.267501705140326
            ],
            [
              -97.76394212880047,
              30.26598181372502
            ],
            [
              -97.76309557884306,
              30.264171545145526
            ],
            [
              -97.76088561841578,
              30.263881166135246
            ],
            [
              -97.76088561841578,
              30.263881166135246
            ]
          ]
        ]
      }
    },
    {
      "type": "Feature",
      "properties": {
        "h3": "89489e3446bffff",
        "score": 76.9
      },
      "geometry": {
        "type": "Polygon",
        "coordinates": [
          [
            [
              -97.76140256826979,
              30.260550982464764
            ],
            [
              -97.76003914395577,
              30.262070883871168
            ],
            [
              -97.76088561841578,
              30.263881166135246
            ],
            [
              -97.76309557884306,
              30.264171545145526
            ],
            [
              -97.76445900910794,
              30.262651618117786
            ],
            [
              -97.7636124729967,
              30.260841337701624
            ],
            [
              -97.76140256826979,
              30.260550982464764
            ],
            [
              -97.76140256826979,
              30.260550982464764
            ]
          ]
        ]
      }
    },
    {
      "type": "Feature",
      "properties": {
        "h3": "89489e346b7ffff",
        "score": 73
      },
      "geometry": {
        "type": "Polygon",
        "coordinates": [
          [
            [
              -97.75834628437096,
              30.258450293843737
            ],
            [
              -97.75698286601676,
              30.25997016962695
            ],
            [
              -97.75782926498124,
              30.261780465562122
            ],
            [
              -97.76003914395577,
              30.262070883871168
            ],
            [
              -97.76140256826979,
              30.260550982464764
            ],
            [
              -97.76055610765145,
              30.25874068837301
            ],
            [
              -97.75834628437096,
              30.258450293843737
            ],
            [
              -97.75834628437096,
              30.258450293843737
            ]
          ]
        ]
      }
    },
    {
      "type": "Feature",
      "properties": {
        "h3": "89489e346b3ffff",
        "score": 78.5
      },
      "geometry": {
        "type": "Polygon",
        "coordinates": [
          [
            [
              -97.7552901574168,
              30.25634955227988
            ],
            [
              -97.75392674503136,
              30.25786940243806
            ],
            [
              -97.75477306850209,
              30.259679712030813
            ],
            [
              -97.75698286601676,
              30.25997016962695
            ],
            [
              -97.75834628437096,
              30.258450293843737
            ],
            [
              -97.75749989924374,
              30.256639986089905
            ],
            [
              -97.7552901574168,
              30.25634955227988
            ],
            [
              -97.7552901574168,
              30.25634955227988
            ]
          ]
        ]
      }
    },
    {
      "type": "Feature",
      "properties": {
        "h3": "89489e34687ffff",
        "score": 91.2
      },
      "geometry": {
        "type": "Polygon",
        "coordinates": [
          [
            [
              -97.75223418741258,
              30.254248757798365
            ],
            [
              -97.75087078100483,
              30.255768582329676
            ],
            [
              -97.75171702898368,
              30.25757890556649
            ],
            [
              -97.75392674503136,
              30.25786940243806
            ],
            [
              -97.7552901574168,
              30.25634955227988
            ],
            [
              -97.75444384777889,
              30.25453923087749
            ],
            [
              -97.75223418741258,
              30.254248757798365
            ],
            [
              -97.75223418741258,
              30.254248757798365
            ]
          ]
        ]
      }
    },
    {
      "type": "Feature",
      "properties": {
        "h3": "89489e34683ffff",
        "score": 99
      },
      "geometry": {
        "type": "Polygon",
        "coordinates": [
          [
            [
              -97.74917837436361,
              30.25214791042437
            ],
            [
              -97.74781497394252,
              30.253667709326944
            ],
            [
              -97.74866114643127,
              30.25547804619432
            ],
            [
              -97.75087078100483,
              30.255768582329676
            ],
            [
              -97.75223418741258,
              30.254248757798365
            ],
            [
              -97.75138795326211,
              30.252438422760928
            ],
            [
              -97.74917837436361,
              30.25214791042437
            ],
            [
              -97.74917837436361,
              30.25214791042437
            ]
          ]
        ]
      }
    },
    {
      "type": "Feature",
      "properties": {
        "h3": "89489e3469bffff",
        "score": 99
      },
      "geometry": {
        "type": "Polygon",
        "coordinates": [
          [
            [
              -97.74612271827517,
              30.25004701018305
            ],
            [
              -97.74475932384968,
              30.251566783455065
            ],
            [
              -97.74560542085018,
              30.25337713393949
            ],
            [
              -97.74781497394252,
              30.253667709326944
            ],
            [
              -97.74917837436361,
              30.25214791042437
            ],
            [
              -97.7483322156988,
              30.250337561765395
            ],
            [
              -97.74612271827517,
              30.25004701018305
            ],
            [
              -97.74612271827517,
              30.25004701018305
            ]
          ]
        ]
      }
    },
    {
      "type": "Feature",
      "properties": {
        "h3": "89489e3716fffff",
        "score": 87.1
      },
      "geometry": {
        "type": "Polygon",
        "coordinates": [
          [
            [
              -97.74306721915256,
              30.247946057099604
            ],
            [
              -97.7417038307316,
              30.2494658047392
            ],
            [
              -97.74254985224569,
              30.251276168827154
            ],
            [
              -97.74475932384968,
              30.251566783455065
            ],
            [
              -97.74612271827517,
              30.25004701018305
            ],
            [
              -97.74527663509417,
              30.248236647916052
            ],
            [
              -97.74306721915256,
              30.247946057099604
            ],
            [
              -97.74306721915256,
              30.247946057099604
            ]
          ]
        ]
      }
    },
    {
      "type": "Feature",
      "properties": {
        "h3": "89489e346d3ffff",
        "score": 83.2
      },
      "geometry": {
        "type": "Polygon",
        "coordinates": [
          [
            [
              -97.73949444062305,
              30.24917515088251
            ],
            [
              -97.73813101637214,
              30.250694837296862
            ],
            [
              -97.73897697621236,
              30.252505203198968
            ],
            [
              -97.7411864219794,
              30.252795880873087
            ],
            [
              -97.74254985224569,
              30.251276168827154
            ],
            [
              -97.7417038307316,
              30.2494658047392
            ],
            [
              -97.73949444062305,
              30.24917515088251
            ],
            [
              -97.73949444062305,
              30.24917515088251
            ]
          ]
        ]
      }
    },
    {
      "type": "Feature",
      "properties": {
        "h3": "89489e346dbffff",
        "score": 88.2
      },
      "geometry": {
        "type": "Polygon",
        "coordinates": [
          [
            [
              -97.73592165211397,
              30.250404120399295
            ],
            [
              -97.73455819204351,
              30.251923745580932
            ],
            [
              -97.73540409020299,
              30.253734113290385
            ],
            [
              -97.73761351011571,
              30.25402485401136
            ],
            [
              -97.73897697621236,
              30.252505203198968
            ],
            [
              -97.73813101637214,
              30.250694837296862
            ],
            [
              -97.73592165211397,
              30.250404120399295
            ],
            [
              -97.73592165211397,
              30.250404120399295
            ]
          ]
        ]
      }
    },
    {
      "type": "Feature",
      "properties": {
        "h3": "89489e37337ffff",
        "score": 98.1
      },
      "geometry": {
        "type": "Polygon",
        "coordinates": [
          [
            [
              -97.73234885365308,
              30.251632965641836
            ],
            [
              -97.73098535777348,
              30.25315252958333
            ],
            [
              -97.73183119424526,
              30.25496289909332
            ],
            [
              -97.73404058828636,
              30.255253702861783
            ],
            [
              -97.73540409020299,
              30.253734113290385
            ],
            [
              -97.73455819204351,
              30.251923745580932
            ],
            [
              -97.73234885365308,
              30.251632965641836
            ],
            [
              -97.73234885365308,
              30.251632965641836
            ]
          ]
        ]
      }
    },
    {
      "type": "Feature",
      "properties": {
        "h3": "89489e37323ffff",
        "score": 99
      },
      "geometry": {
        "type": "Polygon",
        "coordinates": [
          [
            [
              -97.72877604526812,
              30.25286168660208
            ],
            [
              -97.72741251358978,
              30.254381189295987
            ],
            [
              -97.72825828836696,
              30.25619156059969
            ],
            [
              -97.73046765651908,
              30.256482427416284
            ],
            [
              -97.73183119424526,
              30.25496289909332
            ],
            [
              -97.73098535777348,
              30.25315252958333
            ],
            [
              -97.72877604526812,
              30.25286168660208
            ],
            [
              -97.72877604526812,
              30.25286168660208
            ]
          ]
        ]
      }
    },
    {
      "type": "Feature",
      "properties": {
        "h3": "89489e3732bffff",
        "score": 89.1
      },
      "geometry": {
        "type": "Polygon",
        "coordinates": [
          [
            [
              -97.72520322698682,
              30.254090283271932
            ],
            [
              -97.7238396595202,
              30.255609724710787
            ],
            [
              -97.7246853725958,
              30.25742009780142
            ],
            [
              -97.72689471484165,
              30.257711027666772
            ],
            [
              -97.72825828836696,
              30.25619156059969
            ],
            [
              -97.72741251358978,
              30.254381189295987
            ],
            [
              -97.72520322698682,
              30.254090283271932
            ],
            [
              -97.72520322698682,
              30.254090283271932
            ]
          ]
        ]
      }
    },
    {
      "type": "Feature",
      "properties": {
        "h3": "89489e35593ffff",
        "score": 79.6
      },
      "geometry": {
        "type": "Polygon",
        "coordinates": [
          [
            [
              -97.7246853725958,
              30.25742009780142
            ],
            [
              -97.72332176328177,
              30.258939503605163
            ],
            [
              -97.72416749015099,
              30.260749864899317
            ],
            [
              -97.72637688804213,
              30.261040818605615
            ],
            [
              -97.72774050341673,
              30.259521387176317
            ],
            [
              -97.72689471484165,
              30.257711027666772
            ],
            [
              -97.7246853725958,
              30.25742009780142
            ],
            [
              -97.7246853725958,
              30.25742009780142
            ]
          ]
        ]
      }
    },
    {
      "type": "Feature",
      "properties": {
        "h3": "89489e35583ffff",
        "score": 73.9
      },
      "geometry": {
        "type": "Polygon",
        "coordinates": [
          [
            [
              -97.72416749015099,
              30.260749864899317
            ],
            [
              -97.72280383898725,
              30.262269235057
            ],
            [
              -97.72364957965019,
              30.264079584543342
            ],
            [
              -97.72585903318907,
              30.264370562090196
            ],
            [
              -97.72722269041525,
              30.26285116630966
            ],
            [
              -97.72637688804213,
              30.261040818605615
            ],
            [
              -97.72416749015099,
              30.260749864899317
            ],
            [
              -97.72416749015099,
              30.260749864899317
            ]
          ]
        ]
      }
    },
    {
      "type": "Feature",
      "properties": {
        "h3": "89489e3558fffff",
        "score": 77.5
      },
      "geometry": {
        "type": "Polygon",
        "coordinates": [
          [
            [
              -97.72364957965019,
              30.264079584543342
            ],
            [
              -97.72228588663445,
              30.265598919044
            ],
            [
              -97.72313164109117,
              30.267409256711183
            ],
            [
              -97.72534115028023,
              30.26770025809826
            ],
            [
              -97.72670484936032,
              30.266180897977424
            ],
            [
              -97.72585903318907,
              30.264370562090196
            ],
            [
              -97.72364957965019,
              30.264079584543342
            ],
            [
              -97.72364957965019,
              30.264079584543342
            ]
          ]
        ]
      }
    },
    {
      "type": "Feature",
      "properties": {
        "h3": "89489e35517ffff",
        "score": 84.6
      },
      "geometry": {
        "type": "Polygon",
        "coordinates": [
          [
            [
              -97.72313164109117,
              30.267409256711183
            ],
            [
              -97.72176790622113,
              30.26892855554385
            ],
            [
              -97.72261367447182,
              30.27073888138056
            ],
            [
              -97.72482323931342,
              30.27102990660748
            ],
            [
              -97.72618698024975,
              30.269510582157327
            ],
            [
              -97.72534115028023,
              30.26770025809826
            ],
            [
              -97.72313164109117,
              30.267409256711183
            ],
            [
              -97.72313164109117,
              30.267409256711183
            ]
          ]
        ]
      }
    },
    {
      "type": "Feature",
      "properties": {
        "h3": "89489e35507ffff",
        "score": 84.8
      },
      "geometry": {
        "type": "Polygon",
        "coordinates": [
          [
            [
              -97.72261367447182,
              30.27073888138056
            ],
            [
              -97.72124989774511,
              30.272258144534273
            ],
            [
              -97.72209567978986,
              30.27406845852919
            ],
            [
              -97.72430530028649,
              30.274359507595584
            ],
            [
              -97.72566908308134,
              30.272840218827056
            ],
            [
              -97.72482323931342,
              30.27102990660748
            ],
            [
              -97.72261367447182,
              30.27073888138056
            ],
            [
              -97.72261367447182,
              30.27073888138056
            ]
          ]
        ]
      }
    },
    {
      "type": "Feature",
      "properties": {
        "h3": "89489e3553bffff",
        "score": 75.9
      },
      "geometry": {
        "type": "Polygon",
        "coordinates": [
          [
            [
              -97.72209567978986,
              30.27406845852919
            ],
            [
              -97.72073186120421,
              30.275587685992992
            ],
            [
              -97.72157765704314,
              30.27739798813478
            ],
            [
              -97.7237873331972,
              30.27768906104027
            ],
            [
              -97.72515115785288,
              30.27616980796435
            ],
            [
              -97.72430530028649,
              30.274359507595584
            ],
            [
              -97.72209567978986,
              30.27406845852919
            ],
            [
              -97.72209567978986,
              30.27406845852919
            ]
          ]
        ]
      }
    },
    {
      "type": "Feature",
      "properties": {
        "h3": "89489e35523ffff",
        "score": 78.5
      },
      "geometry": {
        "type": "Polygon",
        "coordinates": [
          [
            [
              -97.72515115785288,
              30.27616980796435
            ],
            [
              -97.7237873331972,
              30.27768906104027
            ],
            [
              -97.7246332045622,
              30.279499349546892
            ],
            [
              -97.72684296230976,
              30.2797903832006
            ],
            [
              -97.72820679302654,
              30.27827110451438
            ],
            [
              -97.7273608599367,
              30.276460817785274
            ],
            [
              -97.72515115785288,
              30.27616980796435
            ],
            [
              -97.72515115785288,
              30.27616980796435
            ]
          ]
        ]
      }
    },
    {
      "type": "Feature",
      "properties": {
        "h3": "89489e35527ffff",
        "score": 83.4
      },
      "geometry": {
        "type": "Polygon",
        "coordinates": [
          [
            [
              -97.72820679302654,
              30.27827110451438
            ],
            [
              -97.72684296230976,
              30.2797903832006
            ],
            [
              -97.72768890920268,
              30.281600658058537
            ],
            [
              -97.72989874853667,
              30.281891652448767
            ],
            [
              -97.73126258530563,
              30.28037234815411
            ],
            [
              -97.73041657669043,
              30.278562075078177
            ],
            [
              -97.72820679302654,
              30.27827110451438
            ],
            [
              -97.72820679302654,
              30.27827110451438
            ]
          ]
        ]
      }
    },
    {
      "type": "Feature",
      "properties": {
        "h3": "89489e34253ffff",
        "score": 84.7
      },
      "geometry": {
        "type": "Polygon",
        "coordinates": [
          [
            [
              -97.73126258530563,
              30.28037234815411
            ],
            [
              -97.72989874853667,
              30.281891652448767
            ],
            [
              -97.73074477095935,
              30.28370191364454
            ],
            [
              -97.73295469187264,
              30.283992868759636
            ],
            [
              -97.73431853468479,
              30.282473538858355
            ],
            [
              -97.73347245054246,
              30.2806632794491
            ],
            [
              -97.73126258530563,
              30.28037234815411
            ],
            [
              -97.73126258530563,
              30.28037234815411
            ]
          ]
        ]
      }
    },
    {
      "type": "Feature",
      "properties": {
        "h3": "89489e34257ffff",
        "score": 81.9
      },
      "geometry": {
        "type": "Polygon",
        "coordinates": [
          [
            [
              -97.73431853468479,
              30.282473538858355
            ],
            [
              -97.73295469187264,
              30.283992868759636
            ],
            [
              -97.7338007898269,
              30.285803116279702
            ],
            [
              -97.73601079231238,
              30.286094032107993
            ],
            [
              -97.73737464115884,
              30.28457467660193
            ],
            [
              -97.73652848148754,
              30.28276443087287
            ],
            [
              -97.73431853468479,
              30.282473538858355
            ],
            [
              -97.73431853468479,
              30.282473538858355
            ]
          ]
        ]
      }
    },
    {
      "type": "Feature",
      "properties": {
        "h3": "89489e3420bffff",
        "score": 80.4
      },
      "geometry": {
        "type": "Polygon",
        "coordinates": [
          [
            [
              -97.73737464115884,
              30.28457467660193
            ],
            [
              -97.73601079231238,
              30.286094032107993
            ],
            [
              -97.73685696580007,
              30.287904265938852
            ],
            [
              -97.73906704985066,
              30.288195142468677
            ],
            [
              -97.74043090472243,
              30.286675761359692
            ],
            [
              -97.73958466952033,
              30.28486552932432
            ],
            [
              -97.73737464115884,
              30.28457467660193
            ],
            [
              -97.73737464115884,
              30.28457467660193
            ]
          ]
        ]
      }
    },
    {
      "type": "Feature",
      "properties": {
        "h3": "89489e3420fffff",
        "score": 84.1
      },
      "geometry": {
        "type": "Polygon",
        "coordinates": [
          [
            [
              -97.74043090472243,
              30.286675761359692
            ],
            [
              -97.73906704985066,
              30.288195142468677
            ],
            [
              -97.7399132988736,
              30.290005362596826
            ],
            [
              -97.74212346448216,
              30.290296199816503
            ],
            [
              -97.74348732537032,
              30.28877679310642
            ],
            [
              -97.74264101463555,
              30.286966574778265
            ],
            [
              -97.74043090472243,
              30.286675761359692
            ],
            [
              -97.74043090472243,
              30.286675761359692
            ]
          ]
        ]
      }
    },
    {
      "type": "Feature",
      "properties": {
        "h3": "89489e34207ffff",
        "score": 92
      },
      "geometry": {
        "type": "Polygon",
        "coordinates": [
          [
            [
              -97.74400483365154,
              30.28544713235952
            ],
            [
              -97.74264101463555,
              30.286966574778265
            ],
            [
              -97.74348732537032,
              30.28877679310642
            ],
            [
              -97.74569751682799,
              30.28906756720952
            ],
            [
              -97.74706134184953,
              30.28754809918884
            ],
            [
              -97.74621496940985,
              30.28573788266749
            ],
            [
              -97.74400483365154,
              30.28544713235952
            ],
            [
              -97.74400483365154,
              30.28544713235952
            ]
          ]
        ]
      }
    },
    {
      "type": "Feature",
      "properties": {
        "h3": "89489e342abffff",
        "score": 94.9
      },
      "geometry": {
        "type": "Polygon",
        "coordinates": [
          [
            [
              -97.74757875255958,
              30.284218378946402
            ],
            [
              -97.74621496940985,
              30.28573788266749
            ],
            [
              -97.74706134184953,
              30.28754809918884
            ],
            [
              -97.74927155913892,
              30.287838810176005
            ],
            [
              -97.75063534828335,
              30.28631928085216
            ],
            [
              -97.74978891414571,
              30.284509066144423
            ],
            [
              -97.74757875255958,
              30.284218378946402
            ],
            [
              -97.74757875255958,
              30.284218378946402
            ]
          ]
        ]
      }
    },
    {
      "type": "Feature",
      "properties": {
        "h3": "89489e342a3ffff",
        "score": 86
      },
      "geometry": {
        "type": "Polygon",
        "coordinates": [
          [
            [
              -97.7511526614188,
              30.28298950112845
            ],
            [
              -97.74978891414571,
              30.284509066144423
            ],
            [
              -97.75063534828335,
              30.28631928085216
            ],
            [
              -97.75284559138713,
              30.28660992872403
            ],
            [
              -97.7542093446441,
              30.28509033810447
            ],
            [
              -97.75336284881543,
              30.283280125217132
            ],
            [
              -97.7511526614188,
              30.28298950112845
            ],
            [
              -97.7511526614188,
              30.28298950112845
            ]
          ]
        ]
      }
    },
    {
      "type": "Feature",
      "properties": {
        "h3": "89489e342b7ffff",
        "score": 73.3
      },
      "geometry": {
        "type": "Polygon",
        "coordinates": [
          [
            [
              -97.75472656020145,
              30.281760498913737
            ],
            [
              -97.75336284881543,
              30.283280125217132
            ],
            [
              -97.7542093446441,
              30.28509033810447
            ],
            [
              -97.75641961354489,
              30.28538092286168
            ],
            [
              -97.75778333090395,
              30.28386127095386
            ],
            [
              -97.75693677339119,
              30.282051059893742
            ],
            [
              -97.75472656020145,
              30.281760498913737
            ],
            [
              -97.75472656020145,
              30.281760498913737
            ]
          ]
        ]
      }
    },
    {
      "type": "Feature",
      "properties": {
        "h3": "89489e3407bffff",
        "score": 69.7
      },
      "geometry": {
        "type": "Polygon",
        "coordinates": [
          [
            [
              -97.75830044887974,
              30.280531372310364
            ],
            [
              -97.75693677339119,
              30.282051059893742
            ],
            [
              -97.75778333090395,
              30.28386127095386
            ],
            [
              -97.75999362558441,
              30.284151792597058
            ],
            [
              -97.76135730703515,
              30.282632079408412
            ],
            [
              -97.76051068784525,
              30.280821870182333
            ],
            [
              -97.75830044887974,
              30.280531372310364
            ],
            [
              -97.75830044887974,
              30.280531372310364
            ]
          ]
        ]
      }
    },
    {
      "type": "Feature",
      "properties": {
        "h3": "89489e34073ffff",
        "score": 76
      },
      "geometry": {
        "type": "Polygon",
        "coordinates": [
          [
            [
              -97.76187432742591,
              30.27930212132643
            ],
            [
              -97.76051068784525,
              30.280821870182333
            ],
            [
              -97.76135730703515,
              30.282632079408412
            ],
            [
              -97.76356762747793,
              30.282922537938244
            ],
            [
              -97.76493127300995,
              30.281402763476237
            ],
            [
              -97.76408459214984,
              30.279592556091007
            ],
            [
              -97.76187432742591,
              30.27930212132643
            ],
            [
              -97.76187432742591,
              30.27930212132643
            ]
          ]
        ]
      }
    },
    {
      "type": "Feature",
      "properties": {
        "h3": "89489e3400bffff",
        "score": 81.2
      },
      "geometry": {
        "type": "Polygon",
        "coordinates": [
          [
            [
              -97.76239131979561,
              30.275972115694803
            ],
            [
              -97.76102772208276,
              30.27749190020701
            ],
            [
              -97.76187432742591,
              30.27930212132643
            ],
            [
              -97.76408459214984,
              30.279592556091007
            ],
            [
              -97.76544819581218,
              30.278072745970007
            ],
            [
              -97.76460152880314,
              30.27626252669374
            ],
            [
              -97.76239131979561,
              30.275972115694803
            ],
            [
              -97.76239131979561,
              30.275972115694803
            ]
          ]
        ]
      }
    },
    {
      "type": "Feature",
      "properties": {
        "h3": "89489e3401bffff",
        "score": 91.6
      },
      "geometry": {
        "type": "Polygon",
        "coordinates": [
          [
            [
              -97.76290828414648,
              30.272642062535827
            ],
            [
              -97.76154472829909,
              30.274161882693363
            ],
            [
              -97.76239131979561,
              30.275972115694803
            ],
            [
              -97.76460152880314,
              30.27626252669374
            ],
            [
              -97.76596509059814,
              30.27474268092474
            ],
            [
              -97.76511843744004,
              30.272932449768767
            ],
            [
              -97.76290828414648,
              30.272642062535827
            ],
            [
              -97.76290828414648,
              30.272642062535827
            ]
          ]
        ]
      }
    },
    {
      "type": "Feature",
      "properties": {
        "h3": "89489e340c7ffff",
        "score": 96.8
      },
      "geometry": {
        "type": "Polygon",
        "coordinates": [
          [
            [
              -97.76342522048071,
              30.269311961871793
            ],
            [
              -97.76206170649647,
              30.270831817663705
            ],
            [
              -97.76290828414648,
              30.272642062535827
            ],
            [
              -97.76511843744004,
              30.272932449768767
            ],
            [
              -97.76648195736998,
              30.271412568362724
            ],
            [
              -97.7656353180627,
              30.269602325338383
            ],
            [
              -97.76342522048071,
              30.269311961871793
            ],
            [
              -97.76342522048071,
              30.269311961871793
            ]
          ]
        ]
      }
    },
    {
      "type": "Feature",
      "properties": {
        "h3": "89489e340d7ffff",
        "score": 91.8
      },
      "geometry": {
        "type": "Polygon",
        "coordinates": [
          [
            [
              -97.76394212880047,
              30.26598181372502
            ],
            [
              -97.76257865667704,
              30.267501705140326
            ],
            [
              -97.76342522048071,
              30.269311961871793
            ],
            [
              -97.7656353180627,
              30.269602325338383
            ],
            [
              -97.76699879612993,
              30.26808240830625
            ],
            [
              -97.76615217067337,
              30.26627215342487
            ],
            [
              -97.76394212880047,
              30.26598181372502
            ],
            [
              -97.76394212880047,
              30.26598181372502
            ]
          ]
        ]
      }
    },
    {
      "type": "Feature",
      "properties": {
        "h3": "89489e3446fffff",
        "score": 83.7
      },
      "geometry": {
        "type": "Polygon",
        "coordinates": [
          [
            [
              -97.76445900910794,
              30.262651618117786
            ],
            [
              -97.76309557884306,
              30.264171545145526
            ],
            [
              -97.76394212880047,
              30.26598181372502
            ],
            [
              -97.76615217067337,
              30.26627215342487
            ],
            [
              -97.76751560688015,
              30.264752200777643
            ],
            [
              -97.76666899527417,
              30.26294193405055
            ],
            [
              -97.76445900910794,
              30.262651618117786
            ],
            [
              -97.76445900910794,
              30.262651618117786
            ]
          ]
        ]
      }
    },
    {
      "type": "Feature",
      "properties": {
        "h3": "89489e34463ffff",
        "score": 82.5
      },
      "geometry": {
        "type": "Polygon",
        "coordinates": [
          [
            [
              -97.76497586140538,
              30.2593213750724
            ],
            [
              -97.7636124729967,
              30.260841337701624
            ],
            [
              -97.76445900910794,
              30.262651618117786
            ],
            [
              -97.76666899527417,
              30.26294193405055
            ],
            [
              -97.76803238962287,
              30.261421945799174
            ],
            [
              -97.76718579186735,
              30.259611667237717
            ],
            [
              -97.76497586140538,
              30.2593213750724
            ],
            [
              -97.76497586140538,
              30.2593213750724
            ]
          ]
        ]
      }
    },
    {
      "type": "Feature",
      "properties": {
        "h3": "89489e3447bffff",
        "score": 82.7
      },
      "geometry": {
        "type": "Polygon",
        "coordinates": [
          [
            [
              -97.76191949011115,
              30.257220751367814
            ],
            [
              -97.76055610765145,
              30.25874068837301
            ],
            [
              -97.76140256826979,
              30.260550982464764
            ],
            [
              -97.7636124729967,
              30.260841337701624
            ],
            [
              -97.76497586140538,
              30.2593213750724
            ],
            [
              -97.76412933914015,
              30.257511082830874
            ],
            [
              -97.76191949011115,
              30.257220751367814
            ],
            [
              -97.76191949011115,
              30.257220751367814
            ]
          ]
        ]
      }
    },
    {
      "type": "Feature",
      "properties": {
        "h3": "89489e3444fffff",
        "score": 81.5
      },
      "geometry": {
        "type": "Polygon",
        "coordinates": [
          [
            [
              -97.7588632757455,
              30.255120074710586
            ],
            [
              -97.75749989924374,
              30.256639986089905
            ],
            [
              -97.75834628437096,
              30.258450293843737
            ],
            [
              -97.76055610765145,
              30.25874068837301
            ],
            [
              -97.76191949011115,
              30.257220751367814
            ],
            [
              -97.76107304333442,
              30.255410445459717
            ],
            [
              -97.7588632757455,
              30.255120074710586
            ],
            [
              -97.7588632757455,
              30.255120074710586
            ]
          ]
        ]
      }
    },
    {
      "type": "Feature",
      "properties": {
        "h3": "89489e3444bffff",
        "score": 84.1
      },
      "geometry": {
        "type": "Polygon",
        "coordinates": [
          [
            [
              -97.75580721831375,
              30.25301934512587
            ],
            [
              -97.75444384777889,
              30.25453923087749
            ],
            [
              -97.7552901574168,
              30.25634955227988
            ],
            [
              -97.75749989924374,
              30.256639986089905
            ],
            [
              -97.7588632757455,
              30.255120074710586
            ],
            [
              -97.75801690445543,
              30.253309755149445
            ],
            [
              -97.75580721831375,
              30.25301934512587
            ],
            [
              -97.75580721831375,
              30.25301934512587
            ]
          ]
        ]
      }
    },
    {
      "type": "Feature",
      "properties": {
        "h3": "89489e34697ffff",
        "score": 90.7
      },
      "geometry": {
        "type": "Polygon",
        "coordinates": [
          [
            [
              -97.75275131782116,
              30.250918562638876
            ],
            [
              -97.75138795326211,
              30.252438422760928
            ],
            [
              -97.75223418741258,
              30.254248757798365
            ],
            [
              -97.75444384777889,
              30.25453923087749
            ],
            [
              -97.75580721831375,
              30.25301934512587
            ],
            [
              -97.75496092250853,
              30.251209011925198
            ],
            [
              -97.75275131782116,
              30.250918562638876
            ],
            [
              -97.75275131782116,
              30.250918562638876
            ]
          ]
        ]
      }
    },
    {
      "type": "Feature",
      "properties": {
        "h3": "89489e34693ffff",
        "score": 94.9
      },
      "geometry": {
        "type": "Polygon",
        "coordinates": [
          [
            [
              -97.7496955742731,
              30.248817727274734
            ],
            [
              -97.7483322156988,
              30.250337561765395
            ],
            [
              -97.74917837436361,
              30.25214791042437
            ],
            [
              -97.75138795326211,
              30.252438422760928
            ],
            [
              -97.75275131782116,
              30.250918562638876
            ],
            [
              -97.75190509749898,
              30.249108215812164
            ],
            [
              -97.7496955742731,
              30.248817727274734
            ],
            [
              -97.7496955742731,
              30.248817727274734
            ]
          ]
        ]
      }
    },
    {
      "type": "Feature",
      "properties": {
        "h3": "89489e37167ffff",
        "score": 90.3
      },
      "geometry": {
        "type": "Polygon",
        "coordinates": [
          [
            [
              -97.74663998767478,
              30.246716839058653
            ],
            [
              -97.74527663509417,
              30.248236647916052
            ],
            [
              -97.74612271827517,
              30.25004701018305
            ],
            [
              -97.7483322156988,
              30.250337561765395
            ],
            [
              -97.7496955742731,
              30.248817727274734
            ],
            [
              -97.74884942943211,
              30.24700736683551
            ],
            [
              -97.74663998767478,
              30.246716839058653
            ],
            [
              -97.74663998767478,
              30.246716839058653
            ]
          ]
        ]
      }
    },
    {
      "type": "Feature",
      "properties": {
        "h3": "89489e37163ffff",
        "score": 78.3
      },
      "geometry": {
        "type": "Polygon",
        "coordinates": [
          [
            [
              -97.74358455803154,
              30.244615898015763
            ],
            [
              -97.74222121145357,
              30.24613568123808
            ],
            [
              -97.74306721915256,
              30.247946057099604
            ],
            [
              -97.74527663509417,
              30.248236647916052
            ],
            [
              -97.74663998767478,
              30.246716839058653
            ],
            [
              -97.74579391831318,
              30.2449064650204
            ],
            [
              -97.74358455803154,
              30.244615898015763
            ],
            [
              -97.74358455803154,
              30.244615898015763
            ]
          ]
        ]
      }
    },
    {
      "type": "Feature",
      "properties": {
        "h3": "89489e3716bffff",
        "score": 73.2
      },
      "geometry": {
        "type": "Polygon",
        "coordinates": [
          [
            [
              -97.7400118770011,
              30.245845051199186
            ],
            [
              -97.73864849459356,
              30.24736477320452
            ],
            [
              -97.73949444062305,
              30.24917515088251
            ],
            [
              -97.7417038307316,
              30.2494658047392
            ],
            [
              -97.74306721915256,
              30.247946057099604
            ],
            [
              -97.74222121145357,
              30.24613568123808
            ],
            [
              -97.7400118770011,
              30.245845051199186
            ],
            [
              -97.7400118770011,
              30.245845051199186
            ]
          ]
        ]
      }
    },
    {
      "type": "Feature",
      "properties": {
        "h3": "89489e373a7ffff",
        "score": 77.9
      },
      "geometry": {
        "type": "Polygon",
        "coordinates": [
          [
            [
              -97.73643918598758,
              30.247074080130716
            ],
            [
              -97.73507576776093,
              30.24859374091164
            ],
            [
              -97.73592165211397,
              30.250404120399295
            ],
            [
              -97.73813101637214,
              30.250694837296862
            ],
            [
              -97.73949444062305,
              30.24917515088251
            ],
            [
              -97.73864849459356,
              30.24736477320452
            ],
            [
              -97.73643918598758,
              30.247074080130716
            ],
            [
              -97.73643918598758,
              30.247074080130716
            ]
          ]
        ]
      }
    },
    {
      "type": "Feature",
      "properties": {
        "h3": "89489e373afffff",
        "score": 90.3
      },
      "geometry": {
        "type": "Polygon",
        "coordinates": [
          [
            [
              -97.73286648501879,
              30.248302984802283
            ],
            [
              -97.73150303098342,
              30.24982258435135
            ],
            [
              -97.73234885365308,
              30.251632965641836
            ],
            [
              -97.73455819204351,
              30.251923745580932
            ],
            [
              -97.73592165211397,
              30.250404120399295
            ],
            [
              -97.73507576776093,
              30.24859374091164
            ],
            [
              -97.73286648501879,
              30.248302984802283
            ],
            [
              -97.73286648501879,
              30.248302984802283
            ]
          ]
        ]
      }
    },
    {
      "type": "Feature",
      "properties": {
        "h3": "89489e37333ffff",
        "score": 97.2
      },
      "geometry": {
        "type": "Polygon",
        "coordinates": [
          [
            [
              -97.72929377412241,
              30.249531765205795
            ],
            [
              -97.72793028428876,
              30.251051303515545
            ],
            [
              -97.72877604526812,
              30.25286168660208
            ],
            [
              -97.73098535777348,
              30.25315252958333
            ],
            [
              -97.73234885365308,
              30.251632965641836
            ],
            [
              -97.73150303098342,
              30.24982258435135
            ],
            [
              -97.72929377412241,
              30.249531765205795
            ],
            [
              -97.72929377412241,
              30.249531765205795
            ]
          ]
        ]
      }
    },
    {
      "type": "Feature",
      "properties": {
        "h3": "89489e3733bffff",
        "score": 91.8
      },
      "geometry": {
        "type": "Polygon",
        "coordinates": [
          [
            [
              -97.72572105332624,
              30.25076042133316
            ],
            [
              -97.72435752770465,
              30.25227989839615
            ],
            [
              -97.72520322698682,
              30.254090283271932
            ],
            [
              -97.72741251358978,
              30.254381189295987
            ],
            [
              -97.72877604526812,
              30.25286168660208
            ],
            [
              -97.72793028428876,
              30.251051303515545
            ],
            [
              -97.72572105332624,
              30.25076042133316
            ],
            [
              -97.72572105332624,
              30.25076042133316
            ]
          ]
        ]
      }
    },
    {
      "type": "Feature",
      "properties": {
        "h3": "89489e37377ffff",
        "score": 82.5
      },
      "geometry": {
        "type": "Polygon",
        "coordinates": [
          [
            [
              -97.72214832265799,
              30.25198895317631
            ],
            [
              -97.72078476125893,
              30.25350836898512
            ],
            [
              -97.72163039883694,
              30.255318755643305
            ],
            [
              -97.7238396595202,
              30.255609724710787
            ],
            [
              -97.72520322698682,
              30.254090283271932
            ],
            [
              -97.72435752770465,
              30.25227989839615
            ],
            [
              -97.72214832265799,
              30.25198895317631
            ],
            [
              -97.72214832265799,
              30.25198895317631
            ]
          ]
        ]
      }
    },
    {
      "type": "Feature",
      "properties": {
        "h3": "89489e37367ffff",
        "score": 77
      },
      "geometry": {
        "type": "Polygon",
        "coordinates": [
          [
            [
              -97.72163039883694,
              30.255318755643305
            ],
            [
              -97.7202667955924,
              30.256838135819677
            ],
            [
              -97.72111244695955,
              30.258648510690414
            ],
            [
              -97.72332176328177,
              30.258939503605163
            ],
            [
              -97.7246853725958,
              30.25742009780142
            ],
            [
              -97.7238396595202,
              30.255609724710787
            ],
            [
              -97.72163039883694,
              30.255318755643305
            ],
            [
              -97.72163039883694,
              30.255318755643305
            ]
          ]
        ]
      }
    },
    {
      "type": "Feature",
      "properties": {
        "h3": "89489e3559bffff",
        "score": 68.6
      },
      "geometry": {
        "type": "Polygon",
        "coordinates": [
          [
            [
              -97.72111244695955,
              30.258648510690414
            ],
            [
              -97.71974880186721,
              30.260167855223415
            ],
            [
              -97.72059446702366,
              30.261978218295347
            ],
            [
              -97.72280383898725,
              30.262269235057
            ],
            [
              -97.72416749015099,
              30.260749864899317
            ],
            [
              -97.72332176328177,
              30.258939503605163
            ],
            [
              -97.72111244695955,
              30.258648510690414
            ],
            [
              -97.72111244695955,
              30.258648510690414
            ]
          ]
        ]
      }
    },
    {
      "type": "Feature",
      "properties": {
        "h3": "89489e3558bffff",
        "score": 67.5
      },
      "geometry": {
        "type": "Polygon",
        "coordinates": [
          [
            [
              -97.72059446702366,
              30.261978218295347
            ],
            [
              -97.71923078008118,
              30.263497527173975
            ],
            [
              -97.720076459027,
              30.265307878435785
            ],
            [
              -97.72228588663445,
              30.265598919044
            ],
            [
              -97.72364957965019,
              30.264079584543342
            ],
            [
              -97.72280383898725,
              30.262269235057
            ],
            [
              -97.72059446702366,
              30.261978218295347
            ],
            [
              -97.72059446702366,
              30.261978218295347
            ]
          ]
        ]
      }
    },
    {
      "type": "Feature",
      "properties": {
        "h3": "89489e35513ffff",
        "score": 75
      },
      "geometry": {
        "type": "Polygon",
        "coordinates": [
          [
            [
              -97.720076459027,
              30.265307878435785
            ],
            [
              -97.71871273023211,
              30.266827151649125
            ],
            [
              -97.71955842296745,
              30.268637491089482
            ],
            [
              -97.72176790622113,
              30.26892855554385
            ],
            [
              -97.72313164109117,
              30.267409256711183
            ],
            [
              -97.72228588663445,
              30.265598919044
            ],
            [
              -97.720076459027,
              30.265307878435785
            ],
            [
              -97.720076459027,
              30.265307878435785
            ]
          ]
        ]
      }
    },
    {
      "type": "Feature",
      "properties": {
        "h3": "89489e35503ffff",
        "score": 82.1
      },
      "geometry": {
        "type": "Polygon",
        "coordinates": [
          [
            [
              -97.71955842296745,
              30.268637491089482
            ],
            [
              -97.71819465231782,
              30.27015672862654
            ],
            [
              -97.71904035884276,
              30.271967056234097
            ],
            [
              -97.72124989774511,
              30.272258144534273
            ],
            [
              -97.72261367447182,
              30.27073888138056
            ],
            [
              -97.72176790622113,
              30.26892855554385
            ],
            [
              -97.71955842296745,
              30.268637491089482
            ],
            [
              -97.71955842296745,
              30.268637491089482
            ]
          ]
        ]
      }
    },
    {
      "type": "Feature",
      "properties": {
        "h3": "89489e3550fffff",
        "score": 80.2
      },
      "geometry": {
        "type": "Polygon",
        "coordinates": [
          [
            [
              -97.71904035884276,
              30.271967056234097
            ],
            [
              -97.7176765463361,
              30.273486258083913
            ],
            [
              -97.71852226665075,
              30.275296573847378
            ],
            [
              -97.72073186120421,
              30.275587685992992
            ],
            [
              -97.72209567978986,
              30.27406845852919
            ],
            [
              -97.72124989774511,
              30.272258144534273
            ],
            [
              -97.71904035884276,
              30.271967056234097
            ],
            [
              -97.71904035884276,
              30.271967056234097
            ]
          ]
        ]
      }
    },
    {
      "type": "Feature",
      "properties": {
        "h3": "89489e35577ffff",
        "score": 71.5
      },
      "geometry": {
        "type": "Polygon",
        "coordinates": [
          [
            [
              -97.71852226665075,
              30.275296573847378
            ],
            [
              -97.71715841228473,
              30.276815739998998
            ],
            [
              -97.71800414638923,
              30.27862604390701
            ],
            [
              -97.72021379659623,
              30.27891717989769
            ],
            [
              -97.72157765704314,
              30.27739798813478
            ],
            [
              -97.72073186120421,
              30.275587685992992
            ],
            [
              -97.71852226665075,
              30.275296573847378
            ],
            [
              -97.71852226665075,
              30.275296573847378
            ]
          ]
        ]
      }
    },
    {
      "type": "Feature",
      "properties": {
        "h3": "89489e3552bffff",
        "score": 66.7
      },
      "geometry": {
        "type": "Polygon",
        "coordinates": [
          [
            [
              -97.72157765704314,
              30.27739798813478
            ],
            [
              -97.72021379659623,
              30.27891717989769
            ],
            [
              -97.72105960622943,
              30.280727470175034
            ],
            [
              -97.72326933804337,
              30.28101856691925
            ],
            [
              -97.7246332045622,
              30.279499349546892
            ],
            [
              -97.7237873331972,
              30.27768906104027
            ],
            [
              -97.72157765704314,
              30.27739798813478
            ],
            [
              -97.72157765704314,
              30.27739798813478
            ]
          ]
        ]
      }
    },
    {
      "type": "Feature",
      "properties": {
        "h3": "89489e3552fffff",
        "score": 73.3
      },
      "geometry": {
        "type": "Polygon",
        "coordinates": [
          [
            [
              -97.7246332045622,
              30.279499349546892
            ],
            [
              -97.72326933804337,
              30.28101856691925
            ],
            [
              -97.72411522320708,
              30.282828843552416
            ],
            [
              -97.72632503662085,
              30.28311990103851
            ],
            [
              -97.72768890920268,
              30.281600658058537
            ],
            [
              -97.72684296230976,
              30.2797903832006
            ],
            [
              -97.7246332045622,
              30.279499349546892
            ],
            [
              -97.7246332045622,
              30.279499349546892
            ]
          ]
        ]
      }
    },
    {
      "type": "Feature",
      "properties": {
        "h3": "89489e3425bffff",
        "score": 84.9
      },
      "geometry": {
        "type": "Polygon",
        "coordinates": [
          [
            [
              -97.72768890920268,
              30.281600658058537
            ],
            [
              -97.72632503662085,
              30.28311990103851
            ],
            [
              -97.72717099731693,
              30.28493016401399
            ],
            [
              -97.72938089232346,
              30.285221182230284
            ],
            [
              -97.73074477095935,
              30.28370191364454
            ],
            [
              -97.72989874853667,
              30.281891652448767
            ],
            [
              -97.72768890920268,
              30.281600658058537
            ],
            [
              -97.72768890920268,
              30.281600658058537
            ]
          ]
        ]
      }
    },
    {
      "type": "Feature",
      "properties": {
        "h3": "89489e34243ffff",
        "score": 91.8
      },
      "geometry": {
        "type": "Polygon",
        "coordinates": [
          [
            [
              -97.73074477095935,
              30.28370191364454
            ],
            [
              -97.72938089232346,
              30.285221182230284
            ],
            [
              -97.73022692855372,
              30.28703143153455
            ],
            [
              -97.73243690514589,
              30.28732241046938
            ],
            [
              -97.7338007898269,
              30.285803116279702
            ],
            [
              -97.73295469187264,
              30.283992868759636
            ],
            [
              -97.73074477095935,
              30.28370191364454
            ],
            [
              -97.73074477095935,
              30.28370191364454
            ]
          ]
        ]
      }
    },
    {
      "type": "Feature",
      "properties": {
        "h3": "89489e34247ffff",
        "score": 89.8
      },
      "geometry": {
        "type": "Polygon",
        "coordinates": [
          [
            [
              -97.7338007898269,
              30.285803116279702
            ],
            [
              -97.73243690514589,
              30.28732241046938
            ],
            [
              -97.73328301691218,
              30.289132646088934
            ],
            [
              -97.7354930750829,
              30.289423585730624
            ],
            [
              -97.73685696580007,
              30.287904265938852
            ],
            [
              -97.73601079231238,
              30.286094032107993
            ],
            [
              -97.7338007898269,
              30.285803116279702
            ],
            [
              -97.7338007898269,
              30.285803116279702
            ]
          ]
        ]
      }
    },
    {
      "type": "Feature",
      "properties": {
        "h3": "89489e34273ffff",
        "score": 83.4
      },
      "geometry": {
        "type": "Polygon",
        "coordinates": [
          [
            [
              -97.73685696580007,
              30.287904265938852
            ],
            [
              -97.7354930750829,
              30.289423585730624
            ],
            [
              -97.73633926238708,
              30.291233807651974
            ],
            [
              -97.73854940212918,
              30.29152470798886
            ],
            [
              -97.7399132988736,
              30.290005362596826
            ],
            [
              -97.73906704985066,
              30.288195142468677
            ],
            [
              -97.73685696580007,
              30.287904265938852
            ],
            [
              -97.73685696580007,
              30.287904265938852
            ]
          ]
        ]
      }
    },
    {
      "type": "Feature",
      "properties": {
        "h3": "89489e34277ffff",
        "score": 79.3
      },
      "geometry": {
        "type": "Polygon",
        "coordinates": [
          [
            [
              -97.7399132988736,
              30.290005362596826
            ],
            [
              -97.73854940212918,
              30.29152470798886
            ],
            [
              -97.73939566497305,
              30.293334916198468
            ],
            [
              -97.7416058862795,
              30.293625777218878
            ],
            [
              -97.74296978904218,
              30.292106406228438
            ],
            [
              -97.74212346448216,
              30.290296199816503
            ],
            [
              -97.7399132988736,
              30.290005362596826
            ],
            [
              -97.7399132988736,
              30.290005362596826
            ]
          ]
        ]
      }
    },
    {
      "type": "Feature",
      "properties": {
        "h3": "89489e3423bffff",
        "score": 90.3
      },
      "geometry": {
        "type": "Polygon",
        "coordinates": [
          [
            [
              -97.74348732537032,
              30.28877679310642
            ],
            [
              -97.74212346448216,
              30.290296199816503
            ],
            [
              -97.74296978904218,
              30.292106406228438
            ],
            [
              -97.74518003620162,
              30.292397204126292
            ],
            [
              -97.74654390309723,
              30.290877771816955
            ],
            [
              -97.74569751682799,
              30.28906756720952
            ],
            [
              -97.74348732537032,
              30.28877679310642
            ],
            [
              -97.74348732537032,
              30.28877679310642
            ]
          ]
        ]
      }
    },
    {
      "type": "Feature",
      "properties": {
        "h3": "89489e34233ffff",
        "score": 98.1
      },
      "geometry": {
        "type": "Polygon",
        "coordinates": [
          [
            [
              -97.74706134184953,
              30.28754809918884
            ],
            [
              -97.74569751682799,
              30.28906756720952
            ],
            [
              -97.74654390309723,
              30.290877771816955
            ],
            [
              -97.74875417609233,
              30.29116850659292
            ],
            [
              -97.75011800711044,
              30.289649012972145
            ],
            [
              -97.74927155913892,
              30.287838810176005
            ],
            [
              -97.74706134184953,
              30.28754809918884
            ],
            [
              -97.74706134184953,
              30.28754809918884
            ]
          ]
        ]
      }
    },
    {
      "type": "Feature",
      "properties": {
        "h3": "89489e342afffff",
        "score": 93.3
      },
      "geometry": {
        "type": "Polygon",
        "coordinates": [
          [
            [
              -97.75063534828335,
              30.28631928085216
            ],
            [
              -97.74927155913892,
              30.287838810176005
            ],
            [
              -97.75011800711044,
              30.289649012972145
            ],
            [
              -97.7523283059238,
              30.289939684626837
            ],
            [
              -97.75369210105401,
              30.288420129702065
            ],
            [
              -97.75284559138713,
              30.28660992872403
            ],
            [
              -97.75063534828335,
              30.28631928085216
            ],
            [
              -97.75063534828335,
              30.28631928085216
            ]
          ]
        ]
      }
    },
    {
      "type": "Feature",
      "properties": {
        "h3": "89489e342a7ffff",
        "score": 81.6
      },
      "geometry": {
        "type": "Polygon",
        "coordinates": [
          [
            [
              -97.7542093446441,
              30.28509033810447
            ],
            [
              -97.75284559138713,
              30.28660992872403
            ],
            [
              -97.75369210105401,
              30.288420129702065
            ],
            [
              -97.7559024256683,
              30.28871073823613
            ],
            [
              -97.75726618490019,
              30.287191122014804
            ],
            [
              -97.75641961354489,
              30.28538092286168
            ],
            [
              -97.7542093446441,
              30.28509033810447
            ],
            [
              -97.7542093446441,
              30.28509033810447
            ]
          ]
        ]
      }
    },
    {
      "type": "Feature",
      "properties": {
        "h3": "89489e3406bffff",
        "score": 76.2
      },
      "geometry": {
        "type": "Polygon",
        "coordinates": [
          [
            [
              -97.75778333090395,
              30.28386127095386
            ],
            [
              -97.75641961354489,
              30.28538092286168
            ],
            [
              -97.75726618490019,
              30.287191122014804
            ],
            [
              -97.75947653529802,
              30.287481667428892
            ],
            [
              -97.76084025862117,
              30.285961989918466
            ],
            [
              -97.75999362558441,
              30.284151792597058
            ],
            [
              -97.75778333090395,
              30.28386127095386
            ],
            [
              -97.75778333090395,
              30.28386127095386
            ]
          ]
        ]
      }
    },
    {
      "type": "Feature",
      "properties": {
        "h3": "89489e34063ffff",
        "score": 80
      },
      "geometry": {
        "type": "Polygon",
        "coordinates": [
          [
            [
              -97.76135730703515,
              30.282632079408412
            ],
            [
              -97.75999362558441,
              30.284151792597058
            ],
            [
              -97.76084025862117,
              30.285961989918466
            ],
            [
              -97.76305063478523,
              30.286252472213214
            ],
            [
              -97.76441432218924,
              30.284732733421134
            ],
            [
              -97.76356762747793,
              30.282922537938244
            ],
            [
              -97.76135730703515,
              30.282632079408412
            ],
            [
              -97.76135730703515,
              30.282632079408412
            ]
          ]
        ]
      }
    },
    {
      "type": "Feature",
      "properties": {
        "h3": "89489e34077ffff",
        "score": 82.6
      },
      "geometry": {
        "type": "Polygon",
        "coordinates": [
          [
            [
              -97.76493127300995,
              30.281402763476237
            ],
            [
              -97.76356762747793,
              30.282922537938244
            ],
            [
              -97.76441432218924,
              30.284732733421134
            ],
            [
              -97.76662472410214,
              30.28502315259719
            ],
            [
              -97.76798837557655,
              30.28350335253092
            ],
            [
              -97.76714161919769,
              30.28169315889336
            ],
            [
              -97.76493127300995,
              30.281402763476237
            ],
            [
              -97.76493127300995,
              30.281402763476237
            ]
          ]
        ]
      }
    },
    {
      "type": "Feature",
      "properties": {
        "h3": "89489e3400fffff",
        "score": 80.3
      },
      "geometry": {
        "type": "Polygon",
        "coordinates": [
          [
            [
              -97.76544819581218,
              30.278072745970007
            ],
            [
              -97.76408459214984,
              30.279592556091007
            ],
            [
              -97.76493127300995,
              30.281402763476237
            ],
            [
              -97.76714161919769,
              30.28169315889336
            ],
            [
              -97.76850522880055,
              30.280173323165446
            ],
            [
              -97.76765848627718,
              30.278363117627844
            ],
            [
              -97.76544819581218,
              30.278072745970007
            ],
            [
              -97.76544819581218,
              30.278072745970007
            ]
          ]
        ]
      }
    },
    {
      "type": "Feature",
      "properties": {
        "h3": "89489e34003ffff",
        "score": 87
      },
      "geometry": {
        "type": "Polygon",
        "coordinates": [
          [
            [
              -97.76596509059814,
              30.27474268092474
            ],
            [
              -97.76460152880314,
              30.27626252669374
            ],
            [
              -97.76544819581218,
              30.278072745970007
            ],
            [
              -97.76765848627718,
              30.278363117627844
            ],
            [
              -97.7690220540108,
              30.276843246249236
            ],
            [
              -97.76817532534284,
              30.275033028822914
            ],
            [
              -97.76596509059814,
              30.27474268092474
            ],
            [
              -97.76596509059814,
              30.27474268092474
            ]
          ]
        ]
      }
    },
    {
      "type": "Feature",
      "properties": {
        "h3": "89489e34013ffff",
        "score": 95.1
      },
      "geometry": {
        "type": "Polygon",
        "coordinates": [
          [
            [
              -97.76648195736998,
              30.271412568362724
            ],
            [
              -97.76511843744004,
              30.272932449768767
            ],
            [
              -97.76596509059814,
              30.27474268092474
            ],
            [
              -97.76817532534284,
              30.275033028822914
            ],
            [
              -97.76953885120953,
              30.273513121804584
            ],
            [
              -97.76869213639681,
              30.27170289250087
            ],
            [
              -97.76648195736998,
              30.271412568362724
            ],
            [
              -97.76648195736998,
              30.271412568362724
            ]
          ]
        ]
      }
    },
    {
      "type": "Feature",
      "properties": {
        "h3": "89489e3408bffff",
        "score": 94.7
      },
      "geometry": {
        "type": "Polygon",
        "coordinates": [
          [
            [
              -97.76699879612993,
              30.26808240830625
            ],
            [
              -97.7656353180627,
              30.269602325338383
            ],
            [
              -97.76648195736998,
              30.271412568362724
            ],
            [
              -97.76869213639681,
              30.27170289250087
            ],
            [
              -97.77005562039889,
              30.270182949853794
            ],
            [
              -97.76920891944133,
              30.26837270868402
            ],
            [
              -97.76699879612993,
              30.26808240830625
            ],
            [
              -97.76699879612993,
              30.26808240830625
            ]
          ]
        ]
      }
    },
    {
      "type": "Feature",
      "properties": {
        "h3": "89489e3409bffff",
        "score": 85.7
      },
      "geometry": {
        "type": "Polygon",
        "coordinates": [
          [
            [
              -97.76751560688015,
              30.264752200777643
            ],
            [
              -97.76615217067337,
              30.26627215342487
            ],
            [
              -97.76699879612993,
              30.26808240830625
            ],
            [
              -97.76920891944133,
              30.26837270868402
            ],
            [
              -97.7705723615811,
              30.266852730419142
            ],
            [
              -97.76972567447855,
              30.26504247739466
            ],
            [
              -97.76751560688015,
              30.264752200777643
            ],
            [
              -97.76751560688015,
              30.264752200777643
            ]
          ]
        ]
      }
    },
    {
      "type": "Feature",
      "properties": {
        "h3": "89489e34467ffff",
        "score": 77.7
      },
      "geometry": {
        "type": "Polygon",
        "coordinates": [
          [
            [
              -97.76803238962287,
              30.261421945799174
            ],
            [
              -97.76666899527417,
              30.26294193405055
            ],
            [
              -97.76751560688015,
              30.264752200777643
            ],
            [
              -97.76972567447855,
              30.26504247739466
            ],
            [
              -97.77108907475835,
              30.263522463522953
            ],
            [
              -97.77024240151069,
              30.26171219865507
            ],
            [
              -97.76803238962287,
              30.261421945799174
            ],
            [
              -97.76803238962287,
              30.261421945799174
            ]
          ]
        ]
      }
    },
    {
      "type": "Feature",
      "properties": {
        "h3": "89489e34477ffff",
        "score": 78.7
      },
      "geometry": {
        "type": "Polygon",
        "coordinates": [
          [
            [
              -97.76854914436025,
              30.25809164339317
            ],
            [
              -97.76718579186735,
              30.259611667237717
            ],
            [
              -97.76803238962287,
              30.261421945799174
            ],
            [
              -97.77024240151069,
              30.26171219865507
            ],
            [
              -97.77160575993283,
              30.260192149187514
            ],
            [
              -97.77075910053996,
              30.258381872487586
            ],
            [
              -97.76854914436025,
              30.25809164339317
            ],
            [
              -97.76854914436025,
              30.25809164339317
            ]
          ]
        ]
      }
    },
    {
      "type": "Feature",
      "properties": {
        "h3": "89489e34473ffff",
        "score": 89.5
      },
      "geometry": {
        "type": "Polygon",
        "coordinates": [
          [
            [
              -97.76549268569492,
              30.255991084611168
            ],
            [
              -97.76412933914015,
              30.257511082830874
            ],
            [
              -97.76497586140538,
              30.2593213750724
            ],
            [
              -97.76718579186735,
              30.259611667237717
            ],
            [
              -97.76854914436025,
              30.25809164339317
            ],
            [
              -97.76770256045509,
              30.25628135300866
            ],
            [
              -97.76549268569492,
              30.255991084611168
            ],
            [
              -97.76549268569492,
              30.255991084611168
            ]
          ]
        ]
      }
    },
    {
      "type": "Feature",
      "properties": {
        "h3": "89489e34447ffff",
        "score": 91.5
      },
      "geometry": {
        "type": "Polygon",
        "coordinates": [
          [
            [
              -97.76243638394207,
              30.25389047286672
            ],
            [
              -97.76107304333442,
              30.255410445459717
            ],
            [
              -97.76191949011115,
              30.257220751367814
            ],
            [
              -97.76412933914015,
              30.257511082830874
            ],
            [
              -97.76549268569492,
              30.255991084611168
            ],
            [
              -97.76464617727561,
              30.254180780555615
            ],
            [
              -97.76243638394207,
              30.25389047286672
            ],
            [
              -97.76243638394207,
              30.25389047286672
            ]
          ]
        ]
      }
    },
    {
      "type": "Feature",
      "properties": {
        "h3": "89489e34443ffff",
        "score": 86.3
      },
      "geometry": {
        "type": "Polygon",
        "coordinates": [
          [
            [
              -97.75938023910706,
              30.25178980818499
            ],
            [
              -97.75801690445543,
              30.253309755149445
            ],
            [
              -97.7588632757455,
              30.255120074710586
            ],
            [
              -97.76107304333442,
              30.255410445459717
            ],
            [
              -97.76243638394207,
              30.25389047286672
            ],
            [
              -97.76158995100681,
              30.25208015515362
            ],
            [
              -97.75938023910706,
              30.25178980818499
            ],
            [
              -97.75938023910706,
              30.25178980818499
            ]
          ]
        ]
      }
    },
    {
      "type": "Feature",
      "properties": {
        "h3": "89489e3445bffff",
        "score": 81.2
      },
      "geometry": {
        "type": "Polygon",
        "coordinates": [
          [
            [
              -97.75632425119515,
              30.249689090591122
            ],
            [
              -97.75496092250853,
              30.251209011925198
            ],
            [
              -97.75580721831375,
              30.25301934512587
            ],
            [
              -97.75801690445543,
              30.253309755149445
            ],
            [
              -97.75938023910706,
              30.25178980818499
            ],
            [
              -97.75853388165402,
              30.249979476827864
            ],
            [
              -97.75632425119515,
              30.249689090591122
            ],
            [
              -97.75632425119515,
              30.249689090591122
            ]
          ]
        ]
      }
    },
    {
      "type": "Feature",
      "properties": {
        "h3": "89489e3712fffff",
        "score": 80.9
      },
      "geometry": {
        "type": "Polygon",
        "coordinates": [
          [
            [
              -97.7532684202117,
              30.247588320110328
            ],
            [
              -97.75190509749898,
              30.249108215812164
            ],
            [
              -97.75275131782116,
              30.250918562638876
            ],
            [
              -97.75496092250853,
              30.251209011925198
            ],
            [
              -97.75632425119515,
              30.249689090591122
            ],
            [
              -97.75547796922254,
              30.247878745603476
            ],
            [
              -97.7532684202117,
              30.247588320110328
            ],
            [
              -97.7532684202117,
              30.247588320110328
            ]
          ]
        ]
      }
    },
    {
      "type": "Feature",
      "properties": {
        "h3": "89489e3712bffff",
        "score": 83.1
      },
      "geometry": {
        "type": "Polygon",
        "coordinates": [
          [
            [
              -97.75021274616196,
              30.24548749676777
            ],
            [
              -97.74884942943211,
              30.24700736683551
            ],
            [
              -97.7496955742731,
              30.248817727274734
            ],
            [
              -97.75190509749898,
              30.249108215812164
            ],
            [
              -97.7532684202117,
              30.247588320110328
            ],
            [
              -97.75242221371768,
              30.245777961505677
            ],
            [
              -97.75021274616196,
              30.24548749676777
            ],
            [
              -97.75021274616196,
              30.24548749676777
            ]
          ]
        ]
      }
    },
    {
      "type": "Feature",
      "properties": {
        "h3": "89489e37177ffff",
        "score": 82.4
      },
      "geometry": {
        "type": "Polygon",
        "coordinates": [
          [
            [
              -97.74715722905121,
              30.2433866205886
            ],
            [
              -97.74579391831318,
              30.2449064650204
            ],
            [
              -97.74663998767478,
              30.246716839058653
            ],
            [
              -97.74884942943211,
              30.24700736683551
            ],
            [
              -97.75021274616196,
              30.24548749676777
            ],
            [
              -97.74936661514468,
              30.243677124559607
            ],
            [
              -97.74715722905121,
              30.2433866205886
            ],
            [
              -97.74715722905121,
              30.2433866205886
            ]
          ]
        ]
      }
    },
    {
      "type": "Feature",
      "properties": {
        "h3": "89489e37173ffff",
        "score": 77.2
      },
      "geometry": {
        "type": "Polygon",
        "coordinates": [
          [
            [
              -97.7441018688848,
              30.241285691597984
            ],
            [
              -97.7427385641475,
              30.24280551039202
            ],
            [
              -97.74358455803154,
              30.244615898015763
            ],
            [
              -97.74579391831318,
              30.2449064650204
            ],
            [
              -97.74715722905121,
              30.2433866205886
            ],
            [
              -97.7463111735089,
              30.24157623479043
            ],
            [
              -97.7441018688848,
              30.241285691597984
            ],
            [
              -97.7441018688848,
              30.241285691597984
            ]
          ]
        ]
      }
    },
    {
      "type": "Feature",
      "properties": {
        "h3": "89489e3717bffff",
        "score": 67.9
      },
      "geometry": {
        "type": "Polygon",
        "coordinates": [
          [
            [
              -97.74052928534866,
              30.242514904171284
            ],
            [
              -97.73916594478224,
              30.244034661756647
            ],
            [
              -97.7400118770011,
              30.245845051199186
            ],
            [
              -97.74222121145357,
              30.24613568123808
            ],
            [
              -97.74358455803154,
              30.244615898015763
            ],
            [
              -97.7427385641475,
              30.24280551039202
            ],
            [
              -97.74052928534866,
              30.242514904171284
            ],
            [
              -97.74052928534866,
              30.242514904171284
            ]
          ]
        ]
      }
    },
    {
      "type": "Feature",
      "properties": {
        "h3": "89489e373b7ffff",
        "score": 68.2
      },
      "geometry": {
        "type": "Polygon",
        "coordinates": [
          [
            [
              -97.736956691826,
              30.243743992506968
            ],
            [
              -97.73559331544087,
              30.245263688876204
            ],
            [
              -97.73643918598758,
              30.247074080130716
            ],
            [
              -97.73864849459356,
              30.24736477320452
            ],
            [
              -97.7400118770011,
              30.245845051199186
            ],
            [
              -97.73916594478224,
              30.244034661756647
            ],
            [
              -97.736956691826,
              30.243743992506968
            ],
            [
              -97.736956691826,
              30.243743992506968
            ]
          ]
        ]
      }
    },
    {
      "type": "Feature",
      "properties": {
        "h3": "89489e373a3ffff",
        "score": 78.8
      },
      "geometry": {
        "type": "Polygon",
        "coordinates": [
          [
            [
              -97.73338408834454,
              30.24497295659694
            ],
            [
              -97.73202067615112,
              30.2464925917426
            ],
            [
              -97.73286648501879,
              30.248302984802283
            ],
            [
              -97.73507576776093,
              30.24859374091164
            ],
            [
              -97.73643918598758,
              30.247074080130716
            ],
            [
              -97.73559331544087,
              30.245263688876204
            ],
            [
              -97.73338408834454,
              30.24497295659694
            ],
            [
              -97.73338408834454,
              30.24497295659694
            ]
          ]
        ]
      }
    },
    {
      "type": "Feature",
      "properties": {
        "h3": "89489e373abffff",
        "score": 87.3
      },
      "geometry": {
        "type": "Polygon",
        "coordinates": [
          [
            [
              -97.72981147493202,
              30.246201796433112
            ],
            [
              -97.72844802694074,
              30.247721370347747
            ],
            [
              -97.72929377412241,
              30.249531765205795
            ],
            [
              -97.73150303098342,
              30.24982258435135
            ],
            [
              -97.73286648501879,
              30.248302984802283
            ],
            [
              -97.73202067615112,
              30.2464925917426
            ],
            [
              -97.72981147493202,
              30.246201796433112
            ],
            [
              -97.72981147493202,
              30.246201796433112
            ]
          ]
        ]
      }
    },
    {
      "type": "Feature",
      "properties": {
        "h3": "89489e37307ffff",
        "score": 85
      },
      "geometry": {
        "type": "Polygon",
        "coordinates": [
          [
            [
              -97.72623885161623,
              30.2474305120074
            ],
            [
              -97.72487536783746,
              30.24895002468358
            ],
            [
              -97.72572105332624,
              30.25076042133316
            ],
            [
              -97.72793028428876,
              30.251051303515545
            ],
            [
              -97.72929377412241,
              30.249531765205795
            ],
            [
              -97.72844802694074,
              30.247721370347747
            ],
            [
              -97.72623885161623,
              30.2474305120074
            ],
            [
              -97.72623885161623,
              30.2474305120074
            ]
          ]
        ]
      }
    },
    {
      "type": "Feature",
      "properties": {
        "h3": "89489e3730fffff",
        "score": 78.3
      },
      "geometry": {
        "type": "Polygon",
        "coordinates": [
          [
            [
              -97.72266621842489,
              30.248659103311724
            ],
            [
              -97.72130269886901,
              30.250178554741975
            ],
            [
              -97.72214832265799,
              30.25198895317631
            ],
            [
              -97.72435752770465,
              30.25227989839615
            ],
            [
              -97.72572105332624,
              30.25076042133316
            ],
            [
              -97.72487536783746,
              30.24895002468358
            ],
            [
              -97.72266621842489,
              30.248659103311724
            ],
            [
              -97.72266621842489,
              30.248659103311724
            ]
          ]
        ]
      }
    },
    {
      "type": "Feature",
      "properties": {
        "h3": "89489e37373ffff",
        "score": 78.9
      },
      "geometry": {
        "type": "Polygon",
        "coordinates": [
          [
            [
              -97.7190935753857,
              30.249887570338007
            ],
            [
              -97.71773002006316,
              30.25140696051491
            ],
            [
              -97.7185755821454,
              30.253217360727163
            ],
            [
              -97.72078476125893,
              30.25350836898512
            ],
            [
              -97.72214832265799,
              30.25198895317631
            ],
            [
              -97.72130269886901,
              30.250178554741975
            ],
            [
              -97.7190935753857,
              30.249887570338007
            ],
            [
              -97.7190935753857,
              30.249887570338007
            ]
          ]
        ]
      }
    },
    {
      "type": "Feature",
      "properties": {
        "h3": "89489e37363ffff",
        "score": 81
      },
      "geometry": {
        "type": "Polygon",
        "coordinates": [
          [
            [
              -97.7185755821454,
              30.253217360727163
            ],
            [
              -97.71721198497927,
              30.25473671527432
            ],
            [
              -97.71805756084622,
              30.256547103708137
            ],
            [
              -97.7202667955924,
              30.256838135819677
            ],
            [
              -97.72163039883694,
              30.255318755643305
            ],
            [
              -97.72078476125893,
              30.25350836898512
            ],
            [
              -97.7185755821454,
              30.253217360727163
            ],
            [
              -97.7185755821454,
              30.253217360727163
            ]
          ]
        ]
      }
    },
    {
      "type": "Feature",
      "properties": {
        "h3": "89489e3736fffff",
        "score": 74.6
      },
      "geometry": {
        "type": "Polygon",
        "coordinates": [
          [
            [
              -97.71805756084622,
              30.256547103708137
            ],
            [
              -97.71669392183418,
              30.258066422614593
            ],
            [
              -97.71753951148597,
              30.259876799258613
            ],
            [
              -97.71974880186721,
              30.260167855223415
            ],
            [
              -97.72111244695955,
              30.258648510690414
            ],
            [
              -97.7202667955924,
              30.256838135819677
            ],
            [
              -97.71805756084622,
              30.256547103708137
            ],
            [
              -97.71805756084622,
              30.256547103708137
            ]
          ]
        ]
      }
    },
    {
      "type": "Feature",
      "properties": {
        "h3": "89489e355d7ffff",
        "score": 69.3
      },
      "geometry": {
        "type": "Polygon",
        "coordinates": [
          [
            [
              -97.71753951148597,
              30.259876799258613
            ],
            [
              -97.71617583062572,
              30.261396082513407
            ],
            [
              -97.71702143406245,
              30.263206447356318
            ],
            [
              -97.71923078008118,
              30.263497527173975
            ],
            [
              -97.72059446702366,
              30.261978218295347
            ],
            [
              -97.71974880186721,
              30.260167855223415
            ],
            [
              -97.71753951148597,
              30.259876799258613
            ],
            [
              -97.71753951148597,
              30.259876799258613
            ]
          ]
        ]
      }
    },
    {
      "type": "Feature",
      "properties": {
        "h3": "89489e355c7ffff",
        "score": 73.2
      },
      "geometry": {
        "type": "Polygon",
        "coordinates": [
          [
            [
              -97.71702143406245,
              30.263206447356318
            ],
            [
              -97.71565771135167,
              30.26472569494849
            ],
            [
              -97.71650332857347,
              30.266536047978967
            ],
            [
              -97.71871273023211,
              30.266827151649125
            ],
            [
              -97.720076459027,
              30.265307878435785
            ],
            [
              -97.71923078008118,
              30.263497527173975
            ],
            [
              -97.71702143406245,
              30.263206447356318
            ],
            [
              -97.71702143406245,
              30.263206447356318
            ]
          ]
        ]
      }
    },
    {
      "type": "Feature",
      "properties": {
        "h3": "89489e3551bffff",
        "score": 83.1
      },
      "geometry": {
        "type": "Polygon",
        "coordinates": [
          [
            [
              -97.71650332857347,
              30.266536047978967
            ],
            [
              -97.71513956400985,
              30.268055259897533
            ],
            [
              -97.71598519501683,
              30.26986560110424
            ],
            [
              -97.71819465231782,
              30.27015672862654
            ],
            [
              -97.71955842296745,
              30.268637491089482
            ],
            [
              -97.71871273023211,
              30.266827151649125
            ],
            [
              -97.71650332857347,
              30.266536047978967
            ],
            [
              -97.71650332857347,
              30.266536047978967
            ]
          ]
        ]
      }
    },
    {
      "type": "Feature",
      "properties": {
        "h3": "89489e3550bffff",
        "score": 88.5
      },
      "geometry": {
        "type": "Polygon",
        "coordinates": [
          [
            [
              -97.71598519501683,
              30.26986560110424
            ],
            [
              -97.71462138859806,
              30.271384777338255
            ],
            [
              -97.71546703339034,
              30.27319510670986
            ],
            [
              -97.7176765463361,
              30.273486258083913
            ],
            [
              -97.71904035884276,
              30.271967056234097
            ],
            [
              -97.71819465231782,
              30.27015672862654
            ],
            [
              -97.71598519501683,
              30.26986560110424
            ],
            [
              -97.71598519501683,
              30.26986560110424
            ]
          ]
        ]
      }
    },
    {
      "type": "Feature",
      "properties": {
        "h3": "89489e35573ffff",
        "score": 83.9
      },
      "geometry": {
        "type": "Polygon",
        "coordinates": [
          [
            [
              -97.71546703339034,
              30.27319510670986
            ],
            [
              -97.71410318511411,
              30.274714247248358
            ],
            [
              -97.71494884369179,
              30.27652456477353
            ],
            [
              -97.71715841228473,
              30.276815739998998
            ],
            [
              -97.71852226665075,
              30.275296573847378
            ],
            [
              -97.7176765463361,
              30.273486258083913
            ],
            [
              -97.71546703339034,
              30.27319510670986
            ],
            [
              -97.71546703339034,
              30.27319510670986
            ]
          ]
        ]
      }
    },
    {
      "type": "Feature",
      "properties": {
        "h3": "89489e35563ffff",
        "score": 75.8
      },
      "geometry": {
        "type": "Polygon",
        "coordinates": [
          [
            [
              -97.71494884369179,
              30.27652456477353
            ],
            [
              -97.7135849535558,
              30.278043669605555
            ],
            [
              -97.71443062591901,
              30.27985397527299
            ],
            [
              -97.71664025016156,
              30.28014517434948
            ],
            [
              -97.71800414638923,
              30.27862604390701
            ],
            [
              -97.71715841228473,
              30.276815739998998
            ],
            [
              -97.71494884369179,
              30.27652456477353
            ],
            [
              -97.71494884369179,
              30.27652456477353
            ]
          ]
        ]
      }
    },
    {
      "type": "Feature",
      "properties": {
        "h3": "89489e35567ffff",
        "score": 66.6
      },
      "geometry": {
        "type": "Polygon",
        "coordinates": [
          [
            [
              -97.71800414638923,
              30.27862604390701
            ],
            [
              -97.71664025016156,
              30.28014517434948
            ],
            [
              -97.71748599805602,
              30.281955466390723
            ],
            [
              -97.71969570391897,
              30.28224662622611
            ],
            [
              -97.72105960622943,
              30.280727470175034
            ],
            [
              -97.72021379659623,
              30.27891717989769
            ],
            [
              -97.71800414638923,
              30.27862604390701
            ],
            [
              -97.71800414638923,
              30.27862604390701
            ]
          ]
        ]
      }
    },
    {
      "type": "Feature",
      "properties": {
        "h3": "89489e35193ffff",
        "score": 66.4
      },
      "geometry": {
        "type": "Polygon",
        "coordinates": [
          [
            [
              -97.72105960622943,
              30.280727470175034
            ],
            [
              -97.71969570391897,
              30.28224662622611
            ],
            [
              -97.72054152734657,
              30.284056904627676
            ],
            [
              -97.72275131482279,
              30.28434802521026
            ],
            [
              -97.72411522320708,
              30.282828843552416
            ],
            [
              -97.72326933804337,
              30.28101856691925
            ],
            [
              -97.72105960622943,
              30.280727470175034
            ],
            [
              -97.72105960622943,
              30.280727470175034
            ]
          ]
        ]
      }
    },
    {
      "type": "Feature",
      "properties": {
        "h3": "89489e35197ffff",
        "score": 77.2
      },
      "geometry": {
        "type": "Polygon",
        "coordinates": [
          [
            [
              -97.72411522320708,
              30.282828843552416
            ],
            [
              -97.72275131482279,
              30.28434802521026
            ],
            [
              -97.72359721378534,
              30.286158289958628
            ],
            [
              -97.72580708286775,
              30.28644937127676
            ],
            [
              -97.72717099731693,
              30.28493016401399
            ],
            [
              -97.72632503662085,
              30.28311990103851
            ],
            [
              -97.72411522320708,
              30.282828843552416
            ],
            [
              -97.72411522320708,
              30.282828843552416
            ]
          ]
        ]
      }
    },
    {
      "type": "Feature",
      "properties": {
        "h3": "89489e3424bffff",
        "score": 91
      },
      "geometry": {
        "type": "Polygon",
        "coordinates": [
          [
            [
              -97.72717099731693,
              30.28493016401399
            ],
            [
              -97.72580708286775,
              30.28644937127676
            ],
            [
              -97.7266530573671,
              30.288259622358424
            ],
            [
              -97.72886300804859,
              30.28855066440042
            ],
            [
              -97.73022692855372,
              30.28703143153455
            ],
            [
              -97.72938089232346,
              30.285221182230284
            ],
            [
              -97.72717099731693,
              30.28493016401399
            ],
            [
              -97.72717099731693,
              30.28493016401399
            ]
          ]
        ]
      }
    },
    {
      "type": "Feature",
      "properties": {
        "h3": "89489e3424fffff",
        "score": 96.7
      },
      "geometry": {
        "type": "Polygon",
        "coordinates": [
          [
            [
              -97.73022692855372,
              30.28703143153455
            ],
            [
              -97.72886300804859,
              30.28855066440042
            ],
            [
              -97.72970905808656,
              30.290360901801876
            ],
            [
              -97.73191909036005,
              30.290651904556064
            ],
            [
              -97.73328301691218,
              30.289132646088934
            ],
            [
              -97.73243690514589,
              30.28732241046938
            ],
            [
              -97.73022692855372,
              30.28703143153455
            ],
            [
              -97.73022692855372,
              30.28703143153455
            ]
          ]
        ]
      }
    },
    {
      "type": "Feature",
      "properties": {
        "h3": "89489e3427bffff",
        "score": 89.9
      },
      "geometry": {
        "type": "Polygon",
        "coordinates": [
          [
            [
              -97.73328301691218,
              30.289132646088934
            ],
            [
              -97.73191909036005,
              30.290651904556064
            ],
            [
              -97.7327652159385,
              30.292462128263793
            ],
            [
              -97.73497532979685,
              30.292753091718513
            ],
            [
              -97.73633926238708,
              30.291233807651974
            ],
            [
              -97.7354930750829,
              30.289423585730624
            ],
            [
              -97.73328301691218,
              30.289132646088934
            ],
            [
              -97.73328301691218,
              30.289132646088934
            ]
          ]
        ]
      }
    },
    {
      "type": "Feature",
      "properties": {
        "h3": "89489e34263ffff",
        "score": 76.9
      },
      "geometry": {
        "type": "Polygon",
        "coordinates": [
          [
            [
              -97.73633926238708,
              30.291233807651974
            ],
            [
              -97.73497532979685,
              30.292753091718513
            ],
            [
              -97.73582153091759,
              30.294563301719002
            ],
            [
              -97.73803172635371,
              30.294854225862586
            ],
            [
              -97.73939566497305,
              30.293334916198468
            ],
            [
              -97.73854940212918,
              30.29152470798886
            ],
            [
              -97.73633926238708,
              30.291233807651974
            ],
            [
              -97.73633926238708,
              30.291233807651974
            ]
          ]
        ]
      }
    },
    {
      "type": "Feature",
      "properties": {
        "h3": "89489e34267ffff",
        "score": 68.2
      },
      "geometry": {
        "type": "Polygon",
        "coordinates": [
          [
            [
              -97.73939566497305,
              30.293334916198468
            ],
            [
              -97.73803172635371,
              30.294854225862586
            ],
            [
              -97.7388780030186,
              30.296664422142342
            ],
            [
              -97.74108828002537,
              30.296955306963106
            ],
            [
              -97.74245222466487,
              30.29543597170325
            ],
            [
              -97.7416058862795,
              30.293625777218878
            ],
            [
              -97.73939566497305,
              30.293334916198468
            ],
            [
              -97.73939566497305,
              30.293334916198468
            ]
          ]
        ]
      }
    },
    {
      "type": "Feature",
      "properties": {
        "h3": "89489e3422bffff",
        "score": 79.7
      },
      "geometry": {
        "type": "Polygon",
        "coordinates": [
          [
            [
              -97.74296978904218,
              30.292106406228438
            ],
            [
              -97.7416058862795,
              30.293625777218878
            ],
            [
              -97.74245222466487,
              30.29543597170325
            ],
            [
              -97.74466252752853,
              30.2957267933955
            ],
            [
              -97.74602643630054,
              30.29420739680849
            ],
            [
              -97.74518003620162,
              30.292397204126292
            ],
            [
              -97.74296978904218,
              30.292106406228438
            ],
            [
              -97.74296978904218,
              30.292106406228438
            ]
          ]
        ]
      }
    },
    {
      "type": "Feature",
      "properties": {
        "h3": "89489e34223ffff",
        "score": 91.3
      },
      "geometry": {
        "type": "Polygon",
        "coordinates": [
          [
            [
              -97.74654390309723,
              30.290877771816955
            ],
            [
              -97.74518003620162,
              30.292397204126292
            ],
            [
              -97.74602643630054,
              30.29420739680849
            ],
            [
              -97.74823676500375,
              30.294498155372867
            ],
            [
              -97.74960063789787,
              30.29297869746612
            ],
            [
              -97.74875417609233,
              30.29116850659292
            ],
            [
              -97.74654390309723,
              30.290877771816955
            ],
            [
              -97.74654390309723,
              30.290877771816955
            ]
          ]
        ]
      }
    },
    {
      "type": "Feature",
      "properties": {
        "h3": "89489e34237ffff",
        "score": 91.8
      },
      "geometry": {
        "type": "Polygon",
        "coordinates": [
          [
            [
              -97.75011800711044,
              30.289649012972145
            ],
            [
              -97.74875417609233,
              30.29116850659292
            ],
            [
              -97.74960063789787,
              30.29297869746612
            ],
            [
              -97.75181099242324,
              30.293269392903266
            ],
            [
              -97.75317482942901,
              30.291749873684243
            ],
            [
              -97.7523283059238,
              30.289939684626837
            ],
            [
              -97.75011800711044,
              30.289649012972145
            ],
            [
              -97.75011800711044,
              30.289649012972145
            ]
          ]
        ]
      }
    },
    {
      "type": "Feature",
      "properties": {
        "h3": "89489e343dbffff",
        "score": 83.9
      },
      "geometry": {
        "type": "Polygon",
        "coordinates": [
          [
            [
              -97.75369210105401,
              30.288420129702065
            ],
            [
              -97.7523283059238,
              30.289939684626837
            ],
            [
              -97.75317482942901,
              30.291749873684243
            ],
            [
              -97.7553852097592,
              30.29204050599479
            ],
            [
              -97.75674901086624,
              30.290520925470943
            ],
            [
              -97.7559024256683,
              30.28871073823613
            ],
            [
              -97.75369210105401,
              30.288420129702065
            ],
            [
              -97.75369210105401,
              30.288420129702065
            ]
          ]
        ]
      }
    },
    {
      "type": "Feature",
      "properties": {
        "h3": "89489e343d3ffff",
        "score": 80.3
      },
      "geometry": {
        "type": "Polygon",
        "coordinates": [
          [
            [
              -97.75726618490019,
              30.287191122014804
            ],
            [
              -97.7559024256683,
              30.28871073823613
            ],
            [
              -97.75674901086624,
              30.290520925470943
            ],
            [
              -97.7589594169839,
              30.29081149465552
            ],
            [
              -97.76032318218176,
              30.28929185283429
            ],
            [
              -97.75947653529802,
              30.287481667428892
            ],
            [
              -97.75726618490019,
              30.287191122014804
            ],
            [
              -97.75726618490019,
              30.287191122014804
            ]
          ]
        ]
      }
    },
    {
      "type": "Feature",
      "properties": {
        "h3": "89489e3406fffff",
        "score": 85.6
      },
      "geometry": {
        "type": "Polygon",
        "coordinates": [
          [
            [
              -97.76084025862117,
              30.285961989918466
            ],
            [
              -97.75947653529802,
              30.287481667428892
            ],
            [
              -97.76032318218176,
              30.28929185283429
            ],
            [
              -97.76253361406955,
              30.289582358893576
            ],
            [
              -97.76389734334784,
              30.2880626557824
            ],
            [
              -97.76305063478523,
              30.286252472213214
            ],
            [
              -97.76084025862117,
              30.285961989918466
            ],
            [
              -97.76084025862117,
              30.285961989918466
            ]
          ]
        ]
      }
    },
    {
      "type": "Feature",
      "properties": {
        "h3": "89489e34067ffff",
        "score": 90.1
      },
      "geometry": {
        "type": "Polygon",
        "coordinates": [
          [
            [
              -97.76441432218924,
              30.284732733421134
            ],
            [
              -97.76305063478523,
              30.286252472213214
            ],
            [
              -97.76389734334784,
              30.2880626557824
            ],
            [
              -97.76610780098835,
              30.288353098717014
            ],
            [
              -97.76747149433662,
              30.286833334323365
            ],
            [
              -97.76662472410214,
              30.28502315259719
            ],
            [
              -97.76441432218924,
              30.284732733421134
            ],
            [
              -97.76441432218924,
              30.284732733421134
            ]
          ]
        ]
      }
    },
    {
      "type": "Feature",
      "properties": {
        "h3": "89489e3402bffff",
        "score": 83.5
      },
      "geometry": {
        "type": "Polygon",
        "coordinates": [
          [
            [
              -97.76798837557655,
              30.28350335253092
            ],
            [
              -97.76662472410214,
              30.28502315259719
            ],
            [
              -97.76747149433662,
              30.286833334323365
            ],
            [
              -97.76968197771255,
              30.28712371413397
            ],
            [
              -97.77104563512043,
              30.28560388846528
            ],
            [
              -97.77019880322095,
              30.28379370858893
            ],
            [
              -97.76798837557655,
              30.28350335253092
            ],
            [
              -97.76798837557655,
              30.28350335253092
            ]
          ]
        ]
      }
    },
    {
      "type": "Feature",
      "properties": {
        "h3": "89489e3403bffff",
        "score": 75.2
      },
      "geometry": {
        "type": "Polygon",
        "coordinates": [
          [
            [
              -97.76850522880055,
              30.280173323165446
            ],
            [
              -97.76714161919769,
              30.28169315889336
            ],
            [
              -97.76798837557655,
              30.28350335253092
            ],
            [
              -97.77019880322095,
              30.28379370858893
            ],
            [
              -97.77156241875541,
              30.28227384725593
            ],
            [
              -97.77071560071589,
              30.280463655470513
            ],
            [
              -97.76850522880055,
              30.280173323165446
            ],
            [
              -97.76850522880055,
              30.280173323165446
            ]
          ]
        ]
      }
    },
    {
      "type": "Feature",
      "properties": {
        "h3": "89489e34007ffff",
        "score": 74.9
      },
      "geometry": {
        "type": "Polygon",
        "coordinates": [
          [
            [
              -97.7690220540108,
              30.276843246249236
            ],
            [
              -97.76765848627718,
              30.278363117627844
            ],
            [
              -97.76850522880055,
              30.280173323165446
            ],
            [
              -97.77071560071589,
              30.280463655470513
            ],
            [
              -97.7720791743792,
              30.278943758484125
            ],
            [
              -97.77123237019954,
              30.277133554800983
            ],
            [
              -97.7690220540108,
              30.276843246249236
            ],
            [
              -97.7690220540108,
              30.276843246249236
            ]
          ]
        ]
      }
    },
    {
      "type": "Feature",
      "properties": {
        "h3": "89489e34017ffff",
        "score": 82.1
      },
      "geometry": {
        "type": "Polygon",
        "coordinates": [
          [
            [
              -97.76953885120953,
              30.273513121804584
            ],
            [
              -97.76817532534284,
              30.275033028822914
            ],
            [
              -97.7690220540108,
              30.276843246249236
            ],
            [
              -97.77123237019954,
              30.277133554800983
            ],
            [
              -97.77259590199402,
              30.2756136221722
            ],
            [
              -97.77174911167404,
              30.273803406602642
            ],
            [
              -97.76953885120953,
              30.273513121804584
            ],
            [
              -97.76953885120953,
              30.273513121804584
            ]
          ]
        ]
      }
    },
    {
      "type": "Feature",
      "properties": {
        "h3": "89489e3408fffff",
        "score": 86.9
      },
      "geometry": {
        "type": "Polygon",
        "coordinates": [
          [
            [
              -97.77005562039889,
              30.270182949853794
            ],
            [
              -97.76869213639681,
              30.27170289250087
            ],
            [
              -97.76953885120953,
              30.273513121804584
            ],
            [
              -97.77174911167404,
              30.273803406602642
            ],
            [
              -97.77311260160202,
              30.272283438342438
            ],
            [
              -97.77226582514164,
              30.270473210897798
            ],
            [
              -97.77005562039889,
              30.270182949853794
            ],
            [
              -97.77005562039889,
              30.270182949853794
            ]
          ]
        ]
      }
    },
    {
      "type": "Feature",
      "properties": {
        "h3": "89489e34083ffff",
        "score": 81.9
      },
      "geometry": {
        "type": "Polygon",
        "coordinates": [
          [
            [
              -97.7705723615811,
              30.266852730419142
            ],
            [
              -97.76920891944133,
              30.26837270868402
            ],
            [
              -97.77005562039889,
              30.270182949853794
            ],
            [
              -97.77226582514164,
              30.270473210897798
            ],
            [
              -97.77362927320546,
              30.268953207017127
            ],
            [
              -97.77278251060451,
              30.267142967708747
            ],
            [
              -97.7705723615811,
              30.266852730419142
            ],
            [
              -97.7705723615811,
              30.266852730419142
            ]
          ]
        ]
      }
    },
    {
      "type": "Feature",
      "properties": {
        "h3": "89489e34093ffff",
        "score": 71.4
      },
      "geometry": {
        "type": "Polygon",
        "coordinates": [
          [
            [
              -97.77108907475835,
              30.263522463522953
            ],
            [
              -97.76972567447855,
              30.26504247739466
            ],
            [
              -97.7705723615811,
              30.266852730419142
            ],
            [
              -97.77278251060451,
              30.267142967708747
            ],
            [
              -97.77414591680645,
              30.26562292821858
            ],
            [
              -97.77329916806488,
              30.26381267705779
            ],
            [
              -97.77108907475835,
              30.263522463522953
            ],
            [
              -97.77108907475835,
              30.263522463522953
            ]
          ]
        ]
      }
    },
    {
      "type": "Feature",
      "properties": {
        "h3": "89489e3442bffff",
        "score": 66.1
      },
      "geometry": {
        "type": "Polygon",
        "coordinates": [
          [
            [
              -97.77160575993283,
              30.260192149187514
            ],
            [
              -97.77024240151069,
              30.26171219865507
            ],
            [
              -97.77108907475835,
              30.263522463522953
            ],
            [
              -97.77329916806488,
              30.26381267705779
            ],
            [
              -97.77466253240725,
              30.262292601969087
            ],
            [
              -97.77381579752489,
              30.26048233896722
            ],
            [
              -97.77160575993283,
              30.260192149187514
            ],
            [
              -97.77160575993283,
              30.260192149187514
            ]
          ]
        ]
      }
    },
    {
      "type": "Feature",
      "properties": {
        "h3": "89489e3443bffff",
        "score": 70.3
      },
      "geometry": {
        "type": "Polygon",
        "coordinates": [
          [
            [
              -97.77212241710671,
              30.256861787435152
            ],
            [
              -97.77075910053996,
              30.258381872487586
            ],
            [
              -97.77160575993283,
              30.260192149187514
            ],
            [
              -97.77381579752489,
              30.26048233896722
            ],
            [
              -97.77517912001002,
              30.258962228290958
            ],
            [
              -97.77433239898676,
              30.25715195345935
            ],
            [
              -97.77212241710671,
              30.256861787435152
            ],
            [
              -97.77212241710671,
              30.256861787435152
            ]
          ]
        ]
      }
    },
    {
      "type": "Feature",
      "properties": {
        "h3": "89489e3440fffff",
        "score": 85.3
      },
      "geometry": {
        "type": "Polygon",
        "coordinates": [
          [
            [
              -97.76906587109451,
              30.254761293581907
            ],
            [
              -97.76770256045509,
              30.25628135300866
            ],
            [
              -97.76854914436025,
              30.25809164339317
            ],
            [
              -97.77075910053996,
              30.258381872487586
            ],
            [
              -97.77212241710671,
              30.256861787435152
            ],
            [
              -97.77127577156853,
              30.25505149891449
            ],
            [
              -97.76906587109451,
              30.254761293581907
            ],
            [
              -97.76906587109451,
              30.254761293581907
            ]
          ]
        ]
      }
    },
    {
      "type": "Feature",
      "properties": {
        "h3": "89489e3440bffff",
        "score": 95.3
      },
      "geometry": {
        "type": "Polygon",
        "coordinates": [
          [
            [
              -97.76600948197878,
              30.252660746756387
            ],
            [
              -97.76464617727561,
              30.254180780555615
            ],
            [
              -97.76549268569492,
              30.255991084611168
            ],
            [
              -97.76770256045509,
              30.25628135300866
            ],
            [
              -97.76906587109451,
              30.254761293581907
            ],
            [
              -97.76821930103958,
              30.252950991385692
            ],
            [
              -97.76600948197878,
              30.252660746756387
            ],
            [
              -97.76600948197878,
              30.252660746756387
            ]
          ]
        ]
      }
    },
    {
      "type": "Feature",
      "properties": {
        "h3": "89489e34457ffff",
        "score": 93
      },
      "geometry": {
        "type": "Polygon",
        "coordinates": [
          [
            [
              -97.76295324976478,
              30.250560146983776
            ],
            [
              -97.76158995100681,
              30.25208015515362
            ],
            [
              -97.76243638394207,
              30.25389047286672
            ],
            [
              -97.76464617727561,
              30.254180780555615
            ],
            [
              -97.76600948197878,
              30.252660746756387
            ],
            [
              -97.76516298740523,
              30.250850430898154
            ],
            [
              -97.76295324976478,
              30.250560146983776
            ],
            [
              -97.76295324976478,
              30.250560146983776
            ]
          ]
        ]
      }
    },
    {
      "type": "Feature",
      "properties": {
        "h3": "89489e34453ffff",
        "score": 81.5
      },
      "geometry": {
        "type": "Polygon",
        "coordinates": [
          [
            [
              -97.75989717445785,
              30.24845949428923
            ],
            [
              -97.75853388165402,
              30.249979476827864
            ],
            [
              -97.75938023910706,
              30.25178980818499
            ],
            [
              -97.76158995100681,
              30.25208015515362
            ],
            [
              -97.76295324976478,
              30.250560146983776
            ],
            [
              -97.76210683067086,
              30.248749817477023
            ],
            [
              -97.75989717445785,
              30.24845949428923
            ],
            [
              -97.75989717445785,
              30.24845949428923
            ]
          ]
        ]
      }
    },
    {
      "type": "Feature",
      "properties": {
        "h3": "89489e37127ffff",
        "score": 71.1
      },
      "geometry": {
        "type": "Polygon",
        "coordinates": [
          [
            [
              -97.75684125606324,
              30.246358788697922
            ],
            [
              -97.75547796922254,
              30.247878745603476
            ],
            [
              -97.75632425119515,
              30.249689090591122
            ],
            [
              -97.75853388165402,
              30.249979476827864
            ],
            [
              -97.75989717445785,
              30.24845949428923
            ],
            [
              -97.75905083084172,
              30.246649151147462
            ],
            [
              -97.75684125606324,
              30.246358788697922
            ],
            [
              -97.75684125606324,
              30.246358788697922
            ]
          ]
        ]
      }
    },
    {
      "type": "Feature",
      "properties": {
        "h3": "89489e37123ffff",
        "score": 70
      },
      "geometry": {
        "type": "Polygon",
        "coordinates": [
          [
            [
              -97.75378549458632,
              30.24425803023505
            ],
            [
              -97.75242221371768,
              30.245777961505677
            ],
            [
              -97.7532684202117,
              30.247588320110328
            ],
            [
              -97.75547796922254,
              30.247878745603476
            ],
            [
              -97.75684125606324,
              30.246358788697922
            ],
            [
              -97.75599498792312,
              30.244548431934653
            ],
            [
              -97.75378549458632,
              30.24425803023505
            ],
            [
              -97.75378549458632,
              30.24425803023505
            ]
          ]
        ]
      }
    },
    {
      "type": "Feature",
      "properties": {
        "h3": "89489e3713bffff",
        "score": 76.8
      },
      "geometry": {
        "type": "Polygon",
        "coordinates": [
          [
            [
              -97.75072989003239,
              30.24215721892573
            ],
            [
              -97.74936661514468,
              30.243677124559607
            ],
            [
              -97.75021274616196,
              30.24548749676777
            ],
            [
              -97.75242221371768,
              30.245777961505677
            ],
            [
              -97.75378549458632,
              30.24425803023505
            ],
            [
              -97.75293930192035,
              30.24244765986377
            ],
            [
              -97.75072989003239,
              30.24215721892573
            ],
            [
              -97.75072989003239,
              30.24215721892573
            ]
          ]
        ]
      }
    },
    {
      "type": "Feature",
      "properties": {
        "h3": "89489e3710fffff",
        "score": 83.7
      },
      "geometry": {
        "type": "Polygon",
        "coordinates": [
          [
            [
              -97.74767444240668,
              30.240056354795176
            ],
            [
              -97.7463111735089,
              30.24157623479043
            ],
            [
              -97.74715722905121,
              30.2433866205886
            ],
            [
              -97.74936661514468,
              30.243677124559607
            ],
            [
              -97.75072989003239,
              30.24215721892573
            ],
            [
              -97.74988377283871,
              30.240346834959972
            ],
            [
              -97.74767444240668,
              30.240056354795176
            ],
            [
              -97.74767444240668,
              30.240056354795176
            ]
          ]
        ]
      }
    },
    {
      "type": "Feature",
      "properties": {
        "h3": "89489e3710bffff",
        "score": 84.5
      },
      "geometry": {
        "type": "Polygon",
        "coordinates": [
          [
            [
              -97.74461915171452,
              30.237955437868546
            ],
            [
              -97.7432558888156,
              30.239475292223347
            ],
            [
              -97.7441018688848,
              30.241285691597984
            ],
            [
              -97.7463111735089,
              30.24157623479043
            ],
            [
              -97.74767444240668,
              30.240056354795176
            ],
            [
              -97.74682840068353,
              30.238245957248452
            ],
            [
              -97.74461915171452,
              30.237955437868546
            ],
            [
              -97.74461915171452,
              30.237955437868546
            ]
          ]
        ]
      }
    },
    {
      "type": "Feature",
      "properties": {
        "h3": "89489e37147ffff",
        "score": 72.5
      },
      "geometry": {
        "type": "Polygon",
        "coordinates": [
          [
            [
              -97.74104666566797,
              30.239184709821124
            ],
            [
              -97.73968336694033,
              30.240704502975536
            ],
            [
              -97.74052928534866,
              30.242514904171284
            ],
            [
              -97.7427385641475,
              30.24280551039202
            ],
            [
              -97.7441018688848,
              30.241285691597984
            ],
            [
              -97.7432558888156,
              30.239475292223347
            ],
            [
              -97.74104666566797,
              30.239184709821124
            ],
            [
              -97.74104666566797,
              30.239184709821124
            ]
          ]
        ]
      }
    },
    {
      "type": "Feature",
      "properties": {
        "h3": "89489e3714fffff",
        "score": 67.8
      },
      "geometry": {
        "type": "Polygon",
        "coordinates": [
          [
            [
              -97.73747416963137,
              30.240413857550347
            ],
            [
              -97.73611083508548,
              30.24193358949693
            ],
            [
              -97.736956691826,
              30.243743992506968
            ],
            [
              -97.73916594478224,
              30.244034661756647
            ],
            [
              -97.74052928534866,
              30.242514904171284
            ],
            [
              -97.73968336694033,
              30.240704502975536
            ],
            [
              -97.73747416963137,
              30.240413857550347
            ],
            [
              -97.73747416963137,
              30.240413857550347
            ]
          ]
        ]
      }
    },
    {
      "type": "Feature",
      "properties": {
        "h3": "89489e373b3ffff",
        "score": 74
      },
      "geometry": {
        "type": "Polygon",
        "coordinates": [
          [
            [
              -97.73390166363255,
              30.24164288104813
            ],
            [
              -97.73253829327876,
              30.243162551779413
            ],
            [
              -97.73338408834454,
              30.24497295659694
            ],
            [
              -97.73559331544087,
              30.245263688876204
            ],
            [
              -97.736956691826,
              30.243743992506968
            ],
            [
              -97.73611083508548,
              30.24193358949693
            ],
            [
              -97.73390166363255,
              30.24164288104813
            ],
            [
              -97.73390166363255,
              30.24164288104813
            ]
          ]
        ]
      }
    },
    {
      "type": "Feature",
      "properties": {
        "h3": "89489e373bbffff",
        "score": 80.4
      },
      "geometry": {
        "type": "Polygon",
        "coordinates": [
          [
            [
              -97.7303291476992,
              30.242871780306363
            ],
            [
              -97.72896574154792,
              30.24439138981491
            ],
            [
              -97.72981147493202,
              30.246201796433112
            ],
            [
              -97.73202067615112,
              30.2464925917426
            ],
            [
              -97.73338408834454,
              30.24497295659694
            ],
            [
              -97.73253829327876,
              30.243162551779413
            ],
            [
              -97.7303291476992,
              30.242871780306363
            ],
            [
              -97.7303291476992,
              30.242871780306363
            ]
          ]
        ]
      }
    },
    {
      "type": "Feature",
      "properties": {
        "h3": "89489e37317ffff",
        "score": 77.4
      },
      "geometry": {
        "type": "Polygon",
        "coordinates": [
          [
            [
              -97.72675662185904,
              30.24410055531697
            ],
            [
              -97.7253931799207,
              30.245620103595336
            ],
            [
              -97.72623885161623,
              30.2474305120074
            ],
            [
              -97.72844802694074,
              30.247721370347747
            ],
            [
              -97.72981147493202,
              30.246201796433112
            ],
            [
              -97.72896574154792,
              30.24439138981491
            ],
            [
              -97.72675662185904,
              30.24410055531697
            ],
            [
              -97.72675662185904,
              30.24410055531697
            ]
          ]
        ]
      }
    },
    {
      "type": "Feature",
      "properties": {
        "h3": "89489e37303ffff",
        "score": 69.4
      },
      "geometry": {
        "type": "Polygon",
        "coordinates": [
          [
            [
              -97.72318408613984,
              30.245329206071865
            ],
            [
              -97.72182060842484,
              30.246848693112607
            ],
            [
              -97.72266621842489,
              30.248659103311724
            ],
            [
              -97.72487536783746,
              30.24895002468358
            ],
            [
              -97.72623885161623,
              30.2474305120074
            ],
            [
              -97.7253931799207,
              30.245620103595336
            ],
            [
              -97.72318408613984,
              30.245329206071865
            ],
            [
              -97.72318408613984,
              30.245329206071865
            ]
          ]
        ]
      }
    },
    {
      "type": "Feature",
      "properties": {
        "h3": "89489e3730bffff",
        "score": 69.1
      },
      "geometry": {
        "type": "Polygon",
        "coordinates": [
          [
            [
              -97.7196115405693,
              30.246557732562962
            ],
            [
              -97.71824802708808,
              30.248077158358626
            ],
            [
              -97.7190935753857,
              30.249887570338007
            ],
            [
              -97.72130269886901,
              30.250178554741975
            ],
            [
              -97.72266621842489,
              30.248659103311724
            ],
            [
              -97.72182060842484,
              30.246848693112607
            ],
            [
              -97.7196115405693,
              30.246557732562962
            ],
            [
              -97.7196115405693,
              30.246557732562962
            ]
          ]
        ]
      }
    },
    {
      "type": "Feature",
      "properties": {
        "h3": "89489e37347ffff",
        "score": 79.1
      },
      "geometry": {
        "type": "Polygon",
        "coordinates": [
          [
            [
              -97.7160389851752,
              30.247786134782203
            ],
            [
              -97.71467543593812,
              30.249305499325352
            ],
            [
              -97.71552092252642,
              30.251115913078177
            ],
            [
              -97.71773002006316,
              30.25140696051491
            ],
            [
              -97.7190935753857,
              30.249887570338007
            ],
            [
              -97.71824802708808,
              30.248077158358626
            ],
            [
              -97.7160389851752,
              30.247786134782203
            ],
            [
              -97.7160389851752,
              30.247786134782203
            ]
          ]
        ]
      }
    },
    {
      "type": "Feature",
      "properties": {
        "h3": "89489e3737bffff",
        "score": 87.5
      },
      "geometry": {
        "type": "Polygon",
        "coordinates": [
          [
            [
              -97.71552092252642,
              30.251115913078177
            ],
            [
              -97.71415733144764,
              30.252635241994273
            ],
            [
              -97.71500283181621,
              30.254445643977657
            ],
            [
              -97.71721198497927,
              30.25473671527432
            ],
            [
              -97.7185755821454,
              30.253217360727163
            ],
            [
              -97.71773002006316,
              30.25140696051491
            ],
            [
              -97.71552092252642,
              30.251115913078177
            ],
            [
              -97.71552092252642,
              30.251115913078177
            ]
          ]
        ]
      }
    },
    {
      "type": "Feature",
      "properties": {
        "h3": "89489e3736bffff",
        "score": 86.3
      },
      "geometry": {
        "type": "Polygon",
        "coordinates": [
          [
            [
              -97.71500283181621,
              30.254445643977657
            ],
            [
              -97.71363919889342,
              30.255964937255733
            ],
            [
              -97.7144847130424,
              30.257775327458354
            ],
            [
              -97.71669392183418,
              30.258066422614593
            ],
            [
              -97.71805756084622,
              30.256547103708137
            ],
            [
              -97.71721198497927,
              30.25473671527432
            ],
            [
              -97.71500283181621,
              30.254445643977657
            ],
            [
              -97.71500283181621,
              30.254445643977657
            ]
          ]
        ]
      }
    },
    {
      "type": "Feature",
      "properties": {
        "h3": "89489e355d3ffff",
        "score": 79.1
      },
      "geometry": {
        "type": "Polygon",
        "coordinates": [
          [
            [
              -97.7144847130424,
              30.257775327458354
            ],
            [
              -97.71312103827329,
              30.25929458508745
            ],
            [
              -97.71396656620277,
              30.26110496349797
            ],
            [
              -97.71617583062572,
              30.261396082513407
            ],
            [
              -97.71753951148597,
              30.259876799258613
            ],
            [
              -97.71669392183418,
              30.258066422614593
            ],
            [
              -97.7144847130424,
              30.257775327458354
            ],
            [
              -97.7144847130424,
              30.257775327458354
            ]
          ]
        ]
      }
    },
    {
      "type": "Feature",
      "properties": {
        "h3": "89489e355c3ffff",
        "score": 76.5
      },
      "geometry": {
        "type": "Polygon",
        "coordinates": [
          [
            [
              -97.71396656620277,
              30.26110496349797
            ],
            [
              -97.71260284958504,
              30.262624185467118
            ],
            [
              -97.71344839129515,
              30.264434552074206
            ],
            [
              -97.71565771135167,
              30.26472569494849
            ],
            [
              -97.71702143406245,
              30.263206447356318
            ],
            [
              -97.71617583062572,
              30.261396082513407
            ],
            [
              -97.71396656620277,
              30.26110496349797
            ],
            [
              -97.71396656620277,
              30.26110496349797
            ]
          ]
        ]
      }
    },
    {
      "type": "Feature",
      "properties": {
        "h3": "89489e355cfffff",
        "score": 83.2
      },
      "geometry": {
        "type": "Polygon",
        "coordinates": [
          [
            [
              -97.71344839129515,
              30.264434552074206
            ],
            [
              -97.71208463282647,
              30.265953738372453
            ],
            [
              -97.71293018831733,
              30.26776409316479
            ],
            [
              -97.71513956400985,
              30.268055259897533
            ],
            [
              -97.71650332857347,
              30.266536047978967
            ],
            [
              -97.71565771135167,
              30.26472569494849
            ],
            [
              -97.71344839129515,
              30.264434552074206
            ],
            [
              -97.71344839129515,
              30.264434552074206
            ]
          ]
        ]
      }
    },
    {
      "type": "Feature",
      "properties": {
        "h3": "89489e35557ffff",
        "score": 91.9
      },
      "geometry": {
        "type": "Polygon",
        "coordinates": [
          [
            [
              -97.71293018831733,
              30.26776409316479
            ],
            [
              -97.71156638799542,
              30.269283243781157
            ],
            [
              -97.71241195726712,
              30.2710935867474
            ],
            [
              -97.71462138859806,
              30.271384777338255
            ],
            [
              -97.71598519501683,
              30.26986560110424
            ],
            [
              -97.71513956400985,
              30.268055259897533
            ],
            [
              -97.71293018831733,
              30.26776409316479
            ],
            [
              -97.71293018831733,
              30.26776409316479
            ]
          ]
        ]
      }
    },
    {
      "type": "Feature",
      "properties": {
        "h3": "89489e35547ffff",
        "score": 92.7
      },
      "geometry": {
        "type": "Polygon",
        "coordinates": [
          [
            [
              -97.71241195726712,
              30.2710935867474
            ],
            [
              -97.71104811508961,
              30.272612701670944
            ],
            [
              -97.7118936981423,
              30.27442303279977
            ],
            [
              -97.71410318511411,
              30.274714247248358
            ],
            [
              -97.71546703339034,
              30.27319510670986
            ],
            [
              -97.71462138859806,
              30.271384777338255
            ],
            [
              -97.71241195726712,
              30.2710935867474
            ],
            [
              -97.71241195726712,
              30.2710935867474
            ]
          ]
        ]
      }
    },
    {
      "type": "Feature",
      "properties": {
        "h3": "89489e3557bffff",
        "score": 84.4
      },
      "geometry": {
        "type": "Polygon",
        "coordinates": [
          [
            [
              -97.7118936981423,
              30.27442303279977
            ],
            [
              -97.71052981410693,
              30.27594211201952
            ],
            [
              -97.7113754109407,
              30.27775243129962
            ],
            [
              -97.7135849535558,
              30.278043669605555
            ],
            [
              -97.71494884369179,
              30.27652456477353
            ],
            [
              -97.71410318511411,
              30.274714247248358
            ],
            [
              -97.7118936981423,
              30.27442303279977
            ],
            [
              -97.7118936981423,
              30.27442303279977
            ]
          ]
        ]
      }
    },
    {
      "type": "Feature",
      "properties": {
        "h3": "89489e3556bffff",
        "score": 76.6
      },
      "geometry": {
        "type": "Polygon",
        "coordinates": [
          [
            [
              -97.7113754109407,
              30.27775243129962
            ],
            [
              -97.71001148504514,
              30.27927147480461
            ],
            [
              -97.71085709566012,
              30.28108178222464
            ],
            [
              -97.71306669392092,
              30.28137304438758
            ],
            [
              -97.71443062591901,
              30.27985397527299
            ],
            [
              -97.7135849535558,
              30.278043669605555
            ],
            [
              -97.7113754109407,
              30.27775243129962
            ],
            [
              -97.7113754109407,
              30.27775243129962
            ]
          ]
        ]
      }
    },
    {
      "type": "Feature",
      "properties": {
        "h3": "89489e3556fffff",
        "score": 74.6
      },
      "geometry": {
        "type": "Polygon",
        "coordinates": [
          [
            [
              -97.71443062591901,
              30.27985397527299
            ],
            [
              -97.71306669392092,
              30.28137304438758
            ],
            [
              -97.71391238006974,
              30.28318333818593
            ],
            [
              -97.71612205996436,
              30.283474561113085
            ],
            [
              -97.71748599805602,
              30.281955466390723
            ],
            [
              -97.71664025016156,
              30.28014517434948
            ],
            [
              -97.71443062591901,
              30.27985397527299
            ],
            [
              -97.71443062591901,
              30.27985397527299
            ]
          ]
        ]
      }
    },
    {
      "type": "Feature",
      "properties": {
        "h3": "89489e3519bffff",
        "score": 71.4
      },
      "geometry": {
        "type": "Polygon",
        "coordinates": [
          [
            [
              -97.71748599805602,
              30.281955466390723
            ],
            [
              -97.71612205996436,
              30.283474561113085
            ],
            [
              -97.71696782164891,
              30.285284841276244
            ],
            [
              -97.71917758317022,
              30.28557602495595
            ],
            [
              -97.72054152734657,
              30.284056904627676
            ],
            [
              -97.71969570391897,
              30.28224662622611
            ],
            [
              -97.71748599805602,
              30.281955466390723
            ],
            [
              -97.71748599805602,
              30.281955466390723
            ]
          ]
        ]
      }
    },
    {
      "type": "Feature",
      "properties": {
        "h3": "89489e35183ffff",
        "score": 73.4
      },
      "geometry": {
        "type": "Polygon",
        "coordinates": [
          [
            [
              -97.72054152734657,
              30.284056904627676
            ],
            [
              -97.71917758317022,
              30.28557602495595
            ],
            [
              -97.72002342039234,
              30.28738629147041
            ],
            [
              -97.72223326353327,
              30.287677435891005
            ],
            [
              -97.72359721378534,
              30.286158289958628
            ],
            [
              -97.72275131482279,
              30.28434802521026
            ],
            [
              -97.72054152734657,
              30.284056904627676
            ],
            [
              -97.72054152734657,
              30.284056904627676
            ]
          ]
        ]
      }
    },
    {
      "type": "Feature",
      "properties": {
        "h3": "89489e35187ffff",
        "score": 82.2
      },
      "geometry": {
        "type": "Polygon",
        "coordinates": [
          [
            [
              -97.72359721378534,
              30.286158289958628
            ],
            [
              -97.72223326353327,
              30.287677435891005
            ],
            [
              -97.72307917629477,
              30.289487688743247
            ],
            [
              -97.72528910104823,
              30.289778793893046
            ],
            [
              -97.7266530573671,
              30.288259622358424
            ],
            [
              -97.72580708286775,
              30.28644937127676
            ],
            [
              -97.72359721378534,
              30.286158289958628
            ],
            [
              -97.72359721378534,
              30.286158289958628
            ]
          ]
        ]
      }
    },
    {
      "type": "Feature",
      "properties": {
        "h3": "89489e351b3ffff",
        "score": 91.3
      },
      "geometry": {
        "type": "Polygon",
        "coordinates": [
          [
            [
              -97.7266530573671,
              30.288259622358424
            ],
            [
              -97.72528910104823,
              30.289778793893046
            ],
            [
              -97.72613508935099,
              30.29158903306958
            ],
            [
              -97.72834509570988,
              30.291880098936907
            ],
            [
              -97.72970905808656,
              30.290360901801876
            ],
            [
              -97.72886300804859,
              30.28855066440042
            ],
            [
              -97.7266530573671,
              30.288259622358424
            ],
            [
              -97.7266530573671,
              30.288259622358424
            ]
          ]
        ]
      }
    },
    {
      "type": "Feature",
      "properties": {
        "h3": "89489e351b7ffff",
        "score": 91.9
      },
      "geometry": {
        "type": "Polygon",
        "coordinates": [
          [
            [
              -97.72970905808656,
              30.290360901801876
            ],
            [
              -97.72834509570988,
              30.291880098936907
            ],
            [
              -97.7291911595557,
              30.293690324424208
            ],
            [
              -97.73140124751289,
              30.293981350997406
            ],
            [
              -97.7327652159385,
              30.292462128263793
            ],
            [
              -97.73191909036005,
              30.290651904556064
            ],
            [
              -97.72970905808656,
              30.290360901801876
            ],
            [
              -97.72970905808656,
              30.290360901801876
            ]
          ]
        ]
      }
    },
    {
      "type": "Feature",
      "properties": {
        "h3": "89489e3426bffff",
        "score": 81.5
      },
      "geometry": {
        "type": "Polygon",
        "coordinates": [
          [
            [
              -97.7327652159385,
              30.292462128263793
            ],
            [
              -97.73140124751289,
              30.293981350997406
            ],
            [
              -97.73224738690362,
              30.295791562781965
            ],
            [
              -97.73445755645201,
              30.29608255004936
            ],
            [
              -97.73582153091759,
              30.294563301719002
            ],
            [
              -97.73497532979685,
              30.292753091718513
            ],
            [
              -97.7327652159385,
              30.292462128263793
            ],
            [
              -97.7327652159385,
              30.292462128263793
            ]
          ]
        ]
      }
    },
    {
      "type": "Feature",
      "properties": {
        "h3": "89489e3426fffff",
        "score": 67.6
      },
      "geometry": {
        "type": "Polygon",
        "coordinates": [
          [
            [
              -97.73582153091759,
              30.294563301719002
            ],
            [
              -97.73445755645201,
              30.29608255004936
            ],
            [
              -97.7353037713895,
              30.29789274811768
            ],
            [
              -97.737514022522,
              30.298183696067586
            ],
            [
              -97.7388780030186,
              30.296664422142342
            ],
            [
              -97.73803172635371,
              30.294854225862586
            ],
            [
              -97.73582153091759,
              30.294563301719002
            ],
            [
              -97.73582153091759,
              30.294563301719002
            ]
          ]
        ]
      }
    },
    {
      "type": "Feature",
      "properties": {
        "h3": "89489e35c9bffff",
        "score": 61.3
      },
      "geometry": {
        "type": "Polygon",
        "coordinates": [
          [
            [
              -97.7388780030186,
              30.296664422142342
            ],
            [
              -97.737514022522,
              30.298183696067586
            ],
            [
              -97.73836031300806,
              30.29999388040614
            ],
            [
              -97.74057064571755,
              30.300284789026907
            ],
            [
              -97.74193463223621,
              30.29876548950859
            ],
            [
              -97.74108828002537,
              30.296955306963106
            ],
            [
              -97.7388780030186,
              30.296664422142342
            ],
            [
              -97.7388780030186,
              30.296664422142342
            ]
          ]
        ]
      }
    },
    {
      "type": "Feature",
      "properties": {
        "h3": "89489e35c93ffff",
        "score": 69
      },
      "geometry": {
        "type": "Polygon",
        "coordinates": [
          [
            [
              -97.74245222466487,
              30.29543597170325
            ],
            [
              -97.74108828002537,
              30.296955306963106
            ],
            [
              -97.74193463223621,
              30.29876548950859
            ],
            [
              -97.74414499080652,
              30.29905633499488
            ],
            [
              -97.74550894145727,
              30.297536974141128
            ],
            [
              -97.74466252752853,
              30.2957267933955
            ],
            [
              -97.74245222466487,
              30.29543597170325
            ],
            [
              -97.74245222466487,
              30.29543597170325
            ]
          ]
        ]
      }
    },
    {
      "type": "Feature",
      "properties": {
        "h3": "89489e3422fffff",
        "score": 80.2
      },
      "geometry": {
        "type": "Polygon",
        "coordinates": [
          [
            [
              -97.74602643630054,
              30.29420739680849
            ],
            [
              -97.74466252752853,
              30.2957267933955
            ],
            [
              -97.74550894145727,
              30.297536974141128
            ],
            [
              -97.74771932587102,
              30.29782775649357
            ],
            [
              -97.74908324064342,
              30.296308334311817
            ],
            [
              -97.74823676500375,
              30.294498155372867
            ],
            [
              -97.74602643630054,
              30.29420739680849
            ],
            [
              -97.74602643630054,
              30.29420739680849
            ]
          ]
        ]
      }
    },
    {
      "type": "Feature",
      "properties": {
        "h3": "89489e34227ffff",
        "score": 82.6
      },
      "geometry": {
        "type": "Polygon",
        "coordinates": [
          [
            [
              -97.74960063789787,
              30.29297869746612
            ],
            [
              -97.74823676500375,
              30.294498155372867
            ],
            [
              -97.74908324064342,
              30.296308334311817
            ],
            [
              -97.75129365088324,
              30.296599053531036
            ],
            [
              -97.7526575297669,
              30.295079570028726
            ],
            [
              -97.75181099242324,
              30.293269392903266
            ],
            [
              -97.74960063789787,
              30.29297869746612
            ],
            [
              -97.74960063789787,
              30.29297869746612
            ]
          ]
        ]
      }
    },
    {
      "type": "Feature",
      "properties": {
        "h3": "89489e343cbffff",
        "score": 76.9
      },
      "geometry": {
        "type": "Polygon",
        "coordinates": [
          [
            [
              -97.75317482942901,
              30.291749873684243
            ],
            [
              -97.75181099242324,
              30.293269392903266
            ],
            [
              -97.7526575297669,
              30.295079570028726
            ],
            [
              -97.75486796581545,
              30.295370226115395
            ],
            [
              -97.75623180879994,
              30.29385068129996
            ],
            [
              -97.7553852097592,
              30.29204050599479
            ],
            [
              -97.75317482942901,
              30.291749873684243
            ],
            [
              -97.75317482942901,
              30.291749873684243
            ]
          ]
        ]
      }
    },
    {
      "type": "Feature",
      "properties": {
        "h3": "89489e343c3ffff",
        "score": 74.9
      },
      "geometry": {
        "type": "Polygon",
        "coordinates": [
          [
            [
              -97.75674901086624,
              30.290520925470943
            ],
            [
              -97.7553852097592,
              30.29204050599479
            ],
            [
              -97.75623180879994,
              30.29385068129996
            ],
            [
              -97.75844227063985,
              30.2941412742547
            ],
            [
              -97.75980607771476,
              30.292621668133606
            ],
            [
              -97.7589594169839,
              30.29081149465552
            ],
            [
              -97.75674901086624,
              30.290520925470943
            ],
            [
              -97.75674901086624,
              30.290520925470943
            ]
          ]
        ]
      }
    },
    {
      "type": "Feature",
      "properties": {
        "h3": "89489e343d7ffff",
        "score": 82.9
      },
      "geometry": {
        "type": "Polygon",
        "coordinates": [
          [
            [
              -97.76032318218176,
              30.28929185283429
            ],
            [
              -97.7589594169839,
              30.29081149465552
            ],
            [
              -97.75980607771476,
              30.292621668133606
            ],
            [
              -97.76201656532868,
              30.292912197957055
            ],
            [
              -97.76338033648356,
              30.29139253053775
            ],
            [
              -97.76253361406955,
              30.289582358893576
            ],
            [
              -97.76032318218176,
              30.28929185283429
            ],
            [
              -97.76032318218176,
              30.28929185283429
            ]
          ]
        ]
      }
    },
    {
      "type": "Feature",
      "properties": {
        "h3": "89489e3439bffff",
        "score": 92
      },
      "geometry": {
        "type": "Polygon",
        "coordinates": [
          [
            [
              -97.76389734334784,
              30.2880626557824
            ],
            [
              -97.76253361406955,
              30.289582358893576
            ],
            [
              -97.76338033648356,
              30.29139253053775
            ],
            [
              -97.7655908498541,
              30.291682997230563
            ],
            [
              -97.76695458507858,
              30.2901632685205
            ],
            [
              -97.76610780098835,
              30.288353098717014
            ],
            [
              -97.76389734334784,
              30.2880626557824
            ],
            [
              -97.76389734334784,
              30.2880626557824
            ]
          ]
        ]
      }
    },
    {
      "type": "Feature",
      "properties": {
        "h3": "89489e34393ffff",
        "score": 90.3
      },
      "geometry": {
        "type": "Polygon",
        "coordinates": [
          [
            [
              -97.76747149433662,
              30.286833334323365
            ],
            [
              -97.76610780098835,
              30.288353098717014
            ],
            [
              -97.76695458507858,
              30.2901632685205
            ],
            [
              -97.76916512418843,
              30.290453672083313
            ],
            [
              -97.77052882347208,
              30.288933882089925
            ],
            [
              -97.76968197771255,
              30.28712371413397
            ],
            [
              -97.76747149433662,
              30.286833334323365
            ],
            [
              -97.76747149433662,
              30.286833334323365
            ]
          ]
        ]
      }
    },
    {
      "type": "Feature",
      "properties": {
        "h3": "89489e3402fffff",
        "score": 78.4
      },
      "geometry": {
        "type": "Polygon",
        "coordinates": [
          [
            [
              -97.77104563512043,
              30.28560388846528
            ],
            [
              -97.76968197771255,
              30.28712371413397
            ],
            [
              -97.77052882347208,
              30.288933882089925
            ],
            [
              -97.77273938830385,
              30.2892242225234
            ],
            [
              -97.77410305163622,
              30.28770437125417
            ],
            [
              -97.77325614421436,
              30.28589420515252
            ],
            [
              -97.77104563512043,
              30.28560388846528
            ],
            [
              -97.77104563512043,
              30.28560388846528
            ]
          ]
        ]
      }
    },
    {
      "type": "Feature",
      "properties": {
        "h3": "89489e34023ffff",
        "score": 69.4
      },
      "geometry": {
        "type": "Polygon",
        "coordinates": [
          [
            [
              -97.77156241875541,
              30.28227384725593
            ],
            [
              -97.77019880322095,
              30.28379370858893
            ],
            [
              -97.77104563512043,
              30.28560388846528
            ],
            [
              -97.77325614421436,
              30.28589420515252
            ],
            [
              -97.77461976567142,
              30.284374318216273
            ],
            [
              -97.77377287211395,
              30.282564140196545
            ],
            [
              -97.77156241875541,
              30.28227384725593
            ],
            [
              -97.77156241875541,
              30.28227384725593
            ]
          ]
        ]
      }
    },
    {
      "type": "Feature",
      "properties": {
        "h3": "89489e34033ffff",
        "score": 63.3
      },
      "geometry": {
        "type": "Polygon",
        "coordinates": [
          [
            [
              -97.7720791743792,
              30.278943758484125
            ],
            [
              -97.77071560071589,
              30.280463655470513
            ],
            [
              -97.77156241875541,
              30.28227384725593
            ],
            [
              -97.77377287211395,
              30.282564140196545
            ],
            [
              -97.77513645169799,
              30.281044217604258
            ],
            [
              -97.7742895720048,
              30.279234027677784
            ],
            [
              -97.7720791743792,
              30.278943758484125
            ],
            [
              -97.7720791743792,
              30.278943758484125
            ]
          ]
        ]
      }
    },
    {
      "type": "Feature",
      "properties": {
        "h3": "89489e340abffff",
        "score": 66.8
      },
      "geometry": {
        "type": "Polygon",
        "coordinates": [
          [
            [
              -97.77259590199402,
              30.2756136221722
            ],
            [
              -97.77123237019954,
              30.277133554800983
            ],
            [
              -97.7720791743792,
              30.278943758484125
            ],
            [
              -97.7742895720048,
              30.279234027677784
            ],
            [
              -97.77565310971814,
              30.277714069440414
            ],
            [
              -97.77480624388907,
              30.275903867618513
            ],
            [
              -97.77259590199402,
              30.2756136221722
            ],
            [
              -97.77259590199402,
              30.2756136221722
            ]
          ]
        ]
      }
    },
    {
      "type": "Feature",
      "properties": {
        "h3": "89489e340bbffff",
        "score": 75
      },
      "geometry": {
        "type": "Polygon",
        "coordinates": [
          [
            [
              -97.77311260160202,
              30.272283438342438
            ],
            [
              -97.77174911167404,
              30.273803406602642
            ],
            [
              -97.77259590199402,
              30.2756136221722
            ],
            [
              -97.77480624388907,
              30.275903867618513
            ],
            [
              -97.77616973973403,
              30.274383873747038
            ],
            [
              -97.77532288776901,
              30.272573660041036
            ],
            [
              -97.77311260160202,
              30.272283438342438
            ],
            [
              -97.77311260160202,
              30.272283438342438
            ]
          ]
        ]
      }
    },
    {
      "type": "Feature",
      "properties": {
        "h3": "89489e34087ffff",
        "score": 77.3
      },
      "geometry": {
        "type": "Polygon",
        "coordinates": [
          [
            [
              -97.77362927320546,
              30.268953207017127
            ],
            [
              -97.77226582514164,
              30.270473210897798
            ],
            [
              -97.77311260160202,
              30.272283438342438
            ],
            [
              -97.77532288776901,
              30.272573660041036
            ],
            [
              -97.77668634174788,
              30.27105363054641
            ],
            [
              -97.77583950364676,
              30.269243404967646
            ],
            [
              -97.77362927320546,
              30.268953207017127
            ],
            [
              -97.77362927320546,
              30.268953207017127
            ]
          ]
        ]
      }
    },
    {
      "type": "Feature",
      "properties": {
        "h3": "89489e34097ffff",
        "score": 70.3
      },
      "geometry": {
        "type": "Polygon",
        "coordinates": [
          [
            [
              -97.77414591680645,
              30.26562292821858
            ],
            [
              -97.77278251060451,
              30.267142967708747
            ],
            [
              -97.77362927320546,
              30.268953207017127
            ],
            [
              -97.77583950364676,
              30.269243404967646
            ],
            [
              -97.7772029157619,
              30.267723339860858
            ],
            [
              -97.77635609152458,
              30.265913102420676
            ],
            [
              -97.77414591680645,
              30.26562292821858
            ],
            [
              -97.77414591680645,
              30.26562292821858
            ]
          ]
        ]
      }
    },
    {
      "type": "Feature",
      "properties": {
        "h3": "89489e3442fffff",
        "score": 61.9
      },
      "geometry": {
        "type": "Polygon",
        "coordinates": [
          [
            [
              -97.77466253240725,
              30.262292601969087
            ],
            [
              -97.77329916806488,
              30.26381267705779
            ],
            [
              -97.77414591680645,
              30.26562292821858
            ],
            [
              -97.77635609152458,
              30.265913102420676
            ],
            [
              -97.77771946177825,
              30.26439300171267
            ],
            [
              -97.77687265140457,
              30.262582752422386
            ],
            [
              -97.77466253240725,
              30.262292601969087
            ],
            [
              -97.77466253240725,
              30.262292601969087
            ]
          ]
        ]
      }
    },
    {
      "type": "Feature",
      "properties": {
        "h3": "89489e34423ffff",
        "score": 61.8
      },
      "geometry": {
        "type": "Polygon",
        "coordinates": [
          [
            [
              -97.77517912001002,
              30.258962228290958
            ],
            [
              -97.77381579752489,
              30.26048233896722
            ],
            [
              -97.77466253240725,
              30.262292601969087
            ],
            [
              -97.77687265140457,
              30.262582752422386
            ],
            [
              -97.77823597979913,
              30.261062616124153
            ],
            [
              -97.77738918328897,
              30.259252354995105
            ],
            [
              -97.77517912001002,
              30.258962228290958
            ],
            [
              -97.77517912001002,
              30.258962228290958
            ]
          ]
        ]
      }
    },
    {
      "type": "Feature",
      "properties": {
        "h3": "89489e34433ffff",
        "score": 69.7
      },
      "geometry": {
        "type": "Polygon",
        "coordinates": [
          [
            [
              -97.77569567961694,
              30.2556318072065
            ],
            [
              -97.77433239898676,
              30.25715195345935
            ],
            [
              -97.77517912001002,
              30.258962228290958
            ],
            [
              -97.77738918328897,
              30.259252354995105
            ],
            [
              -97.77875246982673,
              30.257732183117604
            ],
            [
              -97.77790568718,
              30.255921910161117
            ],
            [
              -97.77569567961694,
              30.2556318072065
            ],
            [
              -97.77569567961694,
              30.2556318072065
            ]
          ]
        ]
      }
    },
    {
      "type": "Feature",
      "properties": {
        "h3": "89489e34407ffff",
        "score": 76.7
      },
      "geometry": {
        "type": "Polygon",
        "coordinates": [
          [
            [
              -97.77263904628224,
              30.253531378288145
            ],
            [
              -97.77127577156853,
              30.25505149891449
            ],
            [
              -97.77212241710671,
              30.256861787435152
            ],
            [
              -97.77433239898676,
              30.25715195345935
            ],
            [
              -97.77569567961694,
              30.2556318072065
            ],
            [
              -97.77484897245265,
              30.25382152055648
            ],
            [
              -97.77263904628224,
              30.253531378288145
            ],
            [
              -97.77263904628224,
              30.253531378288145
            ]
          ]
        ]
      }
    },
    {
      "type": "Feature",
      "properties": {
        "h3": "89489e34403ffff",
        "score": 86.9
      },
      "geometry": {
        "type": "Polygon",
        "coordinates": [
          [
            [
              -97.76958256982783,
              30.251430896387713
            ],
            [
              -97.76821930103958,
              30.252950991385692
            ],
            [
              -97.76906587109451,
              30.254761293581907
            ],
            [
              -97.77127577156853,
              30.25505149891449
            ],
            [
              -97.77263904628224,
              30.253531378288145
            ],
            [
              -97.77179241459855,
              30.25172107795809
            ],
            [
              -97.76958256982783,
              30.251430896387713
            ],
            [
              -97.76958256982783,
              30.251430896387713
            ]
          ]
        ]
      }
    },
    {
      "type": "Feature",
      "properties": {
        "h3": "89489e3441bffff",
        "score": 91.5
      },
      "geometry": {
        "type": "Polygon",
        "coordinates": [
          [
            [
              -97.76652625025913,
              30.24933036153038
            ],
            [
              -97.76516298740523,
              30.250850430898154
            ],
            [
              -97.76600948197878,
              30.252660746756387
            ],
            [
              -97.76821930103958,
              30.252950991385692
            ],
            [
              -97.76958256982783,
              30.251430896387713
            ],
            [
              -97.76873601362298,
              30.24962058239114
            ],
            [
              -97.76652625025913,
              30.24933036153038
            ],
            [
              -97.76652625025913,
              30.24933036153038
            ]
          ]
        ]
      }
    },
    {
      "type": "Feature",
      "properties": {
        "h3": "89489e344cfffff",
        "score": 85.3
      },
      "geometry": {
        "type": "Polygon",
        "coordinates": [
          [
            [
              -97.76347008758142,
              30.247229773741296
            ],
            [
              -97.76210683067086,
              30.248749817477023
            ],
            [
              -97.76295324976478,
              30.250560146983776
            ],
            [
              -97.76516298740523,
              30.250850430898154
            ],
            [
              -97.76652625025913,
              30.24933036153038
            ],
            [
              -97.76567976953127,
              30.24752003388079
            ],
            [
              -97.76347008758142,
              30.247229773741296
            ],
            [
              -97.76347008758142,
              30.247229773741296
            ]
          ]
        ]
      }
    },
    {
      "type": "Feature",
      "properties": {
        "h3": "89489e344cbffff",
        "score": 72.6
      },
      "geometry": {
        "type": "Polygon",
        "coordinates": [
          [
            [
              -97.7604140818,
              30.245129133045648
            ],
            [
              -97.75905083084172,
              30.246649151147462
            ],
            [
              -97.75989717445785,
              30.24845949428923
            ],
            [
              -97.76210683067086,
              30.248749817477023
            ],
            [
              -97.76347008758142,
              30.247229773741296
            ],
            [
              -97.76262368232874,
              30.2454194324522
            ],
            [
              -97.7604140818,
              30.245129133045648
            ],
            [
              -97.7604140818,
              30.245129133045648
            ]
          ]
        ]
      }
    },
    {
      "type": "Feature",
      "properties": {
        "h3": "89489e37137ffff",
        "score": 64.2
      },
      "geometry": {
        "type": "Polygon",
        "coordinates": [
          [
            [
              -97.75735823292018,
              30.243028439468592
            ],
            [
              -97.75599498792312,
              30.244548431934653
            ],
            [
              -97.75684125606324,
              30.246358788697922
            ],
            [
              -97.75905083084172,
              30.246649151147462
            ],
            [
              -97.7604140818,
              30.245129133045648
            ],
            [
              -97.75956775202067,
              30.243318778130547
            ],
            [
              -97.75735823292018,
              30.243028439468592
            ],
            [
              -97.75735823292018,
              30.243028439468592
            ]
          ]
        ]
      }
    },
    {
      "type": "Feature",
      "properties": {
        "h3": "89489e37133ffff",
        "score": 67.6
      },
      "geometry": {
        "type": "Polygon",
        "coordinates": [
          [
            [
              -97.75430254094728,
              30.240927693035303
            ],
            [
              -97.75293930192035,
              30.24244765986377
            ],
            [
              -97.75378549458632,
              30.24425803023505
            ],
            [
              -97.75599498792312,
              30.244548431934653
            ],
            [
              -97.75735823292018,
              30.243028439468592
            ],
            [
              -97.7565119786124,
              30.24121807094102
            ],
            [
              -97.75430254094728,
              30.240927693035303
            ],
            [
              -97.75430254094728,
              30.240927693035303
            ]
          ]
        ]
      }
    },
    {
      "type": "Feature",
      "properties": {
        "h3": "89489e37107ffff",
        "score": 79.9
      },
      "geometry": {
        "type": "Polygon",
        "coordinates": [
          [
            [
              -97.75124700588655,
              30.23882689377096
            ],
            [
              -97.74988377283871,
              30.240346834959972
            ],
            [
              -97.75072989003239,
              30.24215721892573
            ],
            [
              -97.75293930192035,
              30.24244765986377
            ],
            [
              -97.75430254094728,
              30.240927693035303
            ],
            [
              -97.75345636210919,
              30.239117310908757
            ],
            [
              -97.75124700588655,
              30.23882689377096
            ],
            [
              -97.75124700588655,
              30.23882689377096
            ]
          ]
        ]
      }
    },
    {
      "type": "Feature",
      "properties": {
        "h3": "89489e37103ffff",
        "score": 90.4
      },
      "geometry": {
        "type": "Polygon",
        "coordinates": [
          [
            [
              -97.74819162774334,
              30.23672604170073
            ],
            [
              -97.74682840068353,
              30.238245957248452
            ],
            [
              -97.74767444240668,
              30.240056354795176
            ],
            [
              -97.74988377283871,
              30.240346834959972
            ],
            [
              -97.75124700588655,
              30.23882689377096
            ],
            [
              -97.75040090251638,
              30.23701649805895
            ],
            [
              -97.74819162774334,
              30.23672604170073
            ],
            [
              -97.74819162774334,
              30.23672604170073
            ]
          ]
        ]
      }
    },
    {
      "type": "Feature",
      "properties": {
        "h3": "89489e3711bffff",
        "score": 90.5
      },
      "geometry": {
        "type": "Polygon",
        "coordinates": [
          [
            [
              -97.7451364065229,
              30.234625136849765
            ],
            [
              -97.74377318546003,
              30.236145026754357
            ],
            [
              -97.74461915171452,
              30.237955437868546
            ],
            [
              -97.74682840068353,
              30.238245957248452
            ],
            [
              -97.74819162774334,
              30.23672604170073
            ],
            [
              -97.74734559983924,
              30.234915632416758
            ],
            [
              -97.7451364065229,
              30.234625136849765
            ],
            [
              -97.7451364065229,
              30.234625136849765
            ]
          ]
        ]
      }
    },
    {
      "type": "Feature",
      "properties": {
        "h3": "89489e37157ffff",
        "score": 80.3
      },
      "geometry": {
        "type": "Polygon",
        "coordinates": [
          [
            [
              -97.74156401796117,
              30.235854468171016
            ],
            [
              -97.74020076107004,
              30.237374296883495
            ],
            [
              -97.74104666566797,
              30.239184709821124
            ],
            [
              -97.7432558888156,
              30.239475292223347
            ],
            [
              -97.74461915171452,
              30.237955437868546
            ],
            [
              -97.74377318546003,
              30.236145026754357
            ],
            [
              -97.74156401796117,
              30.235854468171016
            ],
            [
              -97.74156401796117,
              30.235854468171016
            ]
          ]
        ]
      }
    },
    {
      "type": "Feature",
      "properties": {
        "h3": "89489e37143ffff",
        "score": 74.3
      },
      "geometry": {
        "type": "Polygon",
        "coordinates": [
          [
            [
              -97.73799161940596,
              30.237083675283166
            ],
            [
              -97.73662832669696,
              30.238603442796126
            ],
            [
              -97.73747416963137,
              30.240413857550347
            ],
            [
              -97.73968336694033,
              30.240704502975536
            ],
            [
              -97.74104666566797,
              30.239184709821124
            ],
            [
              -97.74020076107004,
              30.237374296883495
            ],
            [
              -97.73799161940596,
              30.237083675283166
            ],
            [
              -97.73799161940596,
              30.237083675283166
            ]
          ]
        ]
      }
    },
    {
      "type": "Feature",
      "properties": {
        "h3": "89489e3714bffff",
        "score": 78.1
      },
      "geometry": {
        "type": "Polygon",
        "coordinates": [
          [
            [
              -97.73441921088502,
              30.23831275817814
            ],
            [
              -97.73305588236855,
              30.239832464484092
            ],
            [
              -97.73390166363255,
              30.24164288104813
            ],
            [
              -97.73611083508548,
              30.24193358949693
            ],
            [
              -97.73747416963137,
              30.240413857550347
            ],
            [
              -97.73662832669696,
              30.238603442796126
            ],
            [
              -97.73441921088502,
              30.23831275817814
            ],
            [
              -97.73441921088502,
              30.23831275817814
            ]
          ]
        ]
      }
    },
    {
      "type": "Feature",
      "properties": {
        "h3": "89489e37387ffff",
        "score": 82.9
      },
      "geometry": {
        "type": "Polygon",
        "coordinates": [
          [
            [
              -97.73084679242606,
              30.239541716847835
            ],
            [
              -97.72948342811253,
              30.24106136193933
            ],
            [
              -97.7303291476992,
              30.242871780306363
            ],
            [
              -97.73253829327876,
              30.243162551779413
            ],
            [
              -97.73390166363255,
              30.24164288104813
            ],
            [
              -97.73305588236855,
              30.239832464484092
            ],
            [
              -97.73084679242606,
              30.239541716847835
            ],
            [
              -97.73084679242606,
              30.239541716847835
            ]
          ]
        ]
      }
    },
    {
      "type": "Feature",
      "properties": {
        "h3": "89489e3738fffff",
        "score": 78.1
      },
      "geometry": {
        "type": "Polygon",
        "coordinates": [
          [
            [
              -97.72727436405683,
              30.240770551284143
            ],
            [
              -97.72591096395665,
              30.242290135153752
            ],
            [
              -97.72675662185904,
              30.24410055531697
            ],
            [
              -97.72896574154792,
              30.24439138981491
            ],
            [
              -97.7303291476992,
              30.242871780306363
            ],
            [
              -97.72948342811253,
              30.24106136193933
            ],
            [
              -97.72727436405683,
              30.240770551284143
            ],
            [
              -97.72727436405683,
              30.240770551284143
            ]
          ]
        ]
      }
    },
    {
      "type": "Feature",
      "properties": {
        "h3": "89489e37313ffff",
        "score": 66.7
      },
      "geometry": {
        "type": "Polygon",
        "coordinates": [
          [
            [
              -97.72370192580502,
              30.24199926147901
            ],
            [
              -97.7223384899286,
              30.243518784119264
            ],
            [
              -97.72318408613984,
              30.245329206071865
            ],
            [
              -97.7253931799207,
              30.245620103595336
            ],
            [
              -97.72675662185904,
              30.24410055531697
            ],
            [
              -97.72591096395665,
              30.242290135153752
            ],
            [
              -97.72370192580502,
              30.24199926147901
            ],
            [
              -97.72370192580502,
              30.24199926147901
            ]
          ]
        ]
      }
    },
    {
      "type": "Feature",
      "properties": {
        "h3": "89489e3731bffff",
        "score": 61.6
      },
      "geometry": {
        "type": "Polygon",
        "coordinates": [
          [
            [
              -97.72012947769845,
              30.24322784742433
            ],
            [
              -97.71876600605617,
              30.244747308827808
            ],
            [
              -97.7196115405693,
              30.246557732562962
            ],
            [
              -97.72182060842484,
              30.246848693112607
            ],
            [
              -97.72318408613984,
              30.245329206071865
            ],
            [
              -97.7223384899286,
              30.243518784119264
            ],
            [
              -97.72012947769845,
              30.24322784742433
            ],
            [
              -97.72012947769845,
              30.24322784742433
            ]
          ]
        ]
      }
    },
    {
      "type": "Feature",
      "properties": {
        "h3": "89489e37357ffff",
        "score": 68.6
      },
      "geometry": {
        "type": "Polygon",
        "coordinates": [
          [
            [
              -97.71655701976478,
              30.244456309112035
            ],
            [
              -97.7151935123671,
              30.245975709271278
            ],
            [
              -97.7160389851752,
              30.247786134782203
            ],
            [
              -97.71824802708808,
              30.248077158358626
            ],
            [
              -97.7196115405693,
              30.246557732562962
            ],
            [
              -97.71876600605617,
              30.244747308827808
            ],
            [
              -97.71655701976478,
              30.244456309112035
            ],
            [
              -97.71655701976478,
              30.244456309112035
            ]
          ]
        ]
      }
    },
    {
      "type": "Feature",
      "properties": {
        "h3": "89489e37343ffff",
        "score": 78.2
      },
      "geometry": {
        "type": "Polygon",
        "coordinates": [
          [
            [
              -97.71298455203178,
              30.245684646534055
            ],
            [
              -97.71162100888908,
              30.247203985441622
            ],
            [
              -97.71246641998528,
              30.249014412721486
            ],
            [
              -97.71467543593812,
              30.249305499325352
            ],
            [
              -97.7160389851752,
              30.247786134782203
            ],
            [
              -97.7151935123671,
              30.245975709271278
            ],
            [
              -97.71298455203178,
              30.245684646534055
            ],
            [
              -97.71298455203178,
              30.245684646534055
            ]
          ]
        ]
      }
    },
    {
      "type": "Feature",
      "properties": {
        "h3": "89489e3734fffff",
        "score": 88.2
      },
      "geometry": {
        "type": "Polygon",
        "coordinates": [
          [
            [
              -97.71246641998528,
              30.249014412721486
            ],
            [
              -97.71110283500276,
              30.250533716004696
            ],
            [
              -97.7119482598748,
              30.252344131524147
            ],
            [
              -97.71415733144764,
              30.252635241994273
            ],
            [
              -97.71552092252642,
              30.251115913078177
            ],
            [
              -97.71467543593812,
              30.249305499325352
            ],
            [
              -97.71246641998528,
              30.249014412721486
            ],
            [
              -97.71246641998528,
              30.249014412721486
            ]
          ]
        ]
      }
    },
    {
      "type": "Feature",
      "properties": {
        "h3": "89489e354b7ffff",
        "score": 92.2
      },
      "geometry": {
        "type": "Polygon",
        "coordinates": [
          [
            [
              -97.7119482598748,
              30.252344131524147
            ],
            [
              -97.71058463305019,
              30.25386339917201
            ],
            [
              -97.7114300716982,
              30.255673802919695
            ],
            [
              -97.71363919889342,
              30.255964937255733
            ],
            [
              -97.71500283181621,
              30.254445643977657
            ],
            [
              -97.71415733144764,
              30.252635241994273
            ],
            [
              -97.7119482598748,
              30.252344131524147
            ],
            [
              -97.7119482598748,
              30.252344131524147
            ]
          ]
        ]
      }
    },
    {
      "type": "Feature",
      "properties": {
        "h3": "89489e354a7ffff",
        "score": 86.3
      },
      "geometry": {
        "type": "Polygon",
        "coordinates": [
          [
            [
              -97.7114300716982,
              30.255673802919695
            ],
            [
              -97.71006640302915,
              30.257193034921276
            ],
            [
              -97.71091185545325,
              30.259003426885883
            ],
            [
              -97.71312103827329,
              30.25929458508745
            ],
            [
              -97.7144847130424,
              30.257775327458354
            ],
            [
              -97.71363919889342,
              30.255964937255733
            ],
            [
              -97.7114300716982,
              30.255673802919695
            ],
            [
              -97.7114300716982,
              30.255673802919695
            ]
          ]
        ]
      }
    },
    {
      "type": "Feature",
      "properties": {
        "h3": "89489e355dbffff",
        "score": 78.1
      },
      "geometry": {
        "type": "Polygon",
        "coordinates": [
          [
            [
              -97.71091185545325,
              30.259003426885883
            ],
            [
              -97.70954814493744,
              30.26052262323019
            ],
            [
              -97.71039361113775,
              30.262333003400382
            ],
            [
              -97.71260284958504,
              30.262624185467118
            ],
            [
              -97.71396656620277,
              30.26110496349797
            ],
            [
              -97.71312103827329,
              30.25929458508745
            ],
            [
              -97.71091185545325,
              30.259003426885883
            ],
            [
              -97.71091185545325,
              30.259003426885883
            ]
          ]
        ]
      }
    },
    {
      "type": "Feature",
      "properties": {
        "h3": "89489e355cbffff",
        "score": 77.5
      },
      "geometry": {
        "type": "Polygon",
        "coordinates": [
          [
            [
              -97.71039361113775,
              30.262333003400382
            ],
            [
              -97.70902985877292,
              30.263852164076454
            ],
            [
              -97.70987533874951,
              30.26566253244092
            ],
            [
              -97.71208463282647,
              30.265953738372453
            ],
            [
              -97.71344839129515,
              30.264434552074206
            ],
            [
              -97.71260284958504,
              30.262624185467118
            ],
            [
              -97.71039361113775,
              30.262333003400382
            ],
            [
              -97.71039361113775,
              30.262333003400382
            ]
          ]
        ]
      }
    },
    {
      "type": "Feature",
      "properties": {
        "h3": "89489e35553ffff",
        "score": 84.6
      },
      "geometry": {
        "type": "Polygon",
        "coordinates": [
          [
            [
              -97.70987533874951,
              30.26566253244092
            ],
            [
              -97.70851154453334,
              30.2671816574378
            ],
            [
              -97.70935703828636,
              30.268992013985198
            ],
            [
              -97.71156638799542,
              30.269283243781157
            ],
            [
              -97.71293018831733,
              30.26776409316479
            ],
            [
              -97.71208463282647,
              30.265953738372453
            ],
            [
              -97.70987533874951,
              30.26566253244092
            ],
            [
              -97.70987533874951,
              30.26566253244092
            ]
          ]
        ]
      }
    },
    {
      "type": "Feature",
      "properties": {
        "h3": "89489e35543ffff",
        "score": 89.7
      },
      "geometry": {
        "type": "Polygon",
        "coordinates": [
          [
            [
              -97.70935703828636,
              30.268992013985198
            ],
            [
              -97.70799320221651,
              30.270511103291934
            ],
            [
              -97.70883870974603,
              30.272321448010917
            ],
            [
              -97.71104811508961,
              30.272612701670944
            ],
            [
              -97.71241195726712,
              30.2710935867474
            ],
            [
              -97.71156638799542,
              30.269283243781157
            ],
            [
              -97.70935703828636,
              30.268992013985198
            ],
            [
              -97.70935703828636,
              30.268992013985198
            ]
          ]
        ]
      }
    },
    {
      "type": "Feature",
      "properties": {
        "h3": "89489e3554fffff",
        "score": 85
      },
      "geometry": {
        "type": "Polygon",
        "coordinates": [
          [
            [
              -97.70883870974603,
              30.272321448010917
            ],
            [
              -97.70747483182025,
              30.273840501616544
            ],
            [
              -97.70832035312642,
              30.27565083449581
            ],
            [
              -97.71052981410693,
              30.27594211201952
            ],
            [
              -97.7118936981423,
              30.27442303279977
            ],
            [
              -97.71104811508961,
              30.272612701670944
            ],
            [
              -97.70883870974603,
              30.272321448010917
            ],
            [
              -97.70883870974603,
              30.272321448010917
            ]
          ]
        ]
      }
    },
    {
      "type": "Feature",
      "properties": {
        "h3": "89489e350b7ffff",
        "score": 74.2
      },
      "geometry": {
        "type": "Polygon",
        "coordinates": [
          [
            [
              -97.70832035312642,
              30.27565083449581
            ],
            [
              -97.70695643334233,
              30.277169852389367
            ],
            [
              -97.70780196842527,
              30.278980173417562
            ],
            [
              -97.71001148504514,
              30.27927147480461
            ],
            [
              -97.7113754109407,
              30.27775243129962
            ],
            [
              -97.71052981410693,
              30.27594211201952
            ],
            [
              -97.70832035312642,
              30.27565083449581
            ],
            [
              -97.70832035312642,
              30.27565083449581
            ]
          ]
        ]
      }
    },
    {
      "type": "Feature",
      "properties": {
        "h3": "89489e350a7ffff",
        "score": 68
      },
      "geometry": {
        "type": "Polygon",
        "coordinates": [
          [
            [
              -97.70780196842527,
              30.278980173417562
            ],
            [
              -97.70643800678062,
              30.280499155588103
            ],
            [
              -97.7072835556404,
              30.28230946475393
            ],
            [
              -97.70949312790208,
              30.282600790003933
            ],
            [
              -97.71085709566012,
              30.28108178222464
            ],
            [
              -97.71001148504514,
              30.27927147480461
            ],
            [
              -97.70780196842527,
              30.278980173417562
            ],
            [
              -97.70780196842527,
              30.278980173417562
            ]
          ]
        ]
      }
    },
    {
      "type": "Feature",
      "properties": {
        "h3": "89489e351d3ffff",
        "score": 77.7
      },
      "geometry": {
        "type": "Polygon",
        "coordinates": [
          [
            [
              -97.71085709566012,
              30.28108178222464
            ],
            [
              -97.70949312790208,
              30.282600790003933
            ],
            [
              -97.71033875229837,
              30.28441108555257
            ],
            [
              -97.71254840620728,
              30.284702371572134
            ],
            [
              -97.71391238006974,
              30.28318333818593
            ],
            [
              -97.71306669392092,
              30.28137304438758
            ],
            [
              -97.71085709566012,
              30.28108178222464
            ],
            [
              -97.71085709566012,
              30.28108178222464
            ]
          ]
        ]
      }
    },
    {
      "type": "Feature",
      "properties": {
        "h3": "89489e351d7ffff",
        "score": 81.9
      },
      "geometry": {
        "type": "Polygon",
        "coordinates": [
          [
            [
              -97.71391238006974,
              30.28318333818593
            ],
            [
              -97.71254840620728,
              30.284702371572134
            ],
            [
              -97.71339410614188,
              30.286512653490078
            ],
            [
              -97.71560384169092,
              30.286803900267532
            ],
            [
              -97.71696782164891,
              30.285284841276244
            ],
            [
              -97.71612205996436,
              30.283474561113085
            ],
            [
              -97.71391238006974,
              30.28318333818593
            ],
            [
              -97.71391238006974,
              30.28318333818593
            ]
          ]
        ]
      }
    },
    {
      "type": "Feature",
      "properties": {
        "h3": "89489e3518bffff",
        "score": 80.1
      },
      "geometry": {
        "type": "Polygon",
        "coordinates": [
          [
            [
              -97.71696782164891,
              30.285284841276244
            ],
            [
              -97.71560384169092,
              30.286803900267532
            ],
            [
              -97.7164496171657,
              30.28861416854127
            ],
            [
              -97.71865943434781,
              30.288905376064946
            ],
            [
              -97.72002342039234,
              30.28738629147041
            ],
            [
              -97.71917758317022,
              30.28557602495595
            ],
            [
              -97.71696782164891,
              30.285284841276244
            ],
            [
              -97.71696782164891,
              30.285284841276244
            ]
          ]
        ]
      }
    },
    {
      "type": "Feature",
      "properties": {
        "h3": "89489e3518fffff",
        "score": 77.6
      },
      "geometry": {
        "type": "Polygon",
        "coordinates": [
          [
            [
              -97.72002342039234,
              30.28738629147041
            ],
            [
              -97.71865943434781,
              30.288905376064946
            ],
            [
              -97.71950528536455,
              30.290715630680968
            ],
            [
              -97.72171518417262,
              30.291006798939183
            ],
            [
              -97.72307917629477,
              30.289487688743247
            ],
            [
              -97.72223326353327,
              30.287677435891005
            ],
            [
              -97.72002342039234,
              30.28738629147041
            ],
            [
              -97.72002342039234,
              30.28738629147041
            ]
          ]
        ]
      }
    },
    {
      "type": "Feature",
      "properties": {
        "h3": "89489e351bbffff",
        "score": 78.8
      },
      "geometry": {
        "type": "Polygon",
        "coordinates": [
          [
            [
              -97.72307917629477,
              30.289487688743247
            ],
            [
              -97.72171518417262,
              30.291006798939183
            ],
            [
              -97.7225611107332,
              30.292817039883996
            ],
            [
              -97.72477109116014,
              30.293108168865086
            ],
            [
              -97.72613508935099,
              30.29158903306958
            ],
            [
              -97.72528910104823,
              30.289778793893046
            ],
            [
              -97.72307917629477,
              30.289487688743247
            ],
            [
              -97.72307917629477,
              30.289487688743247
            ]
          ]
        ]
      }
    },
    {
      "type": "Feature",
      "properties": {
        "h3": "89489e351a3ffff",
        "score": 81.9
      },
      "geometry": {
        "type": "Polygon",
        "coordinates": [
          [
            [
              -97.72613508935099,
              30.29158903306958
            ],
            [
              -97.72477109116014,
              30.293108168865086
            ],
            [
              -97.7256170932664,
              30.29491839612516
            ],
            [
              -97.72782715530512,
              30.29520948581745
            ],
            [
              -97.7291911595557,
              30.293690324424208
            ],
            [
              -97.72834509570988,
              30.291880098936907
            ],
            [
              -97.72613508935099,
              30.29158903306958
            ],
            [
              -97.72613508935099,
              30.29158903306958
            ]
          ]
        ]
      }
    },
    {
      "type": "Feature",
      "properties": {
        "h3": "89489e351a7ffff",
        "score": 81.2
      },
      "geometry": {
        "type": "Polygon",
        "coordinates": [
          [
            [
              -97.7291911595557,
              30.293690324424208
            ],
            [
              -97.72782715530512,
              30.29520948581745
            ],
            [
              -97.72867323295887,
              30.297019699379295
            ],
            [
              -97.73088337660224,
              30.29731074977111
            ],
            [
              -97.73224738690362,
              30.295791562781965
            ],
            [
              -97.73140124751289,
              30.293981350997406
            ],
            [
              -97.7291911595557,
              30.293690324424208
            ],
            [
              -97.7291911595557,
              30.293690324424208
            ]
          ]
        ]
      }
    },
    {
      "type": "Feature",
      "properties": {
        "h3": "89489e35cd3ffff",
        "score": 74.2
      },
      "geometry": {
        "type": "Polygon",
        "coordinates": [
          [
            [
              -97.73224738690362,
              30.295791562781965
            ],
            [
              -97.73088337660224,
              30.29731074977111
            ],
            [
              -97.73172952980535,
              30.299120949621194
            ],
            [
              -97.73393975504625,
              30.299411960700876
            ],
            [
              -97.7353037713895,
              30.29789274811768
            ],
            [
              -97.73445755645201,
              30.29608255004936
            ],
            [
              -97.73224738690362,
              30.295791562781965
            ],
            [
              -97.73224738690362,
              30.295791562781965
            ]
          ]
        ]
      }
    },
    {
      "type": "Feature",
      "properties": {
        "h3": "89489e35cd7ffff",
        "score": 65.8
      },
      "geometry": {
        "type": "Polygon",
        "coordinates": [
          [
            [
              -97.7353037713895,
              30.29789274811768
            ],
            [
              -97.73393975504625,
              30.299411960700876
            ],
            [
              -97.73478598380056,
              30.301222146825697
            ],
            [
              -97.7369962906319,
              30.301513118581568
            ],
            [
              -97.73836031300806,
              30.29999388040614
            ],
            [
              -97.737514022522,
              30.298183696067586
            ],
            [
              -97.7353037713895,
              30.29789274811768
            ],
            [
              -97.7353037713895,
              30.29789274811768
            ]
          ]
        ]
      }
    },
    {
      "type": "Feature",
      "properties": {
        "h3": "89489e35c8bffff",
        "score": 64.4
      },
      "geometry": {
        "type": "Polygon",
        "coordinates": [
          [
            [
              -97.73836031300806,
              30.29999388040614
            ],
            [
              -97.7369962906319,
              30.301513118581568
            ],
            [
              -97.73784259493922,
              30.303323290967622
            ],
            [
              -97.74005298335389,
              30.303614223388003
            ],
            [
              -97.74141701175402,
              30.302094959622195
            ],
            [
              -97.74057064571755,
              30.300284789026907
            ],
            [
              -97.73836031300806,
              30.29999388040614
            ],
            [
              -97.73836031300806,
              30.29999388040614
            ]
          ]
        ]
      }
    },
    {
      "type": "Feature",
      "properties": {
        "h3": "89489e35c83ffff",
        "score": 67.3
      },
      "geometry": {
        "type": "Polygon",
        "coordinates": [
          [
            [
              -97.74193463223621,
              30.29876548950859
            ],
            [
              -97.74057064571755,
              30.300284789026907
            ],
            [
              -97.74141701175402,
              30.302094959622195
            ],
            [
              -97.74362742603338,
              30.30238582890214
            ],
            [
              -97.74499141856518,
              30.30086650379261
            ],
            [
              -97.74414499080652,
              30.29905633499488
            ],
            [
              -97.74193463223621,
              30.29876548950859
            ],
            [
              -97.74193463223621,
              30.29876548950859
            ]
          ]
        ]
      }
    },
    {
      "type": "Feature",
      "properties": {
        "h3": "89489e35c97ffff",
        "score": 75.3
      },
      "geometry": {
        "type": "Polygon",
        "coordinates": [
          [
            [
              -97.74550894145727,
              30.297536974141128
            ],
            [
              -97.74414499080652,
              30.29905633499488
            ],
            [
              -97.74499141856518,
              30.30086650379261
            ],
            [
              -97.74720185869188,
              30.30115730993273
            ],
            [
              -97.74856581534492,
              30.299637923486937
            ],
            [
              -97.74771932587102,
              30.29782775649357
            ],
            [
              -97.74550894145727,
              30.297536974141128
            ],
            [
              -97.74550894145727,
              30.297536974141128
            ]
          ]
        ]
      }
    },
    {
      "type": "Feature",
      "properties": {
        "h3": "89489e3435bffff",
        "score": 76.1
      },
      "geometry": {
        "type": "Polygon",
        "coordinates": [
          [
            [
              -97.74908324064342,
              30.296308334311817
            ],
            [
              -97.74771932587102,
              30.29782775649357
            ],
            [
              -97.74856581534492,
              30.299637923486937
            ],
            [
              -97.75077628130163,
              30.299928666487872
            ],
            [
              -97.75214020206548,
              30.29840921871324
            ],
            [
              -97.75129365088324,
              30.296599053531036
            ],
            [
              -97.74908324064342,
              30.296308334311817
            ],
            [
              -97.74908324064342,
              30.296308334311817
            ]
          ]
        ]
      }
    },
    {
      "type": "Feature",
      "properties": {
        "h3": "89489e34353ffff",
        "score": 68.7
      },
      "geometry": {
        "type": "Polygon",
        "coordinates": [
          [
            [
              -97.7526575297669,
              30.295079570028726
            ],
            [
              -97.75129365088324,
              30.296599053531036
            ],
            [
              -97.75214020206548,
              30.29840921871324
            ],
            [
              -97.75435069383481,
              30.29869989857564
            ],
            [
              -97.75571457869907,
              30.2971803894796
            ],
            [
              -97.75486796581545,
              30.295370226115395
            ],
            [
              -97.7526575297669,
              30.295079570028726
            ],
            [
              -97.7526575297669,
              30.295079570028726
            ]
          ]
        ]
      }
    },
    {
      "type": "Feature",
      "properties": {
        "h3": "89489e343cfffff",
        "score": 64.7
      },
      "geometry": {
        "type": "Polygon",
        "coordinates": [
          [
            [
              -97.75623180879994,
              30.29385068129996
            ],
            [
              -97.75486796581545,
              30.295370226115395
            ],
            [
              -97.75571457869907,
              30.2971803894796
            ],
            [
              -97.75792509626366,
              30.297471006204113
            ],
            [
              -97.75928894521792,
              30.295951435794123
            ],
            [
              -97.75844227063985,
              30.2941412742547
            ],
            [
              -97.75623180879994,
              30.29385068129996
            ],
            [
              -97.75623180879994,
              30.29385068129996
            ]
          ]
        ]
      }
    },
    {
      "type": "Feature",
      "properties": {
        "h3": "89489e343c7ffff",
        "score": 72.1
      },
      "geometry": {
        "type": "Polygon",
        "coordinates": [
          [
            [
              -97.75980607771476,
              30.292621668133606
            ],
            [
              -97.75844227063985,
              30.2941412742547
            ],
            [
              -97.75928894521792,
              30.295951435794123
            ],
            [
              -97.7614994885604,
              30.296241989381386
            ],
            [
              -97.76286330159422,
              30.294722357664895
            ],
            [
              -97.76201656532868,
              30.292912197957055
            ],
            [
              -97.75980607771476,
              30.292621668133606
            ],
            [
              -97.75980607771476,
              30.292621668133606
            ]
          ]
        ]
      }
    },
    {
      "type": "Feature",
      "properties": {
        "h3": "89489e3438bffff",
        "score": 84
      },
      "geometry": {
        "type": "Polygon",
        "coordinates": [
          [
            [
              -97.76338033648356,
              30.29139253053775
            ],
            [
              -97.76201656532868,
              30.292912197957055
            ],
            [
              -97.76286330159422,
              30.294722357664895
            ],
            [
              -97.76507387069725,
              30.295012848115544
            ],
            [
              -97.76643764780022,
              30.293493155100002
            ],
            [
              -97.7655908498541,
              30.291682997230563
            ],
            [
              -97.76338033648356,
              30.29139253053775
            ],
            [
              -97.76338033648356,
              30.29139253053775
            ]
          ]
        ]
      }
    },
    {
      "type": "Feature",
      "properties": {
        "h3": "89489e34383ffff",
        "score": 87.4
      },
      "geometry": {
        "type": "Polygon",
        "coordinates": [
          [
            [
              -97.76695458507858,
              30.2901632685205
            ],
            [
              -97.7655908498541,
              30.291682997230563
            ],
            [
              -97.76643764780022,
              30.293493155100002
            ],
            [
              -97.76864824264645,
              30.29378358241467
            ],
            [
              -97.77001198380816,
              30.292263828107554
            ],
            [
              -97.76916512418843,
              30.290453672083313
            ],
            [
              -97.76695458507858,
              30.2901632685205
            ],
            [
              -97.76695458507858,
              30.2901632685205
            ]
          ]
        ]
      }
    },
    {
      "type": "Feature",
      "properties": {
        "h3": "89489e34397ffff",
        "score": 80
      },
      "geometry": {
        "type": "Polygon",
        "coordinates": [
          [
            [
              -97.77052882347208,
              30.288933882089925
            ],
            [
              -97.76916512418843,
              30.290453672083313
            ],
            [
              -97.77001198380816,
              30.292263828107554
            ],
            [
              -97.77222260438018,
              30.29255419228691
            ],
            [
              -97.7735863095902,
              30.291034376695638
            ],
            [
              -97.77273938830385,
              30.2892242225234
            ],
            [
              -97.77052882347208,
              30.288933882089925
            ],
            [
              -97.77052882347208,
              30.288933882089925
            ]
          ]
        ]
      }
    },
    {
      "type": "Feature",
      "properties": {
        "h3": "89489e3415bffff",
        "score": 73.2
      },
      "geometry": {
        "type": "Polygon",
        "coordinates": [
          [
            [
              -97.77410305163622,
              30.28770437125417
            ],
            [
              -97.77273938830385,
              30.2892242225234
            ],
            [
              -97.7735863095902,
              30.291034376695638
            ],
            [
              -97.77579695587069,
              30.291324677740324
            ],
            [
              -97.77716062511863,
              30.289804800872385
            ],
            [
              -97.77631364217255,
              30.287994648558954
            ],
            [
              -97.77410305163622,
              30.28770437125417
            ],
            [
              -97.77410305163622,
              30.28770437125417
            ]
          ]
        ]
      }
    },
    {
      "type": "Feature",
      "properties": {
        "h3": "89489e34027ffff",
        "score": 69.2
      },
      "geometry": {
        "type": "Polygon",
        "coordinates": [
          [
            [
              -97.77461976567142,
              30.284374318216273
            ],
            [
              -97.77325614421436,
              30.28589420515252
            ],
            [
              -97.77410305163622,
              30.28770437125417
            ],
            [
              -97.77631364217255,
              30.287994648558954
            ],
            [
              -97.77767726954328,
              30.286474736021315
            ],
            [
              -97.77683030046603,
              30.284664571780787
            ],
            [
              -97.77461976567142,
              30.284374318216273
            ],
            [
              -97.77461976567142,
              30.284374318216273
            ]
          ]
        ]
      }
    },
    {
      "type": "Feature",
      "properties": {
        "h3": "89489e34037ffff",
        "score": 61.4
      },
      "geometry": {
        "type": "Polygon",
        "coordinates": [
          [
            [
              -97.77513645169799,
              30.281044217604258
            ],
            [
              -97.77377287211395,
              30.282564140196545
            ],
            [
              -97.77461976567142,
              30.284374318216273
            ],
            [
              -97.77683030046603,
              30.284664571780787
            ],
            [
              -97.77819388596185,
              30.283144623584437
            ],
            [
              -97.77734693075332,
              30.281334447428133
            ],
            [
              -97.77513645169799,
              30.281044217604258
            ],
            [
              -97.77513645169799,
              30.281044217604258
            ]
          ]
        ]
      }
    },
    {
      "type": "Feature",
      "properties": {
        "h3": "89489e340afffff",
        "score": 60.1
      },
      "geometry": {
        "type": "Polygon",
        "coordinates": [
          [
            [
              -97.77565310971814,
              30.277714069440414
            ],
            [
              -97.7742895720048,
              30.279234027677784
            ],
            [
              -97.77513645169799,
              30.281044217604258
            ],
            [
              -97.77734693075332,
              30.281334447428133
            ],
            [
              -97.77871047437655,
              30.279814463584042
            ],
            [
              -97.77786353303662,
              30.27800427552329
            ],
            [
              -97.77565310971814,
              30.277714069440414
            ],
            [
              -97.77565310971814,
              30.277714069440414
            ]
          ]
        ]
      }
    },
    {
      "type": "Feature",
      "properties": {
        "h3": "89489e340a3ffff",
        "score": 68
      },
      "geometry": {
        "type": "Polygon",
        "coordinates": [
          [
            [
              -97.77616973973403,
              30.274383873747038
            ],
            [
              -97.77480624388907,
              30.275903867618513
            ],
            [
              -97.77565310971814,
              30.277714069440414
            ],
            [
              -97.77786353303662,
              30.27800427552329
            ],
            [
              -97.77922703478959,
              30.2764842560424
            ],
            [
              -97.77838010731811,
              30.274674056088553
            ],
            [
              -97.77616973973403,
              30.274383873747038
            ],
            [
              -97.77616973973403,
              30.274383873747038
            ]
          ]
        ]
      }
    },
    {
      "type": "Feature",
      "properties": {
        "h3": "89489e340b3ffff",
        "score": 76.7
      },
      "geometry": {
        "type": "Polygon",
        "coordinates": [
          [
            [
              -97.77668634174788,
              30.27105363054641
            ],
            [
              -97.77532288776901,
              30.272573660041036
            ],
            [
              -97.77616973973403,
              30.274383873747038
            ],
            [
              -97.77838010731811,
              30.274674056088553
            ],
            [
              -97.77974356720311,
              30.27315400098184
            ],
            [
              -97.77889665359999,
              30.271343789146204
            ],
            [
              -97.77668634174788,
              30.27105363054641
            ],
            [
              -97.77668634174788,
              30.27105363054641
            ]
          ]
        ]
      }
    },
    {
      "type": "Feature",
      "properties": {
        "h3": "89489e3454bffff",
        "score": 76.8
      },
      "geometry": {
        "type": "Polygon",
        "coordinates": [
          [
            [
              -97.7772029157619,
              30.267723339860858
            ],
            [
              -97.77583950364676,
              30.269243404967646
            ],
            [
              -97.77668634174788,
              30.27105363054641
            ],
            [
              -97.77889665359999,
              30.271343789146204
            ],
            [
              -97.78026007161934,
              30.26982369842464
            ],
            [
              -97.77941317188444,
              30.268013474718558
            ],
            [
              -97.7772029157619,
              30.267723339860858
            ],
            [
              -97.7772029157619,
              30.267723339860858
            ]
          ]
        ]
      }
    },
    {
      "type": "Feature",
      "properties": {
        "h3": "89489e3455bffff",
        "score": 69.4
      },
      "geometry": {
        "type": "Polygon",
        "coordinates": [
          [
            [
              -97.77771946177825,
              30.26439300171267
            ],
            [
              -97.77635609152458,
              30.265913102420676
            ],
            [
              -97.7772029157619,
              30.267723339860858
            ],
            [
              -97.77941317188444,
              30.268013474718558
            ],
            [
              -97.78077654804048,
              30.266493348393112
            ],
            [
              -97.77992966217369,
              30.264683112827917
            ],
            [
              -97.77771946177825,
              30.26439300171267
            ],
            [
              -97.77771946177825,
              30.26439300171267
            ]
          ]
        ]
      }
    },
    {
      "type": "Feature",
      "properties": {
        "h3": "89489e34427ffff",
        "score": 64.6
      },
      "geometry": {
        "type": "Polygon",
        "coordinates": [
          [
            [
              -97.77823597979913,
              30.261062616124153
            ],
            [
              -97.77687265140457,
              30.262582752422386
            ],
            [
              -97.77771946177825,
              30.26439300171267
            ],
            [
              -97.77992966217369,
              30.264683112827917
            ],
            [
              -97.78129299646871,
              30.263162950909553
            ],
            [
              -97.78044612446988,
              30.261352703496588
            ],
            [
              -97.77823597979913,
              30.261062616124153
            ],
            [
              -97.77823597979913,
              30.261062616124153
            ]
          ]
        ]
      }
    },
    {
      "type": "Feature",
      "properties": {
        "h3": "89489e34437ffff",
        "score": 69.3
      },
      "geometry": {
        "type": "Polygon",
        "coordinates": [
          [
            [
              -97.77875246982673,
              30.257732183117604
            ],
            [
              -97.77738918328897,
              30.259252354995105
            ],
            [
              -97.77823597979913,
              30.261062616124153
            ],
            [
              -97.78044612446988,
              30.261352703496588
            ],
            [
              -97.78180941690621,
              30.259832505996272
            ],
            [
              -97.78096255877523,
              30.25802224674685
            ],
            [
              -97.77875246982673,
              30.257732183117604
            ],
            [
              -97.77875246982673,
              30.257732183117604
            ]
          ]
        ]
      }
    },
    {
      "type": "Feature",
      "properties": {
        "h3": "89489e344afffff",
        "score": 78.8
      },
      "geometry": {
        "type": "Polygon",
        "coordinates": [
          [
            [
              -97.77926893186323,
              30.254401702715324
            ],
            [
              -97.77790568718,
              30.255921910161117
            ],
            [
              -97.77875246982673,
              30.257732183117604
            ],
            [
              -97.78096255877523,
              30.25802224674685
            ],
            [
              -97.78232580935519,
              30.25650201367558
            ],
            [
              -97.78147896509195,
              30.25469174260104
            ],
            [
              -97.77926893186323,
              30.254401702715324
            ],
            [
              -97.77926893186323,
              30.254401702715324
            ]
          ]
        ]
      }
    },
    {
      "type": "Feature",
      "properties": {
        "h3": "89489e344abffff",
        "score": 75.8
      },
      "geometry": {
        "type": "Polygon",
        "coordinates": [
          [
            [
              -97.77621221123026,
              30.25230133873802
            ],
            [
              -97.77484897245265,
              30.25382152055648
            ],
            [
              -97.77569567961694,
              30.2556318072065
            ],
            [
              -97.77790568718,
              30.255921910161117
            ],
            [
              -97.77926893186323,
              30.254401702715324
            ],
            [
              -97.77842216307982,
              30.252591417942753
            ],
            [
              -97.77621221123026,
              30.25230133873802
            ],
            [
              -97.77621221123026,
              30.25230133873802
            ]
          ]
        ]
      }
    },
    {
      "type": "Feature",
      "properties": {
        "h3": "89489e34417ffff",
        "score": 75.4
      },
      "geometry": {
        "type": "Polygon",
        "coordinates": [
          [
            [
              -97.77315564746154,
              30.25020092176882
            ],
            [
              -97.77179241459855,
              30.25172107795809
            ],
            [
              -97.77263904628224,
              30.253531378288145
            ],
            [
              -97.77484897245265,
              30.25382152055648
            ],
            [
              -97.77621221123026,
              30.25230133873802
            ],
            [
              -97.77536551792483,
              30.250491040280917
            ],
            [
              -97.77315564746154,
              30.25020092176882
            ],
            [
              -97.77315564746154,
              30.25020092176882
            ]
          ]
        ]
      }
    },
    {
      "type": "Feature",
      "properties": {
        "h3": "89489e34413ffff",
        "score": 78.7
      },
      "geometry": {
        "type": "Polygon",
        "coordinates": [
          [
            [
              -97.7700992405624,
              30.24810045183289
            ],
            [
              -97.76873601362298,
              30.24962058239114
            ],
            [
              -97.76958256982783,
              30.251430896387713
            ],
            [
              -97.77179241459855,
              30.25172107795809
            ],
            [
              -97.77315564746154,
              30.25020092176882
            ],
            [
              -97.77230902963228,
              30.248390609640712
            ],
            [
              -97.7700992405624,
              30.24810045183289
            ],
            [
              -97.7700992405624,
              30.24810045183289
            ]
          ]
        ]
      }
    },
    {
      "type": "Feature",
      "properties": {
        "h3": "89489e344c7ffff",
        "score": 80.8
      },
      "geometry": {
        "type": "Polygon",
        "coordinates": [
          [
            [
              -97.7670429905382,
              30.245999928955424
            ],
            [
              -97.76567976953127,
              30.24752003388079
            ],
            [
              -97.76652625025913,
              30.24933036153038
            ],
            [
              -97.76873601362298,
              30.24962058239114
            ],
            [
              -97.7700992405624,
              30.24810045183289
            ],
            [
              -97.76925269820752,
              30.246290126047292
            ],
            [
              -97.7670429905382,
              30.245999928955424
            ],
            [
              -97.7670429905382,
              30.245999928955424
            ]
          ]
        ]
      }
    },
    {
      "type": "Feature",
      "properties": {
        "h3": "89489e344c3ffff",
        "score": 77.3
      },
      "geometry": {
        "type": "Polygon",
        "coordinates": [
          [
            [
              -97.76398689739423,
              30.24389935316158
            ],
            [
              -97.76262368232874,
              30.2454194324522
            ],
            [
              -97.76347008758142,
              30.247229773741296
            ],
            [
              -97.76567976953127,
              30.24752003388079
            ],
            [
              -97.7670429905382,
              30.245999928955424
            ],
            [
              -97.76619652365588,
              30.24418958952584
            ],
            [
              -97.76398689739423,
              30.24389935316158
            ],
            [
              -97.76398689739423,
              30.24389935316158
            ]
          ]
        ]
      }
    },
    {
      "type": "Feature",
      "properties": {
        "h3": "89489e344dbffff",
        "score": 70.2
      },
      "geometry": {
        "type": "Polygon",
        "coordinates": [
          [
            [
              -97.76093096113578,
              30.241798724476528
            ],
            [
              -97.75956775202067,
              30.243318778130547
            ],
            [
              -97.7604140818,
              30.245129133045648
            ],
            [
              -97.76262368232874,
              30.2454194324522
            ],
            [
              -97.76398689739423,
              30.24389935316158
            ],
            [
              -97.76314050598263,
              30.24208900010149
            ],
            [
              -97.76093096113578,
              30.241798724476528
            ],
            [
              -97.76093096113578,
              30.241798724476528
            ]
          ]
        ]
      }
    },
    {
      "type": "Feature",
      "properties": {
        "h3": "89489e371afffff",
        "score": 67.1
      },
      "geometry": {
        "type": "Polygon",
        "coordinates": [
          [
            [
              -97.75787518176817,
              30.23969804292542
            ],
            [
              -97.7565119786124,
              30.24121807094102
            ],
            [
              -97.75735823292018,
              30.243028439468592
            ],
            [
              -97.75956775202067,
              30.243318778130547
            ],
            [
              -97.76093096113578,
              30.241798724476528
            ],
            [
              -97.76008464519312,
              30.239988357799465
            ],
            [
              -97.75787518176817,
              30.23969804292542
            ],
            [
              -97.75787518176817,
              30.23969804292542
            ]
          ]
        ]
      }
    },
    {
      "type": "Feature",
      "properties": {
        "h3": "89489e371abffff",
        "score": 73.1
      },
      "geometry": {
        "type": "Polygon",
        "coordinates": [
          [
            [
              -97.75481955929672,
              30.23759730853344
            ],
            [
              -97.75345636210919,
              30.239117310908757
            ],
            [
              -97.75430254094728,
              30.240927693035303
            ],
            [
              -97.7565119786124,
              30.24121807094102
            ],
            [
              -97.75787518176817,
              30.23969804292542
            ],
            [
              -97.75702894129262,
              30.237887662644898
            ],
            [
              -97.75481955929672,
              30.23759730853344
            ],
            [
              -97.75481955929672,
              30.23759730853344
            ]
          ]
        ]
      }
    },
    {
      "type": "Feature",
      "properties": {
        "h3": "89489e37117ffff",
        "score": 84.8
      },
      "geometry": {
        "type": "Polygon",
        "coordinates": [
          [
            [
              -97.75176409372669,
              30.23549652132575
            ],
            [
              -97.75040090251638,
              30.23701649805895
            ],
            [
              -97.75124700588655,
              30.23882689377096
            ],
            [
              -97.75345636210919,
              30.239117310908757
            ],
            [
              -97.75481955929672,
              30.23759730853344
            ],
            [
              -97.75397339428642,
              30.235786914662956
            ],
            [
              -97.75176409372669,
              30.23549652132575
            ],
            [
              -97.75176409372669,
              30.23549652132575
            ]
          ]
        ]
      }
    },
    {
      "type": "Feature",
      "properties": {
        "h3": "89489e37113ffff",
        "score": 91.9
      },
      "geometry": {
        "type": "Polygon",
        "coordinates": [
          [
            [
              -97.7487087850634,
              30.233395681327536
            ],
            [
              -97.74734559983924,
              30.234915632416758
            ],
            [
              -97.74819162774334,
              30.23672604170073
            ],
            [
              -97.75040090251638,
              30.23701649805895
            ],
            [
              -97.75176409372669,
              30.23549652132575
            ],
            [
              -97.75091800417988,
              30.23368611387883
            ],
            [
              -97.7487087850634,
              30.233395681327536
            ],
            [
              -97.7487087850634,
              30.233395681327536
            ]
          ]
        ]
      }
    },
    {
      "type": "Feature",
      "properties": {
        "h3": "89489e371c7ffff",
        "score": 87.2
      },
      "geometry": {
        "type": "Polygon",
        "coordinates": [
          [
            [
              -97.74565363331214,
              30.23129478856396
            ],
            [
              -97.74429045408304,
              30.232814714007347
            ],
            [
              -97.7451364065229,
              30.234625136849765
            ],
            [
              -97.74734559983924,
              30.234915632416758
            ],
            [
              -97.7487087850634,
              30.233395681327536
            ],
            [
              -97.74786277097822,
              30.23158526031768
            ],
            [
              -97.74565363331214,
              30.23129478856396
            ],
            [
              -97.74565363331214,
              30.23129478856396
            ]
          ]
        ]
      }
    },
    {
      "type": "Feature",
      "properties": {
        "h3": "89489e371cfffff",
        "score": 81
      },
      "geometry": {
        "type": "Polygon",
        "coordinates": [
          [
            [
              -97.74208134223052,
              30.23252417924326
            ],
            [
              -97.74071812717355,
              30.234044043502866
            ],
            [
              -97.74156401796117,
              30.235854468171016
            ],
            [
              -97.74377318546003,
              30.236145026754357
            ],
            [
              -97.7451364065229,
              30.234625136849765
            ],
            [
              -97.74429045408304,
              30.232814714007347
            ],
            [
              -97.74208134223052,
              30.23252417924326
            ],
            [
              -97.74208134223052,
              30.23252417924326
            ]
          ]
        ]
      }
    },
    {
      "type": "Feature",
      "properties": {
        "h3": "89489e37153ffff",
        "score": 77.1
      },
      "geometry": {
        "type": "Polygon",
        "coordinates": [
          [
            [
              -97.73850904115194,
              30.233753445727743
            ],
            [
              -97.73714579027752,
              30.23527324879608
            ],
            [
              -97.73799161940596,
              30.237083675283166
            ],
            [
              -97.74020076107004,
              30.237374296883495
            ],
            [
              -97.74156401796117,
              30.235854468171016
            ],
            [
              -97.74071812717355,
              30.234044043502866
            ],
            [
              -97.73850904115194,
              30.233753445727743
            ],
            [
              -97.73850904115194,
              30.233753445727743
            ]
          ]
        ]
      }
    },
    {
      "type": "Feature",
      "properties": {
        "h3": "89489e3715bffff",
        "score": 82.4
      },
      "geometry": {
        "type": "Polygon",
        "coordinates": [
          [
            [
              -97.73493673010414,
              30.2349825880093
            ],
            [
              -97.73357344342267,
              30.23650232987892
            ],
            [
              -97.73441921088502,
              30.23831275817814
            ],
            [
              -97.73662832669696,
              30.238603442796126
            ],
            [
              -97.73799161940596,
              30.237083675283166
            ],
            [
              -97.73714579027752,
              30.23527324879608
            ],
            [
              -97.73493673010414,
              30.2349825880093
            ],
            [
              -97.73493673010414,
              30.2349825880093
            ]
          ]
        ]
      }
    },
    {
      "type": "Feature",
      "properties": {
        "h3": "89489e37397ffff",
        "score": 89.3
      },
      "geometry": {
        "type": "Polygon",
        "coordinates": [
          [
            [
              -97.73136440911483,
              30.23621160607983
            ],
            [
              -97.73000108663673,
              30.237731286743298
            ],
            [
              -97.73084679242606,
              30.239541716847835
            ],
            [
              -97.73305588236855,
              30.239832464484092
            ],
            [
              -97.73441921088502,
              30.23831275817814
            ],
            [
              -97.73357344342267,
              30.23650232987892
            ],
            [
              -97.73136440911483,
              30.23621160607983
            ],
            [
              -97.73136440911483,
              30.23621160607983
            ]
          ]
        ]
      }
    },
    {
      "type": "Feature",
      "properties": {
        "h3": "89489e37383ffff",
        "score": 86
      },
      "geometry": {
        "type": "Polygon",
        "coordinates": [
          [
            [
              -97.72779207821176,
              30.237440499931264
            ],
            [
              -97.72642871994742,
              30.23896011938111
            ],
            [
              -97.72727436405683,
              30.240770551284143
            ],
            [
              -97.72948342811253,
              30.24106136193933
            ],
            [
              -97.73084679242606,
              30.239541716847835
            ],
            [
              -97.73000108663673,
              30.237731286743298
            ],
            [
              -97.72779207821176,
              30.237440499931264
            ],
            [
              -97.72779207821176,
              30.237440499931264
            ]
          ]
        ]
      }
    },
    {
      "type": "Feature",
      "properties": {
        "h3": "89489e3738bffff",
        "score": 73.2
      },
      "geometry": {
        "type": "Polygon",
        "coordinates": [
          [
            [
              -97.72421973742266,
              30.23866926955548
            ],
            [
              -97.72285634338249,
              30.240188827784277
            ],
            [
              -97.72370192580502,
              30.24199926147901
            ],
            [
              -97.72591096395665,
              30.242290135153752
            ],
            [
              -97.72727436405683,
              30.240770551284143
            ],
            [
              -97.72642871994742,
              30.23896011938111
            ],
            [
              -97.72421973742266,
              30.23866926955548
            ],
            [
              -97.72421973742266,
              30.23866926955548
            ]
          ]
        ]
      }
    },
    {
      "type": "Feature",
      "properties": {
        "h3": "89489e373c7ffff",
        "score": 63.9
      },
      "geometry": {
        "type": "Polygon",
        "coordinates": [
          [
            [
              -97.72064738677527,
              30.239897914944414
            ],
            [
              -97.71928395696968,
              30.24141741194471
            ],
            [
              -97.72012947769845,
              30.24322784742433
            ],
            [
              -97.7223384899286,
              30.243518784119264
            ],
            [
              -97.72370192580502,
              30.24199926147901
            ],
            [
              -97.72285634338249,
              30.240188827784277
            ],
            [
              -97.72064738677527,
              30.239897914944414
            ],
            [
              -97.72064738677527,
              30.239897914944414
            ]
          ]
        ]
      }
    },
    {
      "type": "Feature",
      "properties": {
        "h3": "89489e373cfffff",
        "score": 66
      },
      "geometry": {
        "type": "Polygon",
        "coordinates": [
          [
            [
              -97.71707502629731,
              30.241126436089985
            ],
            [
              -97.71571156073671,
              30.24264587185435
            ],
            [
              -97.71655701976478,
              30.244456309112035
            ],
            [
              -97.71876600605617,
              30.244747308827808
            ],
            [
              -97.72012947769845,
              30.24322784742433
            ],
            [
              -97.71928395696968,
              30.24141741194471
            ],
            [
              -97.71707502629731,
              30.241126436089985
            ],
            [
              -97.71707502629731,
              30.241126436089985
            ]
          ]
        ]
      }
    },
    {
      "type": "Feature",
      "properties": {
        "h3": "89489e37353ffff",
        "score": 72.8
      },
      "geometry": {
        "type": "Polygon",
        "coordinates": [
          [
            [
              -97.71350265601653,
              30.242354832984113
            ],
            [
              -97.71213915471134,
              30.243874207505087
            ],
            [
              -97.71298455203178,
              30.245684646534055
            ],
            [
              -97.7151935123671,
              30.245975709271278
            ],
            [
              -97.71655701976478,
              30.244456309112035
            ],
            [
              -97.71571156073671,
              30.24264587185435
            ],
            [
              -97.71350265601653,
              30.242354832984113
            ],
            [
              -97.71350265601653,
              30.242354832984113
            ]
          ]
        ]
      }
    },
    {
      "type": "Feature",
      "properties": {
        "h3": "89489e3735bffff",
        "score": 72
      },
      "geometry": {
        "type": "Polygon",
        "coordinates": [
          [
            [
              -97.70993027596066,
              30.243583105618736
            ],
            [
              -97.70856673892126,
              30.245102418888884
            ],
            [
              -97.7094120745272,
              30.246912859682308
            ],
            [
              -97.71162100888908,
              30.247203985441622
            ],
            [
              -97.71298455203178,
              30.245684646534055
            ],
            [
              -97.71213915471134,
              30.243874207505087
            ],
            [
              -97.70993027596066,
              30.243583105618736
            ],
            [
              -97.70993027596066,
              30.243583105618736
            ]
          ]
        ]
      }
    },
    {
      "type": "Feature",
      "properties": {
        "h3": "89489e3734bffff",
        "score": 78.5
      },
      "geometry": {
        "type": "Polygon",
        "coordinates": [
          [
            [
              -97.7094120745272,
              30.246912859682308
            ],
            [
              -97.70804849564989,
              30.248432137330767
            ],
            [
              -97.70889384502723,
              30.250242566372776
            ],
            [
              -97.71110283500276,
              30.250533716004696
            ],
            [
              -97.71246641998528,
              30.249014412721486
            ],
            [
              -97.71162100888908,
              30.247203985441622
            ],
            [
              -97.7094120745272,
              30.246912859682308
            ],
            [
              -97.7094120745272,
              30.246912859682308
            ]
          ]
        ]
      }
    },
    {
      "type": "Feature",
      "properties": {
        "h3": "89489e354b3ffff",
        "score": 85.9
      },
      "geometry": {
        "type": "Polygon",
        "coordinates": [
          [
            [
              -97.70889384502723,
              30.250242566372776
            ],
            [
              -97.70753022430972,
              30.251761808388586
            ],
            [
              -97.70837558745859,
              30.253572225667856
            ],
            [
              -97.71058463305019,
              30.25386339917201
            ],
            [
              -97.7119482598748,
              30.252344131524147
            ],
            [
              -97.71110283500276,
              30.250533716004696
            ],
            [
              -97.70889384502723,
              30.250242566372776
            ],
            [
              -97.70889384502723,
              30.250242566372776
            ]
          ]
        ]
      }
    },
    {
      "type": "Feature",
      "properties": {
        "h3": "89489e354a3ffff",
        "score": 84.5
      },
      "geometry": {
        "type": "Polygon",
        "coordinates": [
          [
            [
              -97.70837558745859,
              30.253572225667856
            ],
            [
              -97.70701192489855,
              30.255091432040064
            ],
            [
              -97.70785730181908,
              30.256901837545257
            ],
            [
              -97.71006640302915,
              30.257193034921276
            ],
            [
              -97.7114300716982,
              30.255673802919695
            ],
            [
              -97.71058463305019,
              30.25386339917201
            ],
            [
              -97.70837558745859,
              30.253572225667856
            ],
            [
              -97.70837558745859,
              30.253572225667856
            ]
          ]
        ]
      }
    },
    {
      "type": "Feature",
      "properties": {
        "h3": "89489e354afffff",
        "score": 75.1
      },
      "geometry": {
        "type": "Polygon",
        "coordinates": [
          [
            [
              -97.70785730181908,
              30.256901837545257
            ],
            [
              -97.7064935974142,
              30.258421008262882
            ],
            [
              -97.70733898810647,
              30.260231401982686
            ],
            [
              -97.70954814493744,
              30.26052262323019
            ],
            [
              -97.71091185545325,
              30.259003426885883
            ],
            [
              -97.71006640302915,
              30.257193034921276
            ],
            [
              -97.70785730181908,
              30.256901837545257
            ],
            [
              -97.70785730181908,
              30.256901837545257
            ]
          ]
        ]
      }
    },
    {
      "type": "Feature",
      "properties": {
        "h3": "89489e35437ffff",
        "score": 67.7
      },
      "geometry": {
        "type": "Polygon",
        "coordinates": [
          [
            [
              -97.70733898810647,
              30.260231401982686
            ],
            [
              -97.70597524185443,
              30.26175053703475
            ],
            [
              -97.7068206463186,
              30.263560918957833
            ],
            [
              -97.70902985877292,
              30.263852164076454
            ],
            [
              -97.71039361113775,
              30.262333003400382
            ],
            [
              -97.70954814493744,
              30.26052262323019
            ],
            [
              -97.70733898810647,
              30.260231401982686
            ],
            [
              -97.70733898810647,
              30.260231401982686
            ]
          ]
        ]
      }
    },
    {
      "type": "Feature",
      "properties": {
        "h3": "89489e35427ffff",
        "score": 69.7
      },
      "geometry": {
        "type": "Polygon",
        "coordinates": [
          [
            [
              -97.7068206463186,
              30.263560918957833
            ],
            [
              -97.70545685821713,
              30.265080018333396
            ],
            [
              -97.70630227645326,
              30.266890388448406
            ],
            [
              -97.70851154453334,
              30.2671816574378
            ],
            [
              -97.70987533874951,
              30.26566253244092
            ],
            [
              -97.70902985877292,
              30.263852164076454
            ],
            [
              -97.7068206463186,
              30.263560918957833
            ],
            [
              -97.7068206463186,
              30.263560918957833
            ]
          ]
        ]
      }
    },
    {
      "type": "Feature",
      "properties": {
        "h3": "89489e3555bffff",
        "score": 76.8
      },
      "geometry": {
        "type": "Polygon",
        "coordinates": [
          [
            [
              -97.70630227645326,
              30.266890388448406
            ],
            [
              -97.70493844650002,
              30.268409452136503
            ],
            [
              -97.70578387850824,
              30.270219810432124
            ],
            [
              -97.70799320221651,
              30.270511103291934
            ],
            [
              -97.70935703828636,
              30.268992013985198
            ],
            [
              -97.70851154453334,
              30.2671816574378
            ],
            [
              -97.70630227645326,
              30.266890388448406
            ],
            [
              -97.70630227645326,
              30.266890388448406
            ]
          ]
        ]
      }
    },
    {
      "type": "Feature",
      "properties": {
        "h3": "89489e3554bffff",
        "score": 78.4
      },
      "geometry": {
        "type": "Polygon",
        "coordinates": [
          [
            [
              -97.70578387850824,
              30.270219810432124
            ],
            [
              -97.70442000670094,
              30.27173883842182
            ],
            [
              -97.70526545248138,
              30.273549184886726
            ],
            [
              -97.70747483182025,
              30.273840501616544
            ],
            [
              -97.70883870974603,
              30.272321448010917
            ],
            [
              -97.70799320221651,
              30.270511103291934
            ],
            [
              -97.70578387850824,
              30.270219810432124
            ],
            [
              -97.70578387850824,
              30.270219810432124
            ]
          ]
        ]
      }
    },
    {
      "type": "Feature",
      "properties": {
        "h3": "89489e350b3ffff",
        "score": 70.5
      },
      "geometry": {
        "type": "Polygon",
        "coordinates": [
          [
            [
              -97.70526545248138,
              30.273549184886726
            ],
            [
              -97.70390153881768,
              30.275068177167018
            ],
            [
              -97.70474699837044,
              30.27687851178989
            ],
            [
              -97.70695643334233,
              30.277169852389367
            ],
            [
              -97.70832035312642,
              30.27565083449581
            ],
            [
              -97.70747483182025,
              30.273840501616544
            ],
            [
              -97.70526545248138,
              30.273549184886726
            ],
            [
              -97.70526545248138,
              30.273549184886726
            ]
          ]
        ]
      }
    },
    {
      "type": "Feature",
      "properties": {
        "h3": "89489e350a3ffff",
        "score": 60.4
      },
      "geometry": {
        "type": "Polygon",
        "coordinates": [
          [
            [
              -97.70474699837044,
              30.27687851178989
            ],
            [
              -97.70338304284806,
              30.27839746834984
            ],
            [
              -97.70422851617326,
              30.280207791119345
            ],
            [
              -97.70643800678062,
              30.280499155588103
            ],
            [
              -97.70780196842527,
              30.278980173417562
            ],
            [
              -97.70695643334233,
              30.277169852389367
            ],
            [
              -97.70474699837044,
              30.27687851178989
            ],
            [
              -97.70474699837044,
              30.27687851178989
            ]
          ]
        ]
      }
    },
    {
      "type": "Feature",
      "properties": {
        "h3": "89489e350afffff",
        "score": 58.3
      },
      "geometry": {
        "type": "Polygon",
        "coordinates": [
          [
            [
              -97.70422851617326,
              30.280207791119345
            ],
            [
              -97.70286451878988,
              30.281726711947993
            ],
            [
              -97.70371000588761,
              30.28353702285281
            ],
            [
              -97.70591955213283,
              30.283828411190488
            ],
            [
              -97.7072835556404,
              30.28230946475393
            ],
            [
              -97.70643800678062,
              30.280499155588103
            ],
            [
              -97.70422851617326,
              30.280207791119345
            ],
            [
              -97.70422851617326,
              30.280207791119345
            ]
          ]
        ]
      }
    },
    {
      "type": "Feature",
      "properties": {
        "h3": "89489e351dbffff",
        "score": 71.2
      },
      "geometry": {
        "type": "Polygon",
        "coordinates": [
          [
            [
              -97.7072835556404,
              30.28230946475393
            ],
            [
              -97.70591955213283,
              30.283828411190488
            ],
            [
              -97.70676511476962,
              30.285638708482615
            ],
            [
              -97.70897474267554,
              30.285930057595202
            ],
            [
              -97.71033875229837,
              30.28441108555257
            ],
            [
              -97.70949312790208,
              30.282600790003933
            ],
            [
              -97.7072835556404,
              30.28230946475393
            ],
            [
              -97.7072835556404,
              30.28230946475393
            ]
          ]
        ]
      }
    },
    {
      "type": "Feature",
      "properties": {
        "h3": "89489e351c3ffff",
        "score": 84.7
      },
      "geometry": {
        "type": "Polygon",
        "coordinates": [
          [
            [
              -97.71033875229837,
              30.28441108555257
            ],
            [
              -97.70897474267554,
              30.285930057595202
            ],
            [
              -97.70982038085323,
              30.28774034126112
            ],
            [
              -97.71203009041268,
              30.28803165113694
            ],
            [
              -97.71339410614188,
              30.286512653490078
            ],
            [
              -97.71254840620728,
              30.284702371572134
            ],
            [
              -97.71033875229837,
              30.28441108555257
            ],
            [
              -97.71033875229837,
              30.28441108555257
            ]
          ]
        ]
      }
    },
    {
      "type": "Feature",
      "properties": {
        "h3": "89489e351c7ffff",
        "score": 88.9
      },
      "geometry": {
        "type": "Polygon",
        "coordinates": [
          [
            [
              -97.71339410614188,
              30.286512653490078
            ],
            [
              -97.71203009041268,
              30.28803165113694
            ],
            [
              -97.71287580413315,
              30.289841921163152
            ],
            [
              -97.71508559533912,
              30.29013319179053
            ],
            [
              -97.7164496171657,
              30.28861416854127
            ],
            [
              -97.71560384169092,
              30.286803900267532
            ],
            [
              -97.71339410614188,
              30.286512653490078
            ],
            [
              -97.71339410614188,
              30.286512653490078
            ]
          ]
        ]
      }
    },
    {
      "type": "Feature",
      "properties": {
        "h3": "89489e35113ffff",
        "score": 82.2
      },
      "geometry": {
        "type": "Polygon",
        "coordinates": [
          [
            [
              -97.7164496171657,
              30.28861416854127
            ],
            [
              -97.71508559533912,
              30.29013319179053
            ],
            [
              -97.71593138460415,
              30.291943448163536
            ],
            [
              -97.71814125744952,
              30.292234679530804
            ],
            [
              -97.71950528536455,
              30.290715630680968
            ],
            [
              -97.71865943434781,
              30.288905376064946
            ],
            [
              -97.7164496171657,
              30.28861416854127
            ],
            [
              -97.7164496171657,
              30.28861416854127
            ]
          ]
        ]
      }
    },
    {
      "type": "Feature",
      "properties": {
        "h3": "89489e35117ffff",
        "score": 72.2
      },
      "geometry": {
        "type": "Polygon",
        "coordinates": [
          [
            [
              -97.71950528536455,
              30.290715630680968
            ],
            [
              -97.71814125744952,
              30.292234679530804
            ],
            [
              -97.718987122261,
              30.29404492223707
            ],
            [
              -97.72119707673865,
              30.294336114332552
            ],
            [
              -97.7225611107332,
              30.292817039883996
            ],
            [
              -97.72171518417262,
              30.291006798939183
            ],
            [
              -97.71950528536455,
              30.290715630680968
            ],
            [
              -97.71950528536455,
              30.290715630680968
            ]
          ]
        ]
      }
    },
    {
      "type": "Feature",
      "properties": {
        "h3": "89489e351abffff",
        "score": 67.8
      },
      "geometry": {
        "type": "Polygon",
        "coordinates": [
          [
            [
              -97.7225611107332,
              30.292817039883996
            ],
            [
              -97.72119707673865,
              30.294336114332552
            ],
            [
              -97.72204301709841,
              30.296146343358586
            ],
            [
              -97.72425305320127,
              30.296437496170608
            ],
            [
              -97.7256170932664,
              30.29491839612516
            ],
            [
              -97.72477109116014,
              30.293108168865086
            ],
            [
              -97.7225611107332,
              30.292817039883996
            ],
            [
              -97.7225611107332,
              30.292817039883996
            ]
          ]
        ]
      }
    },
    {
      "type": "Feature",
      "properties": {
        "h3": "89489e351afffff",
        "score": 70.7
      },
      "geometry": {
        "type": "Polygon",
        "coordinates": [
          [
            [
              -97.7256170932664,
              30.29491839612516
            ],
            [
              -97.72425305320127,
              30.296437496170608
            ],
            [
              -97.72509906911114,
              30.298247711502906
            ],
            [
              -97.7273091868321,
              30.298538825019783
            ],
            [
              -97.72867323295887,
              30.297019699379295
            ],
            [
              -97.72782715530512,
              30.29520948581745
            ],
            [
              -97.7256170932664,
              30.29491839612516
            ],
            [
              -97.7256170932664,
              30.29491839612516
            ]
          ]
        ]
      }
    },
    {
      "type": "Feature",
      "properties": {
        "h3": "89489e35cdbffff",
        "score": 75.3
      },
      "geometry": {
        "type": "Polygon",
        "coordinates": [
          [
            [
              -97.72867323295887,
              30.297019699379295
            ],
            [
              -97.7273091868321,
              30.298538825019783
            ],
            [
              -97.72815527829391,
              30.300349026644827
            ],
            [
              -97.73036547762587,
              30.300640100854917
            ],
            [
              -97.73172952980535,
              30.299120949621194
            ],
            [
              -97.73088337660224,
              30.29731074977111
            ],
            [
              -97.72867323295887,
              30.297019699379295
            ],
            [
              -97.72867323295887,
              30.297019699379295
            ]
          ]
        ]
      }
    },
    {
      "type": "Feature",
      "properties": {
        "h3": "89489e35cc3ffff",
        "score": 75.9
      },
      "geometry": {
        "type": "Polygon",
        "coordinates": [
          [
            [
              -97.73172952980535,
              30.299120949621194
            ],
            [
              -97.73036547762587,
              30.300640100854917
            ],
            [
              -97.73121164464149,
              30.302450288759193
            ],
            [
              -97.73342192557732,
              30.3027413236508
            ],
            [
              -97.73478598380056,
              30.301222146825697
            ],
            [
              -97.73393975504625,
              30.299411960700876
            ],
            [
              -97.73172952980535,
              30.299120949621194
            ],
            [
              -97.73172952980535,
              30.299120949621194
            ]
          ]
        ]
      }
    },
    {
      "type": "Feature",
      "properties": {
        "h3": "89489e35cc7ffff",
        "score": 72.9
      },
      "geometry": {
        "type": "Polygon",
        "coordinates": [
          [
            [
              -97.73478598380056,
              30.301222146825697
            ],
            [
              -97.73342192557732,
              30.3027413236508
            ],
            [
              -97.73426816814857,
              30.304551497820807
            ],
            [
              -97.73647853068118,
              30.30484249338227
            ],
            [
              -97.73784259493922,
              30.303323290967622
            ],
            [
              -97.7369962906319,
              30.301513118581568
            ],
            [
              -97.73478598380056,
              30.301222146825697
            ],
            [
              -97.73478598380056,
              30.301222146825697
            ]
          ]
        ]
      }
    },
    {
      "type": "Feature",
      "properties": {
        "h3": "89489e35c13ffff",
        "score": 71.4
      },
      "geometry": {
        "type": "Polygon",
        "coordinates": [
          [
            [
              -97.73784259493922,
              30.303323290967622
            ],
            [
              -97.73647853068118,
              30.30484249338227
            ],
            [
              -97.7373248488099,
              30.306652653804488
            ],
            [
              -97.73953529293216,
              30.306943610024124
            ],
            [
              -97.74089936321607,
              30.305424382021776
            ],
            [
              -97.74005298335389,
              30.303614223388003
            ],
            [
              -97.73784259493922,
              30.303323290967622
            ],
            [
              -97.73784259493922,
              30.303323290967622
            ]
          ]
        ]
      }
    },
    {
      "type": "Feature",
      "properties": {
        "h3": "89489e35c8fffff",
        "score": 72.7
      },
      "geometry": {
        "type": "Polygon",
        "coordinates": [
          [
            [
              -97.74141701175402,
              30.302094959622195
            ],
            [
              -97.74005298335389,
              30.303614223388003
            ],
            [
              -97.74089936321607,
              30.305424382021776
            ],
            [
              -97.74310983320693,
              30.305715275094993
            ],
            [
              -97.74447386762209,
              30.30419598574066
            ],
            [
              -97.74362742603338,
              30.30238582890214
            ],
            [
              -97.74141701175402,
              30.302094959622195
            ],
            [
              -97.74141701175402,
              30.302094959622195
            ]
          ]
        ]
      }
    },
    {
      "type": "Feature",
      "properties": {
        "h3": "89489e35c87ffff",
        "score": 79.3
      },
      "geometry": {
        "type": "Polygon",
        "coordinates": [
          [
            [
              -97.74499141856518,
              30.30086650379261
            ],
            [
              -97.74362742603338,
              30.30238582890214
            ],
            [
              -97.74447386762209,
              30.30419598574066
            ],
            [
              -97.74668436346421,
              30.304486815668096
            ],
            [
              -97.74804836200018,
              30.302967464969203
            ],
            [
              -97.74720185869188,
              30.30115730993273
            ],
            [
              -97.74499141856518,
              30.30086650379261
            ],
            [
              -97.74499141856518,
              30.30086650379261
            ]
          ]
        ]
      }
    },
    {
      "type": "Feature",
      "properties": {
        "h3": "89489e3434bffff",
        "score": 79
      },
      "geometry": {
        "type": "Polygon",
        "coordinates": [
          [
            [
              -97.74856581534492,
              30.299637923486937
            ],
            [
              -97.74720185869188,
              30.30115730993273
            ],
            [
              -97.74804836200018,
              30.302967464969203
            ],
            [
              -97.75025888367618,
              30.30325823175149
            ],
            [
              -97.75162284632256,
              30.301738819715478
            ],
            [
              -97.75077628130163,
              30.299928666487872
            ],
            [
              -97.74856581534492,
              30.299637923486937
            ],
            [
              -97.74856581534492,
              30.299637923486937
            ]
          ]
        ]
      }
    },
    {
      "type": "Feature",
      "properties": {
        "h3": "89489e34343ffff",
        "score": 68.9
      },
      "geometry": {
        "type": "Polygon",
        "coordinates": [
          [
            [
              -97.75214020206548,
              30.29840921871324
            ],
            [
              -97.75077628130163,
              30.299928666487872
            ],
            [
              -97.75162284632256,
              30.301738819715478
            ],
            [
              -97.75383339381509,
              30.302029523353255
            ],
            [
              -97.75519732056145,
              30.300510049987565
            ],
            [
              -97.75435069383481,
              30.29869989857564
            ],
            [
              -97.75214020206548,
              30.29840921871324
            ],
            [
              -97.75214020206548,
              30.29840921871324
            ]
          ]
        ]
      }
    },
    {
      "type": "Feature",
      "properties": {
        "h3": "89489e34357ffff",
        "score": 60.1
      },
      "geometry": {
        "type": "Polygon",
        "coordinates": [
          [
            [
              -97.75571457869907,
              30.2971803894796
            ],
            [
              -97.75435069383481,
              30.29869989857564
            ],
            [
              -97.75519732056145,
              30.300510049987565
            ],
            [
              -97.75740789385316,
              30.30080069048148
            ],
            [
              -97.75877178468906,
              30.29928115579356
            ],
            [
              -97.75792509626366,
              30.297471006204113
            ],
            [
              -97.75571457869907,
              30.2971803894796
            ],
            [
              -97.75571457869907,
              30.2971803894796
            ]
          ]
        ]
      }
    },
    {
      "type": "Feature",
      "properties": {
        "h3": "89489e3431bffff",
        "score": 63
      },
      "geometry": {
        "type": "Polygon",
        "coordinates": [
          [
            [
              -97.75928894521792,
              30.295951435794123
            ],
            [
              -97.75792509626366,
              30.297471006204113
            ],
            [
              -97.75877178468906,
              30.29928115579356
            ],
            [
              -97.76098238376257,
              30.299571733144255
            ],
            [
              -97.76234623867762,
              30.298052137141553
            ],
            [
              -97.7614994885604,
              30.296241989381386
            ],
            [
              -97.75928894521792,
              30.295951435794123
            ],
            [
              -97.75928894521792,
              30.295951435794123
            ]
          ]
        ]
      }
    },
    {
      "type": "Feature",
      "properties": {
        "h3": "89489e34313ffff",
        "score": 73.3
      },
      "geometry": {
        "type": "Polygon",
        "coordinates": [
          [
            [
              -97.76286330159422,
              30.294722357664895
            ],
            [
              -97.7614994885604,
              30.296241989381386
            ],
            [
              -97.76234623867762,
              30.298052137141553
            ],
            [
              -97.76455686351557,
              30.298342651349657
            ],
            [
              -97.76592068249934,
              30.296822994039616
            ],
            [
              -97.76507387069725,
              30.295012848115544
            ],
            [
              -97.76286330159422,
              30.294722357664895
            ],
            [
              -97.76286330159422,
              30.294722357664895
            ]
          ]
        ]
      }
    },
    {
      "type": "Feature",
      "properties": {
        "h3": "89489e3438fffff",
        "score": 78
      },
      "geometry": {
        "type": "Polygon",
        "coordinates": [
          [
            [
              -97.76643764780022,
              30.293493155100002
            ],
            [
              -97.76507387069725,
              30.295012848115544
            ],
            [
              -97.76592068249934,
              30.296822994039616
            ],
            [
              -97.76813133308437,
              30.297113445105786
            ],
            [
              -97.76949511612645,
              30.295593726495866
            ],
            [
              -97.76864824264645,
              30.29378358241467
            ],
            [
              -97.76643764780022,
              30.293493155100002
            ],
            [
              -97.76643764780022,
              30.293493155100002
            ]
          ]
        ]
      }
    },
    {
      "type": "Feature",
      "properties": {
        "h3": "89489e34387ffff",
        "score": 72.8
      },
      "geometry": {
        "type": "Polygon",
        "coordinates": [
          [
            [
              -97.77001198380816,
              30.292263828107554
            ],
            [
              -97.76864824264645,
              30.29378358241467
            ],
            [
              -97.76949511612645,
              30.295593726495866
            ],
            [
              -97.77170579244118,
              30.295884114420748
            ],
            [
              -97.77306953953119,
              30.294364334518402
            ],
            [
              -97.77222260438018,
              30.29255419228691
            ],
            [
              -97.77001198380816,
              30.292263828107554
            ],
            [
              -97.77001198380816,
              30.292263828107554
            ]
          ]
        ]
      }
    },
    {
      "type": "Feature",
      "properties": {
        "h3": "89489e3414bffff",
        "score": 67.6
      },
      "geometry": {
        "type": "Polygon",
        "coordinates": [
          [
            [
              -97.7735863095902,
              30.291034376695638
            ],
            [
              -97.77222260438018,
              30.29255419228691
            ],
            [
              -97.77306953953119,
              30.294364334518402
            ],
            [
              -97.77528024155825,
              30.294654659302644
            ],
            [
              -97.77664395268573,
              30.293134818115334
            ],
            [
              -97.77579695587069,
              30.291324677740324
            ],
            [
              -97.7735863095902,
              30.291034376695638
            ],
            [
              -97.7735863095902,
              30.291034376695638
            ]
          ]
        ]
      }
    },
    {
      "type": "Feature",
      "properties": {
        "h3": "89489e34143ffff",
        "score": 72.1
      },
      "geometry": {
        "type": "Polygon",
        "coordinates": [
          [
            [
              -97.77716062511863,
              30.289804800872385
            ],
            [
              -97.77579695587069,
              30.291324677740324
            ],
            [
              -97.77664395268573,
              30.293134818115334
            ],
            [
              -97.7788546804078,
              30.293425079759576
            ],
            [
              -97.78021835556231,
              30.291905177294748
            ],
            [
              -97.77937129709021,
              30.29009503878306
            ],
            [
              -97.77716062511863,
              30.289804800872385
            ],
            [
              -97.77716062511863,
              30.289804800872385
            ]
          ]
        ]
      }
    },
    {
      "type": "Feature",
      "properties": {
        "h3": "89489e34153ffff",
        "score": 75.6
      },
      "geometry": {
        "type": "Polygon",
        "coordinates": [
          [
            [
              -97.77767726954328,
              30.286474736021315
            ],
            [
              -97.77631364217255,
              30.287994648558954
            ],
            [
              -97.77716062511863,
              30.289804800872385
            ],
            [
              -97.77937129709021,
              30.29009503878306
            ],
            [
              -97.78073493036563,
              30.288575100645872
            ],
            [
              -97.7798878857668,
              30.286764950198076
            ],
            [
              -97.77767726954328,
              30.286474736021315
            ],
            [
              -97.77767726954328,
              30.286474736021315
            ]
          ]
        ]
      }
    },
    {
      "type": "Feature",
      "properties": {
        "h3": "89489e341cbffff",
        "score": 70.3
      },
      "geometry": {
        "type": "Polygon",
        "coordinates": [
          [
            [
              -97.77819388596185,
              30.283144623584437
            ],
            [
              -97.77683030046603,
              30.284664571780787
            ],
            [
              -97.77767726954328,
              30.286474736021315
            ],
            [
              -97.7798878857668,
              30.286764950198076
            ],
            [
              -97.78125147716544,
              30.285244976399497
            ],
            [
              -97.78040444643977,
              30.283434814026897
            ],
            [
              -97.77819388596185,
              30.283144623584437
            ],
            [
              -97.77819388596185,
              30.283144623584437
            ]
          ]
        ]
      }
    },
    {
      "type": "Feature",
      "properties": {
        "h3": "89489e341dbffff",
        "score": 64.8
      },
      "geometry": {
        "type": "Polygon",
        "coordinates": [
          [
            [
              -97.77871047437655,
              30.279814463584042
            ],
            [
              -97.77734693075332,
              30.281334447428133
            ],
            [
              -97.77819388596185,
              30.283144623584437
            ],
            [
              -97.78040444643977,
              30.283434814026897
            ],
            [
              -97.78176799596395,
              30.281914804577895
            ],
            [
              -97.78092097911129,
              30.280104630291834
            ],
            [
              -97.77871047437655,
              30.279814463584042
            ],
            [
              -97.77871047437655,
              30.279814463584042
            ]
          ]
        ]
      }
    },
    {
      "type": "Feature",
      "properties": {
        "h3": "89489e340a7ffff",
        "score": 68.2
      },
      "geometry": {
        "type": "Polygon",
        "coordinates": [
          [
            [
              -97.77922703478959,
              30.2764842560424
            ],
            [
              -97.77786353303662,
              30.27800427552329
            ],
            [
              -97.77871047437655,
              30.279814463584042
            ],
            [
              -97.78092097911129,
              30.280104630291834
            ],
            [
              -97.78228448676332,
              30.27858458520337
            ],
            [
              -97.78143748378358,
              30.27677439901519
            ],
            [
              -97.77922703478959,
              30.2764842560424
            ],
            [
              -97.77922703478959,
              30.2764842560424
            ]
          ]
        ]
      }
    },
    {
      "type": "Feature",
      "properties": {
        "h3": "89489e340b7ffff",
        "score": 78.4
      },
      "geometry": {
        "type": "Polygon",
        "coordinates": [
          [
            [
              -97.77974356720311,
              30.27315400098184
            ],
            [
              -97.77838010731811,
              30.274674056088553
            ],
            [
              -97.77922703478959,
              30.2764842560424
            ],
            [
              -97.78143748378358,
              30.27677439901519
            ],
            [
              -97.78280094956575,
              30.27525431829822
            ],
            [
              -97.7819539604588,
              30.273444120219235
            ],
            [
              -97.77974356720311,
              30.27315400098184
            ],
            [
              -97.77974356720311,
              30.27315400098184
            ]
          ]
        ]
      }
    },
    {
      "type": "Feature",
      "properties": {
        "h3": "89489e3454fffff",
        "score": 84.9
      },
      "geometry": {
        "type": "Polygon",
        "coordinates": [
          [
            [
              -97.78026007161934,
              30.26982369842464
            ],
            [
              -97.77889665359999,
              30.271343789146204
            ],
            [
              -97.77974356720311,
              30.27315400098184
            ],
            [
              -97.7819539604588,
              30.273444120219235
            ],
            [
              -97.78331738437346,
              30.27192400388474
            ],
            [
              -97.78247040913918,
              30.270113793926285
            ],
            [
              -97.78026007161934,
              30.26982369842464
            ],
            [
              -97.78026007161934,
              30.26982369842464
            ]
          ]
        ]
      }
    },
    {
      "type": "Feature",
      "properties": {
        "h3": "89489e34543ffff",
        "score": 81.5
      },
      "geometry": {
        "type": "Polygon",
        "coordinates": [
          [
            [
              -97.78077654804048,
              30.266493348393112
            ],
            [
              -97.77941317188444,
              30.268013474718558
            ],
            [
              -97.78026007161934,
              30.26982369842464
            ],
            [
              -97.78247040913918,
              30.270113793926285
            ],
            [
              -97.78383379118863,
              30.26859364198524
            ],
            [
              -97.78298682982688,
              30.266783420158653
            ],
            [
              -97.78077654804048,
              30.266493348393112
            ],
            [
              -97.78077654804048,
              30.266493348393112
            ]
          ]
        ]
      }
    },
    {
      "type": "Feature",
      "properties": {
        "h3": "89489e34553ffff",
        "score": 73.6
      },
      "geometry": {
        "type": "Polygon",
        "coordinates": [
          [
            [
              -97.78129299646871,
              30.263162950909553
            ],
            [
              -97.77992966217369,
              30.264683112827917
            ],
            [
              -97.78077654804048,
              30.266493348393112
            ],
            [
              -97.78298682982688,
              30.266783420158653
            ],
            [
              -97.78435017001344,
              30.265263232622
            ],
            [
              -97.7835032225241,
              30.263452998938615
            ],
            [
              -97.78129299646871,
              30.263162950909553
            ],
            [
              -97.78129299646871,
              30.263162950909553
            ]
          ]
        ]
      }
    },
    {
      "type": "Feature",
      "properties": {
        "h3": "89489e345cbffff",
        "score": 71.6
      },
      "geometry": {
        "type": "Polygon",
        "coordinates": [
          [
            [
              -97.78180941690621,
              30.259832505996272
            ],
            [
              -97.78044612446988,
              30.261352703496588
            ],
            [
              -97.78129299646871,
              30.263162950909553
            ],
            [
              -97.7835032225241,
              30.263452998938615
            ],
            [
              -97.78486652085006,
              30.261932775817353
            ],
            [
              -97.78401958723305,
              30.260122530288502
            ],
            [
              -97.78180941690621,
              30.259832505996272
            ],
            [
              -97.78180941690621,
              30.259832505996272
            ]
          ]
        ]
      }
    },
    {
      "type": "Feature",
      "properties": {
        "h3": "89489e345dbffff",
        "score": 78.5
      },
      "geometry": {
        "type": "Polygon",
        "coordinates": [
          [
            [
              -97.78232580935519,
              30.25650201367558
            ],
            [
              -97.78096255877523,
              30.25802224674685
            ],
            [
              -97.78180941690621,
              30.259832505996272
            ],
            [
              -97.78401958723305,
              30.260122530288502
            ],
            [
              -97.78538284370076,
              30.258602271593592
            ],
            [
              -97.7845359239559,
              30.2567920142306
            ],
            [
              -97.78232580935519,
              30.25650201367558
            ],
            [
              -97.78232580935519,
              30.25650201367558
            ]
          ]
        ]
      }
    },
    {
      "type": "Feature",
      "properties": {
        "h3": "89489e344a7ffff",
        "score": 86
      },
      "geometry": {
        "type": "Polygon",
        "coordinates": [
          [
            [
              -97.78284217381783,
              30.253171473969754
            ],
            [
              -97.78147896509195,
              30.25469174260104
            ],
            [
              -97.78232580935519,
              30.25650201367558
            ],
            [
              -97.7845359239559,
              30.2567920142306
            ],
            [
              -97.78589913856763,
              30.25527171997301
            ],
            [
              -97.78505223269484,
              30.253461450787213
            ],
            [
              -97.78284217381783,
              30.253171473969754
            ],
            [
              -97.78284217381783,
              30.253171473969754
            ]
          ]
        ]
      }
    },
    {
      "type": "Feature",
      "properties": {
        "h3": "89489e344a3ffff",
        "score": 82.4
      },
      "geometry": {
        "type": "Polygon",
        "coordinates": [
          [
            [
              -97.77978536591085,
              30.25107117493964
            ],
            [
              -97.77842216307982,
              30.252591417942753
            ],
            [
              -97.77926893186323,
              30.254401702715324
            ],
            [
              -97.78147896509195,
              30.25469174260104
            ],
            [
              -97.78284217381783,
              30.253171473969754
            ],
            [
              -97.7819953434222,
              30.251361191081454
            ],
            [
              -97.77978536591085,
              30.25107117493964
            ],
            [
              -97.77978536591085,
              30.25107117493964
            ]
          ]
        ]
      }
    },
    {
      "type": "Feature",
      "properties": {
        "h3": "89489e344bbffff",
        "score": 72.4
      },
      "geometry": {
        "type": "Polygon",
        "coordinates": [
          [
            [
              -97.7767287148521,
              30.24897082290782
            ],
            [
              -97.77536551792483,
              30.250491040280917
            ],
            [
              -97.77621221123026,
              30.25230133873802
            ],
            [
              -97.77842216307982,
              30.252591417942753
            ],
            [
              -97.77978536591085,
              30.25107117493964
            ],
            [
              -97.77893861099061,
              30.249260878362318
            ],
            [
              -97.7767287148521,
              30.24897082290782
            ],
            [
              -97.7767287148521,
              30.24897082290782
            ]
          ]
        ]
      }
    },
    {
      "type": "Feature",
      "properties": {
        "h3": "89489e3448fffff",
        "score": 65.8
      },
      "geometry": {
        "type": "Polygon",
        "coordinates": [
          [
            [
              -97.77367222064684,
              30.24687041789947
            ],
            [
              -97.77230902963228,
              30.248390609640712
            ],
            [
              -97.77315564746154,
              30.25020092176882
            ],
            [
              -97.77536551792483,
              30.250491040280917
            ],
            [
              -97.7767287148521,
              30.24897082290782
            ],
            [
              -97.77588203540539,
              30.24716051265499
            ],
            [
              -97.77367222064684,
              30.24687041789947
            ],
            [
              -97.77367222064684,
              30.24687041789947
            ]
          ]
        ]
      }
    },
    {
      "type": "Feature",
      "properties": {
        "h3": "89489e3448bffff",
        "score": 67.5
      },
      "geometry": {
        "type": "Polygon",
        "coordinates": [
          [
            [
              -97.77061588330042,
              30.244769959939763
            ],
            [
              -97.76925269820752,
              30.246290126047292
            ],
            [
              -97.7700992405624,
              30.24810045183289
            ],
            [
              -97.77230902963228,
              30.248390609640712
            ],
            [
              -97.77367222064684,
              30.24687041789947
            ],
            [
              -97.7728256166719,
              30.24506009398466
            ],
            [
              -97.77061588330042,
              30.244769959939763
            ],
            [
              -97.77061588330042,
              30.244769959939763
            ]
          ]
        ]
      }
    },
    {
      "type": "Feature",
      "properties": {
        "h3": "89489e344d7ffff",
        "score": 73.9
      },
      "geometry": {
        "type": "Polygon",
        "coordinates": [
          [
            [
              -97.76755970281816,
              30.242669449053874
            ],
            [
              -97.76619652365588,
              30.24418958952584
            ],
            [
              -97.7670429905382,
              30.245999928955424
            ],
            [
              -97.76925269820752,
              30.246290126047292
            ],
            [
              -97.77061588330042,
              30.244769959939763
            ],
            [
              -97.7697693547954,
              30.24295962237646
            ],
            [
              -97.76755970281816,
              30.242669449053874
            ],
            [
              -97.76755970281816,
              30.242669449053874
            ]
          ]
        ]
      }
    },
    {
      "type": "Feature",
      "properties": {
        "h3": "89489e344d3ffff",
        "score": 78
      },
      "geometry": {
        "type": "Polygon",
        "coordinates": [
          [
            [
              -97.76450367920535,
              30.240568885266946
            ],
            [
              -97.76314050598263,
              30.24208900010149
            ],
            [
              -97.76398689739423,
              30.24389935316158
            ],
            [
              -97.76619652365588,
              30.24418958952584
            ],
            [
              -97.76755970281816,
              30.242669449053874
            ],
            [
              -97.76671324978126,
              30.24085909785558
            ],
            [
              -97.76450367920535,
              30.240568885266946
            ],
            [
              -97.76450367920535,
              30.240568885266946
            ]
          ]
        ]
      }
    },
    {
      "type": "Feature",
      "properties": {
        "h3": "89489e371a7ffff",
        "score": 77
      },
      "geometry": {
        "type": "Polygon",
        "coordinates": [
          [
            [
              -97.76144781246734,
              30.238468268604187
            ],
            [
              -97.76008464519312,
              30.239988357799465
            ],
            [
              -97.76093096113578,
              30.241798724476528
            ],
            [
              -97.76314050598263,
              30.24208900010149
            ],
            [
              -97.76450367920535,
              30.240568885266946
            ],
            [
              -97.76365730163475,
              30.238758520447213
            ],
            [
              -97.76144781246734,
              30.238468268604187
            ],
            [
              -97.76144781246734,
              30.238468268604187
            ]
          ]
        ]
      }
    },
    {
      "type": "Feature",
      "properties": {
        "h3": "89489e371a3ffff",
        "score": 74.9
      },
      "geometry": {
        "type": "Polygon",
        "coordinates": [
          [
            [
              -97.7583921026094,
              30.236367599090734
            ],
            [
              -97.75702894129262,
              30.237887662644898
            ],
            [
              -97.75787518176817,
              30.23969804292542
            ],
            [
              -97.76008464519312,
              30.239988357799465
            ],
            [
              -97.76144781246734,
              30.238468268604187
            ],
            [
              -97.76060151036123,
              30.23665789017649
            ],
            [
              -97.7583921026094,
              30.236367599090734
            ],
            [
              -97.7583921026094,
              30.236367599090734
            ]
          ]
        ]
      }
    },
    {
      "type": "Feature",
      "properties": {
        "h3": "89489e371bbffff",
        "score": 76.6
      },
      "geometry": {
        "type": "Polygon",
        "coordinates": [
          [
            [
              -97.75533654963687,
              30.234266876751754
            ],
            [
              -97.75397339428642,
              30.235786914662956
            ],
            [
              -97.75481955929672,
              30.23759730853344
            ],
            [
              -97.75702894129262,
              30.237887662644898
            ],
            [
              -97.7583921026094,
              30.236367599090734
            ],
            [
              -97.75754587596595,
              30.23455720706858
            ],
            [
              -97.75533654963687,
              30.234266876751754
            ],
            [
              -97.75533654963687,
              30.234266876751754
            ]
          ]
        ]
      }
    },
    {
      "type": "Feature",
      "properties": {
        "h3": "89489e3718fffff",
        "score": 81.6
      },
      "geometry": {
        "type": "Polygon",
        "coordinates": [
          [
            [
              -97.75228115355497,
              30.232166101612428
            ],
            [
              -97.75091800417988,
              30.23368611387883
            ],
            [
              -97.75176409372669,
              30.23549652132575
            ],
            [
              -97.75397339428642,
              30.235786914662956
            ],
            [
              -97.75533654963687,
              30.234266876751754
            ],
            [
              -97.75449039845424,
              30.232456471148677
            ],
            [
              -97.75228115355497,
              30.232166101612428
            ],
            [
              -97.75228115355497,
              30.232166101612428
            ]
          ]
        ]
      }
    },
    {
      "type": "Feature",
      "properties": {
        "h3": "89489e3718bffff",
        "score": 83.6
      },
      "geometry": {
        "type": "Polygon",
        "coordinates": [
          [
            [
              -97.74922591436906,
              30.23006527369794
            ],
            [
              -97.74786277097822,
              30.23158526031768
            ],
            [
              -97.7487087850634,
              30.233395681327536
            ],
            [
              -97.75091800417988,
              30.23368611387883
            ],
            [
              -97.75228115355497,
              30.232166101612428
            ],
            [
              -97.75143507783139,
              30.230355682441925
            ],
            [
              -97.74922591436906,
              30.23006527369794
            ],
            [
              -97.74922591436906,
              30.23006527369794
            ]
          ]
        ]
      }
    },
    {
      "type": "Feature",
      "properties": {
        "h3": "89489e371d7ffff",
        "score": 77.3
      },
      "geometry": {
        "type": "Polygon",
        "coordinates": [
          [
            [
              -97.74617083208443,
              30.227964393033435
            ],
            [
              -97.74480769468678,
              30.229484354004665
            ],
            [
              -97.74565363331214,
              30.23129478856396
            ],
            [
              -97.74786277097822,
              30.23158526031768
            ],
            [
              -97.74922591436906,
              30.23006527369794
            ],
            [
              -97.7483799141027,
              30.228254840973513
            ],
            [
              -97.74617083208443,
              30.227964393033435
            ],
            [
              -97.74617083208443,
              30.227964393033435
            ]
          ]
        ]
      }
    },
    {
      "type": "Feature",
      "properties": {
        "h3": "89489e371c3ffff",
        "score": 73
      },
      "geometry": {
        "type": "Polygon",
        "coordinates": [
          [
            [
              -97.74259863847817,
              30.22919384306019
            ],
            [
              -97.74123546525308,
              30.2307137428559
            ],
            [
              -97.74208134223052,
              30.23252417924326
            ],
            [
              -97.74429045408304,
              30.232814714007347
            ],
            [
              -97.74565363331214,
              30.23129478856396
            ],
            [
              -97.74480769468678,
              30.229484354004665
            ],
            [
              -97.74259863847817,
              30.22919384306019
            ],
            [
              -97.74259863847817,
              30.22919384306019
            ]
          ]
        ]
      }
    },
    {
      "type": "Feature",
      "properties": {
        "h3": "89489e371cbffff",
        "score": 70.4
      },
      "geometry": {
        "type": "Polygon",
        "coordinates": [
          [
            [
              -97.73902643487149,
              30.230423168906366
            ],
            [
              -97.73766322582937,
              30.231943007519124
            ],
            [
              -97.73850904115194,
              30.233753445727743
            ],
            [
              -97.74071812717355,
              30.234044043502866
            ],
            [
              -97.74208134223052,
              30.23252417924326
            ],
            [
              -97.74123546525308,
              30.2307137428559
            ],
            [
              -97.73902643487149,
              30.230423168906366
            ],
            [
              -97.73902643487149,
              30.230423168906366
            ]
          ]
        ]
      }
    },
    {
      "type": "Feature",
      "properties": {
        "h3": "89489e37027ffff",
        "score": 77.9
      },
      "geometry": {
        "type": "Polygon",
        "coordinates": [
          [
            [
              -97.7354542212921,
              30.231652370563896
            ],
            [
              -97.73409097644333,
              30.23317214798624
            ],
            [
              -97.73493673010414,
              30.2349825880093
            ],
            [
              -97.73714579027752,
              30.23527324879608
            ],
            [
              -97.73850904115194,
              30.233753445727743
            ],
            [
              -97.73766322582937,
              30.231943007519124
            ],
            [
              -97.7354542212921,
              30.231652370563896
            ],
            [
              -97.7354542212921,
              30.231652370563896
            ]
          ]
        ]
      }
    },
    {
      "type": "Feature",
      "properties": {
        "h3": "89489e3702fffff",
        "score": 89
      },
      "geometry": {
        "type": "Polygon",
        "coordinates": [
          [
            [
              -97.7318819977677,
              30.232881448024678
            ],
            [
              -97.7305187171227,
              30.23440116424914
            ],
            [
              -97.73136440911483,
              30.23621160607983
            ],
            [
              -97.73357344342267,
              30.23650232987892
            ],
            [
              -97.73493673010414,
              30.2349825880093
            ],
            [
              -97.73409097644333,
              30.23317214798624
            ],
            [
              -97.7318819977677,
              30.232881448024678
            ],
            [
              -97.7318819977677,
              30.232881448024678
            ]
          ]
        ]
      }
    },
    {
      "type": "Feature",
      "properties": {
        "h3": "89489e37393ffff",
        "score": 90.9
      },
      "geometry": {
        "type": "Polygon",
        "coordinates": [
          [
            [
              -97.72830976432608,
              30.234110401280592
            ],
            [
              -97.72694644789526,
              30.235630056299744
            ],
            [
              -97.72779207821176,
              30.237440499931264
            ],
            [
              -97.73000108663673,
              30.237731286743298
            ],
            [
              -97.73136440911483,
              30.23621160607983
            ],
            [
              -97.7305187171227,
              30.23440116424914
            ],
            [
              -97.72830976432608,
              30.234110401280592
            ],
            [
              -97.72830976432608,
              30.234110401280592
            ]
          ]
        ]
      }
    },
    {
      "type": "Feature",
      "properties": {
        "h3": "89489e3739bffff",
        "score": 81.2
      },
      "geometry": {
        "type": "Polygon",
        "coordinates": [
          [
            [
              -97.72473752099494,
              30.235339230323564
            ],
            [
              -97.72337416878871,
              30.236858824129957
            ],
            [
              -97.72421973742266,
              30.23866926955548
            ],
            [
              -97.72642871994742,
              30.23896011938111
            ],
            [
              -97.72779207821176,
              30.237440499931264
            ],
            [
              -97.72694644789526,
              30.235630056299744
            ],
            [
              -97.72473752099494,
              30.235339230323564
            ],
            [
              -97.72473752099494,
              30.235339230323564
            ]
          ]
        ]
      }
    },
    {
      "type": "Feature",
      "properties": {
        "h3": "89489e373d7ffff",
        "score": 71.5
      },
      "geometry": {
        "type": "Polygon",
        "coordinates": [
          [
            [
              -97.72116526780201,
              30.236567935145505
            ],
            [
              -97.71980187983077,
              30.23808746773168
            ],
            [
              -97.72064738677527,
              30.239897914944414
            ],
            [
              -97.72285634338249,
              30.240188827784277
            ],
            [
              -97.72421973742266,
              30.23866926955548
            ],
            [
              -97.72337416878871,
              30.236858824129957
            ],
            [
              -97.72116526780201,
              30.236567935145505
            ],
            [
              -97.72116526780201,
              30.236567935145505
            ]
          ]
        ]
      }
    },
    {
      "type": "Feature",
      "properties": {
        "h3": "89489e373c3ffff",
        "score": 71.6
      },
      "geometry": {
        "type": "Polygon",
        "coordinates": [
          [
            [
              -97.71759300477504,
              30.237796515738346
            ],
            [
              -97.71622958104918,
              30.23931598709686
            ],
            [
              -97.71707502629731,
              30.241126436089985
            ],
            [
              -97.71928395696968,
              30.24141741194471
            ],
            [
              -97.72064738677527,
              30.239897914944414
            ],
            [
              -97.71980187983077,
              30.23808746773168
            ],
            [
              -97.71759300477504,
              30.237796515738346
            ],
            [
              -97.71759300477504,
              30.237796515738346
            ]
          ]
        ]
      }
    },
    {
      "type": "Feature",
      "properties": {
        "h3": "89489e373cbffff",
        "score": 76.6
      },
      "geometry": {
        "type": "Polygon",
        "coordinates": [
          [
            [
              -97.71402073194173,
              30.239024972093993
            ],
            [
              -97.7126572724717,
              30.240544382217415
            ],
            [
              -97.71350265601653,
              30.242354832984113
            ],
            [
              -97.71571156073671,
              30.24264587185435
            ],
            [
              -97.71707502629731,
              30.241126436089985
            ],
            [
              -97.71622958104918,
              30.23931598709686
            ],
            [
              -97.71402073194173,
              30.239024972093993
            ],
            [
              -97.71402073194173,
              30.239024972093993
            ]
          ]
        ]
      }
    },
    {
      "type": "Feature",
      "properties": {
        "h3": "89489e37227ffff",
        "score": 74.4
      },
      "geometry": {
        "type": "Polygon",
        "coordinates": [
          [
            [
              -97.71044844932982,
              30.240253304204376
            ],
            [
              -97.70908495412601,
              30.241772653085256
            ],
            [
              -97.70993027596066,
              30.243583105618736
            ],
            [
              -97.71213915471134,
              30.243874207505087
            ],
            [
              -97.71350265601653,
              30.242354832984113
            ],
            [
              -97.7126572724717,
              30.240544382217415
            ],
            [
              -97.71044844932982,
              30.240253304204376
            ],
            [
              -97.71044844932982,
              30.240253304204376
            ]
          ]
        ]
      }
    },
    {
      "type": "Feature",
      "properties": {
        "h3": "89489e3722fffff",
        "score": 62.9
      },
      "geometry": {
        "type": "Polygon",
        "coordinates": [
          [
            [
              -97.70687615696707,
              30.241481512061434
            ],
            [
              -97.70551262603989,
              30.24300079969234
            ],
            [
              -97.70635788615742,
              30.24481125398578
            ],
            [
              -97.70856673892126,
              30.245102418888884
            ],
            [
              -97.70993027596066,
              30.243583105618736
            ],
            [
              -97.70908495412601,
              30.241772653085256
            ],
            [
              -97.70687615696707,
              30.241481512061434
            ],
            [
              -97.70687615696707,
              30.241481512061434
            ]
          ]
        ]
      }
    },
    {
      "type": "Feature",
      "properties": {
        "h3": "89489e35497ffff",
        "score": 63.5
      },
      "geometry": {
        "type": "Polygon",
        "coordinates": [
          [
            [
              -97.70635788615742,
              30.24481125398578
            ],
            [
              -97.70499431339424,
              30.24633050599767
            ],
            [
              -97.70583958727875,
              30.24814094854873
            ],
            [
              -97.70804849564989,
              30.248432137330767
            ],
            [
              -97.7094120745272,
              30.246912859682308
            ],
            [
              -97.70856673892126,
              30.245102418888884
            ],
            [
              -97.70635788615742,
              30.24481125398578
            ],
            [
              -97.70635788615742,
              30.24481125398578
            ]
          ]
        ]
      }
    },
    {
      "type": "Feature",
      "properties": {
        "h3": "89489e35487ffff",
        "score": 71.2
      },
      "geometry": {
        "type": "Polygon",
        "coordinates": [
          [
            [
              -97.70583958727875,
              30.24814094854873
            ],
            [
              -97.70447597267724,
              30.249660164930656
            ],
            [
              -97.70532126032883,
              30.251470595727994
            ],
            [
              -97.70753022430972,
              30.251761808388586
            ],
            [
              -97.70889384502723,
              30.250242566372776
            ],
            [
              -97.70804849564989,
              30.248432137330767
            ],
            [
              -97.70583958727875,
              30.24814094854873
            ],
            [
              -97.70583958727875,
              30.24814094854873
            ]
          ]
        ]
      }
    },
    {
      "type": "Feature",
      "properties": {
        "h3": "89489e354bbffff",
        "score": 75.9
      },
      "geometry": {
        "type": "Polygon",
        "coordinates": [
          [
            [
              -97.70532126032883,
              30.251470595727994
            ],
            [
              -97.7039576038867,
              30.25298977646898
            ],
            [
              -97.70480290530553,
              30.254800195501264
            ],
            [
              -97.70701192489855,
              30.255091432040064
            ],
            [
              -97.70837558745859,
              30.253572225667856
            ],
            [
              -97.70753022430972,
              30.251761808388586
            ],
            [
              -97.70532126032883,
              30.251470595727994
            ],
            [
              -97.70532126032883,
              30.251470595727994
            ]
          ]
        ]
      }
    },
    {
      "type": "Feature",
      "properties": {
        "h3": "89489e354abffff",
        "score": 71
      },
      "geometry": {
        "type": "Polygon",
        "coordinates": [
          [
            [
              -97.70480290530553,
              30.254800195501264
            ],
            [
              -97.70343920702047,
              30.256319340590363
            ],
            [
              -97.7042845222066,
              30.25812974784626
            ],
            [
              -97.7064935974142,
              30.258421008262882
            ],
            [
              -97.70785730181908,
              30.256901837545257
            ],
            [
              -97.70701192489855,
              30.255091432040064
            ],
            [
              -97.70480290530553,
              30.254800195501264
            ],
            [
              -97.70480290530553,
              30.254800195501264
            ]
          ]
        ]
      }
    },
    {
      "type": "Feature",
      "properties": {
        "h3": "89489e35433ffff",
        "score": 61.5
      },
      "geometry": {
        "type": "Polygon",
        "coordinates": [
          [
            [
              -97.7042845222066,
              30.25812974784626
            ],
            [
              -97.7029207820763,
              30.259648857272488
            ],
            [
              -97.70376611102986,
              30.261459252740664
            ],
            [
              -97.70597524185443,
              30.26175053703475
            ],
            [
              -97.70733898810647,
              30.260231401982686
            ],
            [
              -97.7064935974142,
              30.258421008262882
            ],
            [
              -97.7042845222066,
              30.25812974784626
            ],
            [
              -97.7042845222066,
              30.25812974784626
            ]
          ]
        ]
      }
    },
    {
      "type": "Feature",
      "properties": {
        "h3": "89489e35423ffff",
        "score": 58.1
      },
      "geometry": {
        "type": "Polygon",
        "coordinates": [
          [
            [
              -97.70376611102986,
              30.261459252740664
            ],
            [
              -97.702402329052,
              30.26297832649308
            ],
            [
              -97.7032476717731,
              30.264788710162215
            ],
            [
              -97.70545685821713,
              30.265080018333396
            ],
            [
              -97.7068206463186,
              30.263560918957833
            ],
            [
              -97.70597524185443,
              30.26175053703475
            ],
            [
              -97.70376611102986,
              30.261459252740664
            ],
            [
              -97.70376611102986,
              30.261459252740664
            ]
          ]
        ]
      }
    },
    {
      "type": "Feature",
      "properties": {
        "h3": "89489e3542fffff",
        "score": 64.1
      },
      "geometry": {
        "type": "Polygon",
        "coordinates": [
          [
            [
              -97.7032476717731,
              30.264788710162215
            ],
            [
              -97.7018838479454,
              30.266307748229856
            ],
            [
              -97.70272920443415,
              30.268118120088612
            ],
            [
              -97.70493844650002,
              30.268409452136503
            ],
            [
              -97.70630227645326,
              30.266890388448406
            ],
            [
              -97.70545685821713,
              30.265080018333396
            ],
            [
              -97.7032476717731,
              30.264788710162215
            ],
            [
              -97.7032476717731,
              30.264788710162215
            ]
          ]
        ]
      }
    },
    {
      "type": "Feature",
      "properties": {
        "h3": "89489e35097ffff",
        "score": 71.6
      },
      "geometry": {
        "type": "Polygon",
        "coordinates": [
          [
            [
              -97.70272920443415,
              30.268118120088612
            ],
            [
              -97.70136533875429,
              30.2696371224605
            ],
            [
              -97.7022107090108,
              30.271447482497557
            ],
            [
              -97.70442000670094,
              30.27173883842182
            ],
            [
              -97.70578387850824,
              30.270219810432124
            ],
            [
              -97.70493844650002,
              30.268409452136503
            ],
            [
              -97.70272920443415,
              30.268118120088612
            ],
            [
              -97.70272920443415,
              30.268118120088612
            ]
          ]
        ]
      }
    },
    {
      "type": "Feature",
      "properties": {
        "h3": "89489e35087ffff",
        "score": 70.8
      },
      "geometry": {
        "type": "Polygon",
        "coordinates": [
          [
            [
              -97.7022107090108,
              30.271447482497557
            ],
            [
              -97.70084680147646,
              30.27296644916274
            ],
            [
              -97.70169218550086,
              30.27477679736678
            ],
            [
              -97.70390153881768,
              30.275068177167018
            ],
            [
              -97.70526545248138,
              30.273549184886726
            ],
            [
              -97.70442000670094,
              30.27173883842182
            ],
            [
              -97.7022107090108,
              30.271447482497557
            ],
            [
              -97.7022107090108,
              30.271447482497557
            ]
          ]
        ]
      }
    },
    {
      "type": "Feature",
      "properties": {
        "h3": "89489e350bbffff",
        "score": 62.4
      },
      "geometry": {
        "type": "Polygon",
        "coordinates": [
          [
            [
              -97.70169218550086,
              30.27477679736678
            ],
            [
              -97.7003282361097,
              30.276295728314306
            ],
            [
              -97.70117363390213,
              30.278106064673988
            ],
            [
              -97.70338304284806,
              30.27839746834984
            ],
            [
              -97.70474699837044,
              30.27687851178989
            ],
            [
              -97.70390153881768,
              30.275068177167018
            ],
            [
              -97.70169218550086,
              30.27477679736678
            ],
            [
              -97.70169218550086,
              30.27477679736678
            ]
          ]
        ]
      }
    },
    {
      "type": "Feature",
      "properties": {
        "h3": "89489e350abffff",
        "score": 56.1
      },
      "geometry": {
        "type": "Polygon",
        "coordinates": [
          [
            [
              -97.70117363390213,
              30.278106064673988
            ],
            [
              -97.69980964265187,
              30.279624959892903
            ],
            [
              -97.70065505421239,
              30.281435284396892
            ],
            [
              -97.70286451878988,
              30.281726711947993
            ],
            [
              -97.70422851617326,
              30.280207791119345
            ],
            [
              -97.70338304284806,
              30.27839746834984
            ],
            [
              -97.70117363390213,
              30.278106064673988
            ],
            [
              -97.70117363390213,
              30.278106064673988
            ]
          ]
        ]
      }
    },
    {
      "type": "Feature",
      "properties": {
        "h3": "89489e35033ffff",
        "score": 59.4
      },
      "geometry": {
        "type": "Polygon",
        "coordinates": [
          [
            [
              -97.70065505421239,
              30.281435284396892
            ],
            [
              -97.69929102110073,
              30.282954143876232
            ],
            [
              -97.70013644642948,
              30.28476445651323
            ],
            [
              -97.70234596664092,
              30.285055907939203
            ],
            [
              -97.70371000588761,
              30.28353702285281
            ],
            [
              -97.70286451878988,
              30.281726711947993
            ],
            [
              -97.70065505421239,
              30.281435284396892
            ],
            [
              -97.70065505421239,
              30.281435284396892
            ]
          ]
        ]
      }
    },
    {
      "type": "Feature",
      "properties": {
        "h3": "89489e35037ffff",
        "score": 64.6
      },
      "geometry": {
        "type": "Polygon",
        "coordinates": [
          [
            [
              -97.70371000588761,
              30.28353702285281
            ],
            [
              -97.70234596664092,
              30.285055907939203
            ],
            [
              -97.7031914675113,
              30.286866206968003
            ],
            [
              -97.70540106939683,
              30.28715761917423
            ],
            [
              -97.70676511476962,
              30.285638708482615
            ],
            [
              -97.70591955213283,
              30.283828411190488
            ],
            [
              -97.70371000588761,
              30.28353702285281
            ],
            [
              -97.70371000588761,
              30.28353702285281
            ]
          ]
        ]
      }
    },
    {
      "type": "Feature",
      "properties": {
        "h3": "89489e351cbffff",
        "score": 77
      },
      "geometry": {
        "type": "Polygon",
        "coordinates": [
          [
            [
              -97.70676511476962,
              30.285638708482615
            ],
            [
              -97.70540106939683,
              30.28715761917423
            ],
            [
              -97.70624664581074,
              30.288967904581327
            ],
            [
              -97.70845632936326,
              30.289259277556138
            ],
            [
              -97.70982038085323,
              30.28774034126112
            ],
            [
              -97.70897474267554,
              30.285930057595202
            ],
            [
              -97.70676511476962,
              30.285638708482615
            ],
            [
              -97.70676511476962,
              30.285638708482615
            ]
          ]
        ]
      }
    },
    {
      "type": "Feature",
      "properties": {
        "h3": "89489e351cfffff",
        "score": 87.2
      },
      "geometry": {
        "type": "Polygon",
        "coordinates": [
          [
            [
              -97.70982038085323,
              30.28774034126112
            ],
            [
              -97.70845632936326,
              30.289259277556138
            ],
            [
              -97.70930198132251,
              30.291069549328018
            ],
            [
              -97.71151174653495,
              30.291360883059717
            ],
            [
              -97.71287580413315,
              30.289841921163152
            ],
            [
              -97.71203009041268,
              30.28803165113694
            ],
            [
              -97.70982038085323,
              30.28774034126112
            ],
            [
              -97.70982038085323,
              30.28774034126112
            ]
          ]
        ]
      }
    },
    {
      "type": "Feature",
      "properties": {
        "h3": "89489e3511bffff",
        "score": 86.5
      },
      "geometry": {
        "type": "Polygon",
        "coordinates": [
          [
            [
              -97.71287580413315,
              30.289841921163152
            ],
            [
              -97.71151174653495,
              30.291360883059717
            ],
            [
              -97.7123574740414,
              30.29317114118288
            ],
            [
              -97.71456732090667,
              30.293462435659823
            ],
            [
              -97.71593138460415,
              30.291943448163536
            ],
            [
              -97.71508559533912,
              30.29013319179053
            ],
            [
              -97.71287580413315,
              30.289841921163152
            ],
            [
              -97.71287580413315,
              30.289841921163152
            ]
          ]
        ]
      }
    },
    {
      "type": "Feature",
      "properties": {
        "h3": "89489e35103ffff",
        "score": 75.1
      },
      "geometry": {
        "type": "Polygon",
        "coordinates": [
          [
            [
              -97.71593138460415,
              30.291943448163536
            ],
            [
              -97.71456732090667,
              30.293462435659823
            ],
            [
              -97.71541312396215,
              30.29527268012075
            ],
            [
              -97.71762305247316,
              30.29556393533125
            ],
            [
              -97.718987122261,
              30.29404492223707
            ],
            [
              -97.71814125744952,
              30.292234679530804
            ],
            [
              -97.71593138460415,
              30.291943448163536
            ],
            [
              -97.71593138460415,
              30.291943448163536
            ]
          ]
        ]
      }
    },
    {
      "type": "Feature",
      "properties": {
        "h3": "89489e35107ffff",
        "score": 62.5
      },
      "geometry": {
        "type": "Polygon",
        "coordinates": [
          [
            [
              -97.718987122261,
              30.29404492223707
            ],
            [
              -97.71762305247316,
              30.29556393533125
            ],
            [
              -97.71846893107949,
              30.297374166116434
            ],
            [
              -97.72067894122915,
              30.29766538204881
            ],
            [
              -97.72204301709841,
              30.296146343358586
            ],
            [
              -97.72119707673865,
              30.294336114332552
            ],
            [
              -97.718987122261,
              30.29404492223707
            ],
            [
              -97.718987122261,
              30.29404492223707
            ]
          ]
        ]
      }
    },
    {
      "type": "Feature",
      "properties": {
        "h3": "89489e35133ffff",
        "score": 59.4
      },
      "geometry": {
        "type": "Polygon",
        "coordinates": [
          [
            [
              -97.72204301709841,
              30.296146343358586
            ],
            [
              -97.72067894122915,
              30.29766538204881
            ],
            [
              -97.72152489538821,
              30.299475599144753
            ],
            [
              -97.7237349871694,
              30.299766775787326
            ],
            [
              -97.72509906911114,
              30.298247711502906
            ],
            [
              -97.72425305320127,
              30.296437496170608
            ],
            [
              -97.72204301709841,
              30.296146343358586
            ],
            [
              -97.72204301709841,
              30.296146343358586
            ]
          ]
        ]
      }
    },
    {
      "type": "Feature",
      "properties": {
        "h3": "89489e35137ffff",
        "score": 67.4
      },
      "geometry": {
        "type": "Polygon",
        "coordinates": [
          [
            [
              -97.72509906911114,
              30.298247711502906
            ],
            [
              -97.7237349871694,
              30.299766775787326
            ],
            [
              -97.72458101688301,
              30.301576979180528
            ],
            [
              -97.72679119028864,
              30.30186811652165
            ],
            [
              -97.72815527829391,
              30.300349026644827
            ],
            [
              -97.7273091868321,
              30.298538825019783
            ],
            [
              -97.72509906911114,
              30.298247711502906
            ],
            [
              -97.72509906911114,
              30.298247711502906
            ]
          ]
        ]
      }
    },
    {
      "type": "Feature",
      "properties": {
        "h3": "89489e35ccbffff",
        "score": 78.7
      },
      "geometry": {
        "type": "Polygon",
        "coordinates": [
          [
            [
              -97.72815527829391,
              30.300349026644827
            ],
            [
              -97.72679119028864,
              30.30186811652165
            ],
            [
              -97.72763729555867,
              30.303678306198563
            ],
            [
              -97.72984755058161,
              30.303969404226535
            ],
            [
              -97.73121164464149,
              30.302450288759193
            ],
            [
              -97.73036547762587,
              30.300640100854917
            ],
            [
              -97.72815527829391,
              30.300349026644827
            ],
            [
              -97.72815527829391,
              30.300349026644827
            ]
          ]
        ]
      }
    },
    {
      "type": "Feature",
      "properties": {
        "h3": "89489e35ccfffff",
        "score": 83.7
      },
      "geometry": {
        "type": "Polygon",
        "coordinates": [
          [
            [
              -97.73121164464149,
              30.302450288759193
            ],
            [
              -97.72984755058161,
              30.303969404226535
            ],
            [
              -97.73069373140987,
              30.30577958017369
            ],
            [
              -97.73290406804306,
              30.306070638876854
            ],
            [
              -97.73426816814857,
              30.304551497820807
            ],
            [
              -97.73342192557732,
              30.3027413236508
            ],
            [
              -97.73121164464149,
              30.302450288759193
            ],
            [
              -97.73121164464149,
              30.302450288759193
            ]
          ]
        ]
      }
    },
    {
      "type": "Feature",
      "properties": {
        "h3": "89489e35c1bffff",
        "score": 79.5
      },
      "geometry": {
        "type": "Polygon",
        "coordinates": [
          [
            [
              -97.73426816814857,
              30.304551497820807
            ],
            [
              -97.73290406804306,
              30.306070638876854
            ],
            [
              -97.73375032443137,
              30.307880801080717
            ],
            [
              -97.73596074266766,
              30.30817182044739
            ],
            [
              -97.7373248488099,
              30.306652653804488
            ],
            [
              -97.73647853068118,
              30.30484249338227
            ],
            [
              -97.73426816814857,
              30.304551497820807
            ],
            [
              -97.73426816814857,
              30.304551497820807
            ]
          ]
        ]
      }
    },
    {
      "type": "Feature",
      "properties": {
        "h3": "89489e35c03ffff",
        "score": 71.8
      },
      "geometry": {
        "type": "Polygon",
        "coordinates": [
          [
            [
              -97.7373248488099,
              30.306652653804488
            ],
            [
              -97.73596074266766,
              30.30817182044739
            ],
            [
              -97.73680707461789,
              30.309981968894455
            ],
            [
              -97.73901757445019,
              30.310272948912985
            ],
            [
              -97.74038168662018,
              30.308753756685057
            ],
            [
              -97.73953529293216,
              30.306943610024124
            ],
            [
              -97.7373248488099,
              30.306652653804488
            ],
            [
              -97.7373248488099,
              30.306652653804488
            ]
          ]
        ]
      }
    },
    {
      "type": "Feature",
      "properties": {
        "h3": "89489e35c17ffff",
        "score": 74.9
      },
      "geometry": {
        "type": "Polygon",
        "coordinates": [
          [
            [
              -97.74089936321607,
              30.305424382021776
            ],
            [
              -97.73953529293216,
              30.306943610024124
            ],
            [
              -97.74038168662018,
              30.308753756685057
            ],
            [
              -97.742592212325,
              30.309044673551192
            ],
            [
              -97.74395628862581,
              30.307525419962978
            ],
            [
              -97.74310983320693,
              30.305715275094993
            ],
            [
              -97.74089936321607,
              30.305424382021776
            ],
            [
              -97.74089936321607,
              30.305424382021776
            ]
          ]
        ]
      }
    },
    {
      "type": "Feature",
      "properties": {
        "h3": "89489e35cbbffff",
        "score": 84
      },
      "geometry": {
        "type": "Polygon",
        "coordinates": [
          [
            [
              -97.74447386762209,
              30.30419598574066
            ],
            [
              -97.74310983320693,
              30.305715275094993
            ],
            [
              -97.74395628862581,
              30.307525419962978
            ],
            [
              -97.74616684018577,
              30.30781627367738
            ],
            [
              -97.74753088060699,
              30.306296958736322
            ],
            [
              -97.74668436346421,
              30.304486815668096
            ],
            [
              -97.74447386762209,
              30.30419598574066
            ],
            [
              -97.74447386762209,
              30.30419598574066
            ]
          ]
        ]
      }
    },
    {
      "type": "Feature",
      "properties": {
        "h3": "89489e35cb3ffff",
        "score": 86.4
      },
      "geometry": {
        "type": "Polygon",
        "coordinates": [
          [
            [
              -97.74804836200018,
              30.302967464969203
            ],
            [
              -97.74668436346421,
              30.304486815668096
            ],
            [
              -97.74753088060699,
              30.306296958736322
            ],
            [
              -97.74974145800473,
              30.3065877492996
            ],
            [
              -97.75110546253593,
              30.30506837301317
            ],
            [
              -97.75025888367618,
              30.30325823175149
            ],
            [
              -97.74804836200018,
              30.302967464969203
            ],
            [
              -97.74804836200018,
              30.302967464969203
            ]
          ]
        ]
      }
    },
    {
      "type": "Feature",
      "properties": {
        "h3": "89489e3434fffff",
        "score": 76.9
      },
      "geometry": {
        "type": "Polygon",
        "coordinates": [
          [
            [
              -97.75162284632256,
              30.301738819715478
            ],
            [
              -97.75025888367618,
              30.30325823175149
            ],
            [
              -97.75110546253593,
              30.30506837301317
            ],
            [
              -97.75331606575412,
              30.305359100425964
            ],
            [
              -97.75468003438488,
              30.303839662801572
            ],
            [
              -97.75383339381509,
              30.302029523353255
            ],
            [
              -97.75162284632256,
              30.301738819715478
            ],
            [
              -97.75162284632256,
              30.301738819715478
            ]
          ]
        ]
      }
    },
    {
      "type": "Feature",
      "properties": {
        "h3": "89489e34347ffff",
        "score": 65.2
      },
      "geometry": {
        "type": "Polygon",
        "coordinates": [
          [
            [
              -97.75519732056145,
              30.300510049987565
            ],
            [
              -97.75383339381509,
              30.302029523353255
            ],
            [
              -97.75468003438488,
              30.303839662801572
            ],
            [
              -97.75689066340612,
              30.304130327064538
            ],
            [
              -97.758254596126,
              30.30261082810962
            ],
            [
              -97.75740789385316,
              30.30080069048148
            ],
            [
              -97.75519732056145,
              30.300510049987565
            ],
            [
              -97.75519732056145,
              30.300510049987565
            ]
          ]
        ]
      }
    },
    {
      "type": "Feature",
      "properties": {
        "h3": "89489e3430bffff",
        "score": 63.4
      },
      "geometry": {
        "type": "Polygon",
        "coordinates": [
          [
            [
              -97.75877178468906,
              30.29928115579356
            ],
            [
              -97.75740789385316,
              30.30080069048148
            ],
            [
              -97.758254596126,
              30.30261082810962
            ],
            [
              -97.76046525093295,
              30.302901429223404
            ],
            [
              -97.76182914773156,
              30.301381868945434
            ],
            [
              -97.76098238376257,
              30.299571733144255
            ],
            [
              -97.75877178468906,
              30.29928115579356
            ],
            [
              -97.75877178468906,
              30.29928115579356
            ]
          ]
        ]
      }
    },
    {
      "type": "Feature",
      "properties": {
        "h3": "89489e34303ffff",
        "score": 70
      },
      "geometry": {
        "type": "Polygon",
        "coordinates": [
          [
            [
              -97.76234623867762,
              30.298052137141553
            ],
            [
              -97.76098238376257,
              30.299571733144255
            ],
            [
              -97.76182914773156,
              30.301381868945434
            ],
            [
              -97.76403982830686,
              30.30167240691063
            ],
            [
              -97.76540368917377,
              30.300152785317056
            ],
            [
              -97.76455686351557,
              30.298342651349657
            ],
            [
              -97.76234623867762,
              30.298052137141553
            ],
            [
              -97.76234623867762,
              30.298052137141553
            ]
          ]
        ]
      }
    },
    {
      "type": "Feature",
      "properties": {
        "h3": "89489e34317ffff",
        "score": 72.8
      },
      "geometry": {
        "type": "Polygon",
        "coordinates": [
          [
            [
              -97.76592068249934,
              30.296822994039616
            ],
            [
              -97.76455686351557,
              30.298342651349657
            ],
            [
              -97.76540368917377,
              30.300152785317056
            ],
            [
              -97.76761439550002,
              30.300443260134344
            ],
            [
              -97.7689782204248,
              30.29892357723261
            ],
            [
              -97.76813133308437,
              30.297113445105786
            ],
            [
              -97.76592068249934,
              30.296822994039616
            ],
            [
              -97.76592068249934,
              30.296822994039616
            ]
          ]
        ]
      }
    },
    {
      "type": "Feature",
      "properties": {
        "h3": "89489e343bbffff",
        "score": 66
      },
      "geometry": {
        "type": "Polygon",
        "coordinates": [
          [
            [
              -97.76949511612645,
              30.295593726495866
            ],
            [
              -97.76813133308437,
              30.297113445105786
            ],
            [
              -97.7689782204248,
              30.29892357723261
            ],
            [
              -97.77118895248469,
              30.299213988902633
            ],
            [
              -97.77255274145695,
              30.297694244700175
            ],
            [
              -97.77170579244118,
              30.295884114420748
            ],
            [
              -97.76949511612645,
              30.295593726495866
            ],
            [
              -97.76949511612645,
              30.295593726495866
            ]
          ]
        ]
      }
    },
    {
      "type": "Feature",
      "properties": {
        "h3": "89489e343b3ffff",
        "score": 58.5
      },
      "geometry": {
        "type": "Polygon",
        "coordinates": [
          [
            [
              -97.77306953953119,
              30.294364334518402
            ],
            [
              -97.77170579244118,
              30.295884114420748
            ],
            [
              -97.77255274145695,
              30.297694244700175
            ],
            [
              -97.77476349923307,
              30.297984593223592
            ],
            [
              -97.77612725224235,
              30.296464787727874
            ],
            [
              -97.77528024155825,
              30.294654659302644
            ],
            [
              -97.77306953953119,
              30.294364334518402
            ],
            [
              -97.77306953953119,
              30.294364334518402
            ]
          ]
        ]
      }
    },
    {
      "type": "Feature",
      "properties": {
        "h3": "89489e3414fffff",
        "score": 61.5
      },
      "geometry": {
        "type": "Polygon",
        "coordinates": [
          [
            [
              -97.77664395268573,
              30.293134818115334
            ],
            [
              -97.77528024155825,
              30.294654659302644
            ],
            [
              -97.77612725224235,
              30.296464787727874
            ],
            [
              -97.77833803571735,
              30.296755073105327
            ],
            [
              -97.77970175275327,
              30.295235206323817
            ],
            [
              -97.7788546804078,
              30.293425079759576
            ],
            [
              -97.77664395268573,
              30.293134818115334
            ],
            [
              -97.77664395268573,
              30.293134818115334
            ]
          ]
        ]
      }
    },
    {
      "type": "Feature",
      "properties": {
        "h3": "89489e34147ffff",
        "score": 72.9
      },
      "geometry": {
        "type": "Polygon",
        "coordinates": [
          [
            [
              -97.78021835556231,
              30.291905177294748
            ],
            [
              -97.7788546804078,
              30.293425079759576
            ],
            [
              -97.77970175275327,
              30.295235206323817
            ],
            [
              -97.78191256190979,
              30.29552542855595
            ],
            [
              -97.78327624296196,
              30.29400550049609
            ],
            [
              -97.78242910896199,
              30.292195375799647
            ],
            [
              -97.78021835556231,
              30.291905177294748
            ],
            [
              -97.78021835556231,
              30.291905177294748
            ]
          ]
        ]
      }
    },
    {
      "type": "Feature",
      "properties": {
        "h3": "89489e34157ffff",
        "score": 81.9
      },
      "geometry": {
        "type": "Polygon",
        "coordinates": [
          [
            [
              -97.78073493036563,
              30.288575100645872
            ],
            [
              -97.77937129709021,
              30.29009503878306
            ],
            [
              -97.78021835556231,
              30.291905177294748
            ],
            [
              -97.78242910896199,
              30.292195375799647
            ],
            [
              -97.78379274813317,
              30.29067541206478
            ],
            [
              -97.78294562801094,
              30.288865275423202
            ],
            [
              -97.78073493036563,
              30.288575100645872
            ],
            [
              -97.78073493036563,
              30.288575100645872
            ]
          ]
        ]
      }
    },
    {
      "type": "Feature",
      "properties": {
        "h3": "89489e341cfffff",
        "score": 81.5
      },
      "geometry": {
        "type": "Polygon",
        "coordinates": [
          [
            [
              -97.78125147716544,
              30.285244976399497
            ],
            [
              -97.7798878857668,
              30.286764950198076
            ],
            [
              -97.78073493036563,
              30.288575100645872
            ],
            [
              -97.78294562801094,
              30.288865275423202
            ],
            [
              -97.78430922530345,
              30.28734527602425
            ],
            [
              -97.78346211905881,
              30.28553512744887
            ],
            [
              -97.78125147716544,
              30.285244976399497
            ],
            [
              -97.78125147716544,
              30.285244976399497
            ]
          ]
        ]
      }
    },
    {
      "type": "Feature",
      "properties": {
        "h3": "89489e341c3ffff",
        "score": 74.2
      },
      "geometry": {
        "type": "Polygon",
        "coordinates": [
          [
            [
              -97.78176799596395,
              30.281914804577895
            ],
            [
              -97.78040444643977,
              30.283434814026897
            ],
            [
              -97.78125147716544,
              30.285244976399497
            ],
            [
              -97.78346211905881,
              30.28553512744887
            ],
            [
              -97.78482567447497,
              30.28401509239682
            ],
            [
              -97.7839785821078,
              30.282204931898946
            ],
            [
              -97.78176799596395,
              30.281914804577895
            ],
            [
              -97.78176799596395,
              30.281914804577895
            ]
          ]
        ]
      }
    },
    {
      "type": "Feature",
      "properties": {
        "h3": "89489e341d3ffff",
        "score": 70.6
      },
      "geometry": {
        "type": "Polygon",
        "coordinates": [
          [
            [
              -97.78228448676332,
              30.27858458520337
            ],
            [
              -97.78092097911129,
              30.280104630291834
            ],
            [
              -97.78176799596395,
              30.281914804577895
            ],
            [
              -97.7839785821078,
              30.282204931898946
            ],
            [
              -97.78534209564994,
              30.280684861204765
            ],
            [
              -97.78449501716011,
              30.27887468879575
            ],
            [
              -97.78228448676332,
              30.27858458520337
            ],
            [
              -97.78228448676332,
              30.27858458520337
            ]
          ]
        ]
      }
    },
    {
      "type": "Feature",
      "properties": {
        "h3": "89489e3456bffff",
        "score": 76.3
      },
      "geometry": {
        "type": "Polygon",
        "coordinates": [
          [
            [
              -97.78280094956575,
              30.27525431829822
            ],
            [
              -97.78143748378358,
              30.27677439901519
            ],
            [
              -97.78228448676332,
              30.27858458520337
            ],
            [
              -97.78449501716011,
              30.27887468879575
            ],
            [
              -97.7858584888305,
              30.277354582470384
            ],
            [
              -97.78501142421793,
              30.275544398161554
            ],
            [
              -97.78280094956575,
              30.27525431829822
            ],
            [
              -97.78280094956575,
              30.27525431829822
            ]
          ]
        ]
      }
    },
    {
      "type": "Feature",
      "properties": {
        "h3": "89489e3457bffff",
        "score": 85.3
      },
      "geometry": {
        "type": "Polygon",
        "coordinates": [
          [
            [
              -97.78331738437346,
              30.27192400388474
            ],
            [
              -97.7819539604588,
              30.273444120219235
            ],
            [
              -97.78280094956575,
              30.27525431829822
            ],
            [
              -97.78501142421793,
              30.275544398161554
            ],
            [
              -97.78637485401892,
              30.274024256215995
            ],
            [
              -97.78552780328344,
              30.272214060018683
            ],
            [
              -97.78331738437346,
              30.27192400388474
            ],
            [
              -97.78331738437346,
              30.27192400388474
            ]
          ]
        ]
      }
    },
    {
      "type": "Feature",
      "properties": {
        "h3": "89489e34547ffff",
        "score": 86.9
      },
      "geometry": {
        "type": "Polygon",
        "coordinates": [
          [
            [
              -97.78383379118863,
              30.26859364198524
            ],
            [
              -97.78247040913918,
              30.270113793926285
            ],
            [
              -97.78331738437346,
              30.27192400388474
            ],
            [
              -97.78552780328344,
              30.272214060018683
            ],
            [
              -97.78689119121735,
              30.27069388246387
            ],
            [
              -97.78604415435885,
              30.2688836743894
            ],
            [
              -97.78383379118863,
              30.26859364198524
            ],
            [
              -97.78383379118863,
              30.26859364198524
            ]
          ]
        ]
      }
    },
    {
      "type": "Feature",
      "properties": {
        "h3": "89489e34557ffff",
        "score": 79.1
      },
      "geometry": {
        "type": "Polygon",
        "coordinates": [
          [
            [
              -97.78435017001344,
              30.265263232622
            ],
            [
              -97.78298682982688,
              30.266783420158653
            ],
            [
              -97.78383379118863,
              30.26859364198524
            ],
            [
              -97.78604415435885,
              30.2688836743894
            ],
            [
              -97.78740750042796,
              30.267363461236336
            ],
            [
              -97.78656047744634,
              30.265553241296047
            ],
            [
              -97.78435017001344,
              30.265263232622
            ],
            [
              -97.78435017001344,
              30.265263232622
            ]
          ]
        ]
      }
    },
    {
      "type": "Feature",
      "properties": {
        "h3": "89489e345cfffff",
        "score": 70.7
      },
      "geometry": {
        "type": "Polygon",
        "coordinates": [
          [
            [
              -97.78486652085006,
              30.261932775817353
            ],
            [
              -97.7835032225241,
              30.263452998938615
            ],
            [
              -97.78435017001344,
              30.265263232622
            ],
            [
              -97.78656047744634,
              30.265553241296047
            ],
            [
              -97.78792378165298,
              30.264032992555663
            ],
            [
              -97.78707677254808,
              30.262222760760896
            ],
            [
              -97.78486652085006,
              30.261932775817353
            ],
            [
              -97.78486652085006,
              30.261932775817353
            ]
          ]
        ]
      }
    },
    {
      "type": "Feature",
      "properties": {
        "h3": "89489e345c3ffff",
        "score": 70.8
      },
      "geometry": {
        "type": "Polygon",
        "coordinates": [
          [
            [
              -97.78538284370076,
              30.258602271593592
            ],
            [
              -97.78401958723305,
              30.260122530288502
            ],
            [
              -97.78486652085006,
              30.261932775817353
            ],
            [
              -97.78707677254808,
              30.262222760760896
            ],
            [
              -97.78844003489459,
              30.260702476444205
            ],
            [
              -97.7875930396663,
              30.258892232806268
            ],
            [
              -97.78538284370076,
              30.258602271593592
            ],
            [
              -97.78538284370076,
              30.258602271593592
            ]
          ]
        ]
      }
    },
    {
      "type": "Feature",
      "properties": {
        "h3": "89489e345d3ffff",
        "score": 77.7
      },
      "geometry": {
        "type": "Polygon",
        "coordinates": [
          [
            [
              -97.78589913856763,
              30.25527171997301
            ],
            [
              -97.7845359239559,
              30.2567920142306
            ],
            [
              -97.78538284370076,
              30.258602271593592
            ],
            [
              -97.7875930396663,
              30.258892232806268
            ],
            [
              -97.78895626015498,
              30.257371912924224
            ],
            [
              -97.78810927880318,
              30.255561657454475
            ],
            [
              -97.78589913856763,
              30.25527171997301
            ],
            [
              -97.78589913856763,
              30.25527171997301
            ]
          ]
        ]
      }
    },
    {
      "type": "Feature",
      "properties": {
        "h3": "89489e3636bffff",
        "score": 81.1
      },
      "geometry": {
        "type": "Polygon",
        "coordinates": [
          [
            [
              -97.78641540545294,
              30.251941120977936
            ],
            [
              -97.78505223269484,
              30.253461450787213
            ],
            [
              -97.78589913856763,
              30.25527171997301
            ],
            [
              -97.78810927880318,
              30.255561657454475
            ],
            [
              -97.78947245743635,
              30.25404130201805
            ],
            [
              -97.78862548996094,
              30.25223103472782
            ],
            [
              -97.78641540545294,
              30.251941120977936
            ],
            [
              -97.78641540545294,
              30.251941120977936
            ]
          ]
        ]
      }
    },
    {
      "type": "Feature",
      "properties": {
        "h3": "89489e344b7ffff",
        "score": 84.6
      },
      "geometry": {
        "type": "Polygon",
        "coordinates": [
          [
            [
              -97.78335851029631,
              30.249840886901154
            ],
            [
              -97.7819953434222,
              30.251361191081454
            ],
            [
              -97.78284217381783,
              30.253171473969754
            ],
            [
              -97.78505223269484,
              30.253461450787213
            ],
            [
              -97.78641540545294,
              30.251941120977936
            ],
            [
              -97.78556851345208,
              30.250130839980677
            ],
            [
              -97.78335851029631,
              30.249840886901154
            ],
            [
              -97.78335851029631,
              30.249840886901154
            ]
          ]
        ]
      }
    },
    {
      "type": "Feature",
      "properties": {
        "h3": "89489e344b3ffff",
        "score": 76.4
      },
      "geometry": {
        "type": "Polygon",
        "coordinates": [
          [
            [
              -97.78030177197178,
              30.24774059981284
            ],
            [
              -97.77893861099061,
              30.249260878362318
            ],
            [
              -97.77978536591085,
              30.25107117493964
            ],
            [
              -97.7819953434222,
              30.251361191081454
            ],
            [
              -97.78335851029631,
              30.249840886901154
            ],
            [
              -97.78251169376819,
              30.24803059221039
            ],
            [
              -97.78030177197178,
              30.24774059981284
            ],
            [
              -97.78030177197178,
              30.24774059981284
            ]
          ]
        ]
      }
    },
    {
      "type": "Feature",
      "properties": {
        "h3": "89489e34487ffff",
        "score": 63.6
      },
      "geometry": {
        "type": "Polygon",
        "coordinates": [
          [
            [
              -97.77724519048469,
              30.245640259738224
            ],
            [
              -97.77588203540539,
              30.24716051265499
            ],
            [
              -97.7767287148521,
              30.24897082290782
            ],
            [
              -97.77893861099061,
              30.249260878362318
            ],
            [
              -97.78030177197178,
              30.24774059981284
            ],
            [
              -97.77945503091458,
              30.245930291442104
            ],
            [
              -97.77724519048469,
              30.245640259738224
            ],
            [
              -97.77724519048469,
              30.245640259738224
            ]
          ]
        ]
      }
    },
    {
      "type": "Feature",
      "properties": {
        "h3": "89489e34483ffff",
        "score": 57.6
      },
      "geometry": {
        "type": "Polygon",
        "coordinates": [
          [
            [
              -97.77418876584034,
              30.243539866702424
            ],
            [
              -97.7728256166719,
              30.24506009398466
            ],
            [
              -97.77367222064684,
              30.24687041789947
            ],
            [
              -97.77588203540539,
              30.24716051265499
            ],
            [
              -97.77724519048469,
              30.245640259738224
            ],
            [
              -97.7763985248966,
              30.243829937700987
            ],
            [
              -97.77418876584034,
              30.243539866702424
            ],
            [
              -97.77418876584034,
              30.243539866702424
            ]
          ]
        ]
      }
    },
    {
      "type": "Feature",
      "properties": {
        "h3": "89489e3449bffff",
        "score": 63.6
      },
      "geometry": {
        "type": "Polygon",
        "coordinates": [
          [
            [
              -97.77113249804405,
              30.24143942073063
            ],
            [
              -97.7697693547954,
              30.24295962237646
            ],
            [
              -97.77061588330042,
              30.244769959939763
            ],
            [
              -97.7728256166719,
              30.24506009398466
            ],
            [
              -97.77418876584034,
              30.243539866702424
            ],
            [
              -97.77334217571956,
              30.241729531012222
            ],
            [
              -97.77113249804405,
              30.24143942073063
            ],
            [
              -97.77113249804405,
              30.24143942073063
            ]
          ]
        ]
      }
    },
    {
      "type": "Feature",
      "properties": {
        "h3": "89489e3626fffff",
        "score": 76.4
      },
      "geometry": {
        "type": "Polygon",
        "coordinates": [
          [
            [
              -97.7680763871012,
              30.239338921848002
            ],
            [
              -97.76671324978126,
              30.24085909785558
            ],
            [
              -97.76755970281816,
              30.242669449053874
            ],
            [
              -97.7697693547954,
              30.24295962237646
            ],
            [
              -97.77113249804405,
              30.24143942073063
            ],
            [
              -97.77028598338879,
              30.239629071400973
            ],
            [
              -97.7680763871012,
              30.239338921848002
            ],
            [
              -97.7680763871012,
              30.239338921848002
            ]
          ]
        ]
      }
    },
    {
      "type": "Feature",
      "properties": {
        "h3": "89489e3626bffff",
        "score": 85.3
      },
      "geometry": {
        "type": "Polygon",
        "coordinates": [
          [
            [
              -97.76502043301701,
              30.237238370079712
            ],
            [
              -97.76365730163475,
              30.238758520447213
            ],
            [
              -97.76450367920535,
              30.240568885266946
            ],
            [
              -97.76671324978126,
              30.24085909785558
            ],
            [
              -97.7680763871012,
              30.239338921848002
            ],
            [
              -97.76722994790958,
              30.237528558892386
            ],
            [
              -97.76502043301701,
              30.237238370079712
            ],
            [
              -97.76502043301701,
              30.237238370079712
            ]
          ]
        ]
      }
    },
    {
      "type": "Feature",
      "properties": {
        "h3": "89489e371b7ffff",
        "score": 84.4
      },
      "geometry": {
        "type": "Polygon",
        "coordinates": [
          [
            [
              -97.76196463579689,
              30.235137765450922
            ],
            [
              -97.76060151036123,
              30.23665789017649
            ],
            [
              -97.76144781246734,
              30.238468268604187
            ],
            [
              -97.76365730163475,
              30.238758520447213
            ],
            [
              -97.76502043301701,
              30.237238370079712
            ],
            [
              -97.7641740692873,
              30.235427993511646
            ],
            [
              -97.76196463579689,
              30.235137765450922
            ],
            [
              -97.76196463579689,
              30.235137765450922
            ]
          ]
        ]
      }
    },
    {
      "type": "Feature",
      "properties": {
        "h3": "89489e371b3ffff",
        "score": 76.9
      },
      "geometry": {
        "type": "Polygon",
        "coordinates": [
          [
            [
              -97.75890899544605,
              30.233037107986828
            ],
            [
              -97.75754587596595,
              30.23455720706858
            ],
            [
              -97.7583921026094,
              30.236367599090734
            ],
            [
              -97.76060151036123,
              30.23665789017649
            ],
            [
              -97.76196463579689,
              30.235137765450922
            ],
            [
              -97.7611183475272,
              30.233327375283928
            ],
            [
              -97.75890899544605,
              30.233037107986828
            ],
            [
              -97.75890899544605,
              30.233037107986828
            ]
          ]
        ]
      }
    },
    {
      "type": "Feature",
      "properties": {
        "h3": "89489e37187ffff",
        "score": 70.8
      },
      "geometry": {
        "type": "Polygon",
        "coordinates": [
          [
            [
              -97.75585351196986,
              30.230936397712572
            ],
            [
              -97.75449039845424,
              30.232456471148677
            ],
            [
              -97.75533654963687,
              30.234266876751754
            ],
            [
              -97.75754587596595,
              30.23455720706858
            ],
            [
              -97.75890899544605,
              30.233037107986828
            ],
            [
              -97.75806278263461,
              30.231226704234402
            ],
            [
              -97.75585351196986,
              30.230936397712572
            ],
            [
              -97.75585351196986,
              30.230936397712572
            ]
          ]
        ]
      }
    },
    {
      "type": "Feature",
      "properties": {
        "h3": "89489e37183ffff",
        "score": 70.3
      },
      "geometry": {
        "type": "Polygon",
        "coordinates": [
          [
            [
              -97.75279818537359,
              30.228835634653315
            ],
            [
              -97.75143507783139,
              30.230355682441925
            ],
            [
              -97.75228115355497,
              30.232166101612428
            ],
            [
              -97.75449039845424,
              30.232456471148677
            ],
            [
              -97.75585351196986,
              30.230936397712572
            ],
            [
              -97.7550073746148,
              30.229125980388215
            ],
            [
              -97.75279818537359,
              30.228835634653315
            ],
            [
              -97.75279818537359,
              30.228835634653315
            ]
          ]
        ]
      }
    },
    {
      "type": "Feature",
      "properties": {
        "h3": "89489e3719bffff",
        "score": 72.4
      },
      "geometry": {
        "type": "Polygon",
        "coordinates": [
          [
            [
              -97.74974301566252,
              30.226734818834238
            ],
            [
              -97.7483799141027,
              30.228254840973513
            ],
            [
              -97.74922591436906,
              30.23006527369794
            ],
            [
              -97.75143507783139,
              30.230355682441925
            ],
            [
              -97.75279818537359,
              30.228835634653315
            ],
            [
              -97.75195212347313,
              30.227025203770562
            ],
            [
              -97.74974301566252,
              30.226734818834238
            ],
            [
              -97.74974301566252,
              30.226734818834238
            ]
          ]
        ]
      }
    }
  ]
}